ID_Detail,ID_Intervention,ID_Geo,ID_Materiel,Mode_Saisie,Quantite,Quantite_Cumulee,Quantite_Nette_Calculee,Date,Filtre_Geo_1,ID_Localite,Localite,Tache,Designation,Anomalie_Signalee
f1799061,2d473a19,,e221b25e,➕ Saisie du jour,160.0,,160.0,2026-04-06,ATACORA,ATA_Nat_01,Kotopounga,P2AE_Fouille_BT,Fouille réseau basse tension,
dd8d3053,da8f88c5,,e221b25e,➕ Saisie du jour,105.0,,105.0,2026-04-06,ATACORA,ATA_Nat_02,Winkè,P2AE_Fouille_BT,Fouille réseau basse tension,
5ce80d1d,1b267324,,e221b25e,➕ Saisie du jour,166.0,,166.0,2026-04-06,ATACORA,ATA_Nat_04,Kantaborifa,P2AE_Fouille_BT,Fouille réseau basse tension,
caf34cee,7a28e6ce,,e221b25e,➕ Saisie du jour,197.0,,197.0,2026-04-06,ATACORA,ATA_Nat_05,Ouroubouga,P2AE_Fouille_BT,Fouille réseau basse tension,
2ef320cf,083dfacd,,e221b25e,➕ Saisie du jour,57.0,,57.0,2026-04-06,ATACORA,ATA_Nat_07,Boriyouré,P2AE_Fouille_BT,Fouille réseau basse tension,
1f349071,50277a1e,,2ec17c4d,➕ Saisie du jour,81.0,,81.0,2026-04-07,ATACORA,ATA_Nat_01,Kotopounga,P2AE_PBA_BT,PBA 9A200,
d362b7e0,3ebb20a6,,9c6af0a4,➕ Saisie du jour,0.0,,0.0,2026-04-07,ATACORA,ATA_Nat_01,Kotopounga,P2AE_PBA_BT,PBA 9C650,
462d1b5e,3ebb20a6,,215ac167,➕ Saisie du jour,60.0,,60.0,2026-04-07,ATACORA,ATA_Nat_01,Kotopounga,P2AE_PBA_BT,PBA 9A650,
2108b435,14e49a73,,8e6b4946,➕ Saisie du jour,2400.0,,2400.0,2026-04-07,ATACORA,ATA_Nat_13,Sountchirantikou,P2AE_Cable_BT,PRC 50mm²,
5bb30124,242b039f,,e221b25e,➕ Saisie du jour,60.0,,60.0,2026-04-07,ATACORA,ATA_Nat_13,Sountchirantikou,P2AE_Fouille_BT,Fouille réseau basse tension,
47b23c1e,775ffb39,,8e6b4946,➕ Saisie du jour,2980.0,,2980.0,2026-04-07,ATACORA,ATA_Nat_02,Winkè,P2AE_Cable_BT,PRC 50mm²,
151f95db,775ffb39,,59dc5a38,➕ Saisie du jour,961.0,,961.0,2026-04-07,ATACORA,ATA_Nat_02,Winkè,P2AE_Cable_BT,PRC 70mm²,
11cc3180,7f4df07d,,2ec17c4d,➕ Saisie du jour,21.0,,21.0,2026-04-07,ATACORA,ATA_Nat_07,Boriyouré,P2AE_PBA_BT,PBA 9A200,
1ee732de,7f4df07d,,215ac167,➕ Saisie du jour,12.0,,12.0,2026-04-07,ATACORA,ATA_Nat_07,Boriyouré,P2AE_PBA_BT,PBA 9A650,
498ab0ec,7f4df07d,,9c6af0a4,➕ Saisie du jour,1.0,,1.0,2026-04-07,ATACORA,ATA_Nat_07,Boriyouré,P2AE_PBA_BT,PBA 9C650,
59248c25,e8f8e8a2,,2ec17c4d,➕ Saisie du jour,279.0,,279.0,2026-04-07,ATACORA,ATA_Nat_03,Yimporima,P2AE_PBA_BT,PBA 9A200,
bf9631e2,e8f8e8a2,,215ac167,➕ Saisie du jour,197.0,,197.0,2026-04-07,ATACORA,ATA_Nat_03,Yimporima,P2AE_PBA_BT,PBA 9A650,
492d147d,e8f8e8a2,,9c6af0a4,➕ Saisie du jour,22.0,,22.0,2026-04-07,ATACORA,ATA_Nat_03,Yimporima,P2AE_PBA_BT,PBA 9C650,
e604de7e,e8f8e8a2,,29ef61f5,➕ Saisie du jour,4.0,,4.0,2026-04-07,ATACORA,ATA_Nat_03,Yimporima,P2AE_PBA_BT,PBA 11C650,1.0
ec0633c0,953b194a,,8e6b4946,➕ Saisie du jour,1235.0,,1235.0,2026-04-07,ATACORA,ATA_Nat_03,Yimporima,P2AE_Cable_BT,PRC 50mm²,
5b196855,c90501d2,,2ec17c4d,➕ Saisie du jour,15.0,,15.0,2026-04-07,ATACORA,ATA_Nat_09,Dassakaté,P2AE_PBA_BT,PBA 9A200,
e79ed039,c90501d2,,9c6af0a4,➕ Saisie du jour,2.0,,2.0,2026-04-07,ATACORA,ATA_Nat_09,Dassakaté,P2AE_PBA_BT,PBA 9C650,
916216d5,c90501d2,,e221b25e,➕ Saisie du jour,49.0,,49.0,2026-04-07,ATACORA,ATA_Nat_09,Dassakaté,P2AE_Fouille_BT,Fouille réseau basse tension,
4497719f,c90501d2,,215ac167,➕ Saisie du jour,27.0,,27.0,2026-04-07,ATACORA,ATA_Nat_09,Dassakaté,P2AE_PBA_BT,PBA 9A650,
0e22cd7b,4425246e,,9c6af0a4,➕ Saisie du jour,4.0,,4.0,2026-04-08,ATACORA,ATA_Nat_04,Kantaborifa,P2AE_PBA_BT,PBA 9C650,
aed836f8,4425246e,,215ac167,➕ Saisie du jour,55.0,,55.0,2026-04-08,ATACORA,ATA_Nat_04,Kantaborifa,P2AE_PBA_BT,PBA 9A650,
de1694dd,4425246e,,2ec17c4d,➕ Saisie du jour,75.0,,75.0,2026-04-08,ATACORA,ATA_Nat_04,Kantaborifa,P2AE_PBA_BT,PBA 9A200,
e20f70cf,1b68479e,,29ef61f5,➕ Saisie du jour,2.0,,2.0,2026-04-08,ATACORA,ATA_Nat_12,Kantchagoutamou,P2AE_PBA_BT,PBA 11C650,1.0
59a395cd,1b68479e,,215ac167,➕ Saisie du jour,14.0,,14.0,2026-04-08,ATACORA,ATA_Nat_12,Kantchagoutamou,P2AE_PBA_BT,PBA 9A650,
4d57d4e9,1b68479e,,9c6af0a4,➕ Saisie du jour,2.0,,2.0,2026-04-08,ATACORA,ATA_Nat_12,Kantchagoutamou,P2AE_PBA_BT,PBA 9C650,
0c610c48,1b68479e,,e221b25e,➕ Saisie du jour,31.0,,31.0,2026-04-08,ATACORA,ATA_Nat_12,Kantchagoutamou,P2AE_Fouille_BT,Fouille réseau basse tension,
f489f7ca,1b68479e,,2ec17c4d,➕ Saisie du jour,8.0,,8.0,2026-04-08,ATACORA,ATA_Nat_12,Kantchagoutamou,P2AE_PBA_BT,PBA 9A200,
ba34021b,cb85ea8c,,e221b25e,➕ Saisie du jour,203.0,,203.0,2026-04-08,ATACORA,ATA_Nat_08,Ouroubonna,P2AE_Fouille_BT,Fouille réseau basse tension,
f778730c,cb85ea8c,,215ac167,➕ Saisie du jour,81.0,,81.0,2026-04-08,ATACORA,ATA_Nat_08,Ouroubonna,P2AE_PBA_BT,PBA 9A650,
cb2e6d3f,cb85ea8c,,2ec17c4d,➕ Saisie du jour,97.0,,97.0,2026-04-08,ATACORA,ATA_Nat_08,Ouroubonna,P2AE_PBA_BT,PBA 9A200,
3b3ac459,cb85ea8c,,59dc5a38,➕ Saisie du jour,1288.0,,1288.0,2026-04-08,ATACORA,ATA_Nat_08,Ouroubonna,P2AE_Cable_BT,PRC 70mm²,
fd98ff23,cb85ea8c,,9c6af0a4,➕ Saisie du jour,23.0,,23.0,2026-04-08,ATACORA,ATA_Nat_08,Ouroubonna,P2AE_PBA_BT,PBA 9C650,
9132a837,cb85ea8c,,8e6b4946,➕ Saisie du jour,8489.0,,8489.0,2026-04-08,ATACORA,ATA_Nat_08,Ouroubonna,P2AE_Cable_BT,PRC 50mm²,
778d950b,1d97ac4a,,29ef61f5,➕ Saisie du jour,4.0,,4.0,2026-04-08,ATACORA,ATA_Nat_05,Ouroubouga,P2AE_PBA_BT,PBA 11C650,1.0
fb848e7d,1d97ac4a,,2ec17c4d,➕ Saisie du jour,88.0,,88.0,2026-04-08,ATACORA,ATA_Nat_05,Ouroubouga,P2AE_PBA_BT,PBA 9A200,
7d4916d2,1d97ac4a,,215ac167,➕ Saisie du jour,61.0,,61.0,2026-04-08,ATACORA,ATA_Nat_05,Ouroubouga,P2AE_PBA_BT,PBA 9A650,
1202bcf3,1d97ac4a,,9c6af0a4,➕ Saisie du jour,16.0,,16.0,2026-04-08,ATACORA,ATA_Nat_05,Ouroubouga,P2AE_PBA_BT,PBA 9C650,
1bfcdc1a,51d81399,,2ec17c4d,➕ Saisie du jour,51.0,,51.0,2026-04-08,ATACORA,ATA_Nat_14,Sossouna,P2AE_PBA_BT,PBA 9A200,
a68afd1d,51d81399,,e221b25e,➕ Saisie du jour,104.0,,104.0,2026-04-08,ATACORA,ATA_Nat_14,Sossouna,P2AE_Fouille_BT,Fouille réseau basse tension,
7f1567cc,51d81399,,9c6af0a4,➕ Saisie du jour,1.0,,1.0,2026-04-08,ATACORA,ATA_Nat_14,Sossouna,P2AE_PBA_BT,PBA 9C650,
dc3b540f,51d81399,,215ac167,➕ Saisie du jour,47.0,,47.0,2026-04-08,ATACORA,ATA_Nat_14,Sossouna,P2AE_PBA_BT,PBA 9A650,
6a32647e,51d81399,,29ef61f5,➕ Saisie du jour,1.0,,1.0,2026-04-08,ATACORA,ATA_Nat_14,Sossouna,P2AE_PBA_BT,PBA 11C650,1.0
6a03752b,aec376d5,,215ac167,➕ Saisie du jour,27.0,,27.0,2026-04-08,ATACORA,ATA_Nat_13,Sountchirantikou,P2AE_PBA_BT,PBA 9A650,
08b83ab6,aec376d5,,2ec17c4d,➕ Saisie du jour,27.0,,27.0,2026-04-08,ATACORA,ATA_Nat_13,Sountchirantikou,P2AE_PBA_BT,PBA 9A200,
9af53028,aec376d5,,9c6af0a4,➕ Saisie du jour,6.0,,6.0,2026-04-08,ATACORA,ATA_Nat_13,Sountchirantikou,P2AE_PBA_BT,PBA 9C650,
089fcdbd,07f76866,,2ec17c4d,➕ Saisie du jour,127.0,,127.0,2026-04-08,ATACORA,ATA_Nat_11,Tchrimina,P2AE_PBA_BT,PBA 9A200,
8e26dcb1,07f76866,,9c6af0a4,➕ Saisie du jour,18.0,,18.0,2026-04-08,ATACORA,ATA_Nat_11,Tchrimina,P2AE_PBA_BT,PBA 9C650,
0ce34096,07f76866,,e221b25e,➕ Saisie du jour,236.0,,236.0,2026-04-08,ATACORA,ATA_Nat_11,Tchrimina,P2AE_Fouille_BT,Fouille réseau basse tension,
a608709d,07f76866,,29ef61f5,➕ Saisie du jour,2.0,,2.0,2026-04-08,ATACORA,ATA_Nat_11,Tchrimina,P2AE_PBA_BT,PBA 11C650,1.0
59dfc5ba,07f76866,,215ac167,➕ Saisie du jour,89.0,,89.0,2026-04-08,ATACORA,ATA_Nat_11,Tchrimina,P2AE_PBA_BT,PBA 9A650,
ee44d866,e45028df,,215ac167,➕ Saisie du jour,30.0,,30.0,2026-04-08,ATACORA,ATA_Nat_10,Yokossi,P2AE_PBA_BT,PBA 9A650,
31f5498f,e45028df,,e221b25e,➕ Saisie du jour,55.0,,55.0,2026-04-08,ATACORA,ATA_Nat_10,Yokossi,P2AE_Fouille_BT,Fouille réseau basse tension,
ca56122d,e45028df,,9c6af0a4,➕ Saisie du jour,3.0,,3.0,2026-04-08,ATACORA,ATA_Nat_10,Yokossi,P2AE_PBA_BT,PBA 9C650,
89ebda09,e45028df,,2ec17c4d,➕ Saisie du jour,21.0,,21.0,2026-04-08,ATACORA,ATA_Nat_10,Yokossi,P2AE_PBA_BT,PBA 9A200,
be22b205,e45028df,,8e6b4946,➕ Saisie du jour,1943.0,,1943.0,2026-04-08,ATACORA,ATA_Nat_10,Yokossi,P2AE_Cable_BT,PRC 50mm²,
3039f109,e45028df,,29ef61f5,➕ Saisie du jour,1.0,,1.0,2026-04-08,ATACORA,ATA_Nat_10,Yokossi,P2AE_PBA_BT,PBA 11C650,1.0
a7c23ec3,28ef0868,,cd39f595,➕ Saisie du jour,3.0,,3.0,2026-04-08,ATACORA,ATA_Nat_01,Kotopounga,P2AE_PBA_HTA,PBA 13A400,
0ab681ab,28ef0868,,d6344558,➕ Saisie du jour,3.0,,3.0,2026-04-08,ATACORA,ATA_Nat_01,Kotopounga,P2AE_PBA_HTA,PBA 13C800,
8a0bc169,28ef0868,,058e9b6a,➕ Saisie du jour,1.0,,1.0,2026-04-08,ATACORA,ATA_Nat_01,Kotopounga,P2AE_PBA_HTA,PBA 11A1250,
c335d941,28ef0868,,f03cfc0b,➕ Saisie du jour,31.0,,31.0,2026-04-08,ATACORA,ATA_Nat_01,Kotopounga,P2AE_Fouille_HTA,Fouille réseau haute tension,
d2786486,17271c32,,058e9b6a,➕ Saisie du jour,1.0,,1.0,2026-04-08,ATACORA,ATA_Nat_02,Winkè,P2AE_PBA_HTA,PBA 11A1250,
0a20d6b4,17271c32,,f03cfc0b,➕ Saisie du jour,3.0,,3.0,2026-04-08,ATACORA,ATA_Nat_02,Winkè,P2AE_Fouille_HTA,Fouille réseau haute tension,
c509a306,17271c32,,46cfa5f8,➕ Saisie du jour,1.0,,1.0,2026-04-08,ATACORA,ATA_Nat_02,Winkè,P2AE_PBA_HTA,PBA 12A800,
596d90fc,c14c1416,,46cfa5f8,➕ Saisie du jour,3.0,,3.0,2026-04-08,ATACORA,ATA_Nat_03,Yimporima,P2AE_PBA_HTA,PBA 12A800,
1978488c,c14c1416,,d6344558,➕ Saisie du jour,16.0,,16.0,2026-04-08,ATACORA,ATA_Nat_03,Yimporima,P2AE_PBA_HTA,PBA 13C800,
5d8acd11,c14c1416,,f03cfc0b,➕ Saisie du jour,82.0,,82.0,2026-04-08,ATACORA,ATA_Nat_03,Yimporima,P2AE_Fouille_HTA,Fouille réseau haute tension,
5a859edd,c14c1416,,cd39f595,➕ Saisie du jour,21.0,,21.0,2026-04-08,ATACORA,ATA_Nat_03,Yimporima,P2AE_PBA_HTA,PBA 13A400,
ef925ec5,c14c1416,,058e9b6a,➕ Saisie du jour,3.0,,3.0,2026-04-08,ATACORA,ATA_Nat_03,Yimporima,P2AE_PBA_HTA,PBA 11A1250,
78f27a6a,db22a638,,f03cfc0b,➕ Saisie du jour,8.0,,8.0,2026-04-08,ATACORA,ATA_Nat_04,Kantaborifa,P2AE_Fouille_HTA,Fouille réseau haute tension,
844cf358,105eac9b,,058e9b6a,➕ Saisie du jour,2.0,,2.0,2026-04-08,ATACORA,ATA_Nat_05,Ouroubouga,P2AE_PBA_HTA,PBA 11A1250,
e1738269,105eac9b,,46cfa5f8,➕ Saisie du jour,2.0,,2.0,2026-04-08,ATACORA,ATA_Nat_05,Ouroubouga,P2AE_PBA_HTA,PBA 12A800,
f55444da,105eac9b,,d6344558,➕ Saisie du jour,3.0,,3.0,2026-04-08,ATACORA,ATA_Nat_05,Ouroubouga,P2AE_PBA_HTA,PBA 13C800,
403961b0,105eac9b,,f03cfc0b,➕ Saisie du jour,12.0,,12.0,2026-04-08,ATACORA,ATA_Nat_05,Ouroubouga,P2AE_Fouille_HTA,Fouille réseau haute tension,
76a467ae,105eac9b,,cd39f595,➕ Saisie du jour,3.0,,3.0,2026-04-08,ATACORA,ATA_Nat_05,Ouroubouga,P2AE_PBA_HTA,PBA 13A400,
dbbde9c9,b5c365a4,,f03cfc0b,➕ Saisie du jour,62.0,,62.0,2026-04-08,ATACORA,ATA_Nat_06,Perma-centre,P2AE_Fouille_HTA,Fouille réseau haute tension,
0eab5688,b5c365a4,,46cfa5f8,➕ Saisie du jour,3.0,,3.0,2026-04-08,ATACORA,ATA_Nat_06,Perma-centre,P2AE_PBA_HTA,PBA 12A800,
93f2413f,b5c365a4,,058e9b6a,➕ Saisie du jour,2.0,,2.0,2026-04-08,ATACORA,ATA_Nat_06,Perma-centre,P2AE_PBA_HTA,PBA 11A1250,
639d44ba,6f1a1318,,46cfa5f8,➕ Saisie du jour,1.0,,1.0,2026-04-08,ATACORA,ATA_Nat_08,Ouroubonna,P2AE_PBA_HTA,PBA 12A800,
9308d8d8,6f1a1318,,f03cfc0b,➕ Saisie du jour,3.0,,3.0,2026-04-08,ATACORA,ATA_Nat_08,Ouroubonna,P2AE_Fouille_HTA,Fouille réseau haute tension,
1b42b1d2,6f1a1318,,058e9b6a,➕ Saisie du jour,1.0,,1.0,2026-04-08,ATACORA,ATA_Nat_08,Ouroubonna,P2AE_PBA_HTA,PBA 11A1250,
741dfdfc,6f1a1318,,cd39f595,➕ Saisie du jour,1.0,,1.0,2026-04-08,ATACORA,ATA_Nat_08,Ouroubonna,P2AE_PBA_HTA,PBA 13A400,1.0
2c921814,f524774b,,f03cfc0b,➕ Saisie du jour,4.0,,4.0,2026-04-08,ATACORA,ATA_Nat_09,Dassakaté,P2AE_Fouille_HTA,Fouille réseau haute tension,
728fb085,3f51c904,,f03cfc0b,➕ Saisie du jour,16.0,,16.0,2026-04-08,ATACORA,ATA_Nat_11,Tchrimina,P2AE_Fouille_HTA,Fouille réseau haute tension,
5a0713469,3f51c904,,d6344558,➕ Saisie du jour,7.0,,7.0,2026-04-08,ATACORA,ATA_Nat_11,Tchrimina,P2AE_PBA_HTA,PBA 13C800,
b117227f,3f51c904,,46cfa5f8,➕ Saisie du jour,2.0,,2.0,2026-04-08,ATACORA,ATA_Nat_11,Tchrimina,P2AE_PBA_HTA,PBA 12A800,
9d9eb1b1,3f51c904,,cd39f595,➕ Saisie du jour,4.0,,4.0,2026-04-08,ATACORA,ATA_Nat_11,Tchrimina,P2AE_PBA_HTA,PBA 13A400,
9b93139a,3f51c904,,058e9b6a,➕ Saisie du jour,2.0,,2.0,2026-04-08,ATACORA,ATA_Nat_11,Tchrimina,P2AE_PBA_HTA,PBA 11A1250,
19ba359c,3d4ec229,,46cfa5f8,➕ Saisie du jour,2.0,,2.0,2026-04-08,ATACORA,ATA_Nat_12,Kantchagoutamou,P2AE_PBA_HTA,PBA 12A800,
710347be,3d4ec229,,058e9b6a,➕ Saisie du jour,2.0,,2.0,2026-04-08,ATACORA,ATA_Nat_12,Kantchagoutamou,P2AE_PBA_HTA,PBA 11A1250,
b0f761c1,3d4ec229,,f03cfc0b,➕ Saisie du jour,23.0,,23.0,2026-04-08,ATACORA,ATA_Nat_12,Kantchagoutamou,P2AE_Fouille_HTA,Fouille réseau haute tension,
f50b61cc,3d4ec229,,cd39f595,➕ Saisie du jour,3.0,,3.0,2026-04-08,ATACORA,ATA_Nat_12,Kantchagoutamou,P2AE_PBA_HTA,PBA 13A400,
72db83e5,3d4ec229,,d6344558,➕ Saisie du jour,5.0,,5.0,2026-04-08,ATACORA,ATA_Nat_12,Kantchagoutamou,P2AE_PBA_HTA,PBA 13C800,
72a739d8,caf753a8,,f03cfc0b,➕ Saisie du jour,20.0,,20.0,2026-04-08,ATACORA,ATA_Nat_14,Sossouna,P2AE_Fouille_HTA,Fouille réseau haute tension,
52de7307,caf753a8,,46cfa5f8,➕ Saisie du jour,1.0,,1.0,2026-04-08,ATACORA,ATA_Nat_14,Sossouna,P2AE_PBA_HTA,PBA 12A800,
4d805be4,9815f39b,,e221b25e,➕ Saisie du jour,300.0,,300.0,2026-04-01,BORGOU,BOR_Dal_02,Tounré,P2AE_Fouille_BT,Fouille réseau basse tension,
cbe64cc8,9815f39b,,2ec17c4d,➕ Saisie du jour,100.0,,100.0,2026-04-01,BORGOU,BOR_Dal_02,Tounré,P2AE_PBA_BT,PBA 9A200,
8ab31b28,2f18444e,,2ec17c4d,➕ Saisie du jour,12.0,,12.0,2026-04-08,BORGOU,BOR_Tcha_04,Barérou,P2AE_PBA_BT,PBA 9A200,
7c68b3cd,2f18444e,,e221b25e,➕ Saisie du jour,27.0,,27.0,2026-04-08,BORGOU,BOR_Tcha_04,Barérou,P2AE_Fouille_BT,Fouille réseau basse tension,
dc475485,cdabe161,,e221b25e,➕ Saisie du jour,64.0,,64.0,2026-04-08,BORGOU,BOR_Tcha_03,Kpessou,P2AE_Fouille_BT,Fouille réseau basse tension,
5f8fac16,cdabe161,,2ec17c4d,➕ Saisie du jour,27.0,,27.0,2026-04-08,BORGOU,BOR_Tcha_03,Kpessou,P2AE_PBA_BT,PBA 9A200,
7f998163,687c2d86,,2ec17c4d,➕ Saisie du jour,7.0,,7.0,2026-04-08,BORGOU,BOR_Tcha_02,Sakana-Kpéba,P2AE_PBA_BT,PBA 9A200,
db07f487,687c2d86,,e221b25e,➕ Saisie du jour,33.0,,33.0,2026-04-08,BORGOU,BOR_Tcha_02,Sakana-Kpéba,P2AE_Fouille_BT,Fouille réseau basse tension,
75446dec,feb01a9b,,2ec17c4d,➕ Saisie du jour,65.0,,65.0,2026-04-08,BORGOU,BOR_Tcha_01,Kpakpanin,P2AE_PBA_BT,PBA 9A200,
8cc88414,feb01a9b,,e221b25e,➕ Saisie du jour,141.0,,141.0,2026-04-08,BORGOU,BOR_Tcha_01,Kpakpanin,P2AE_Fouille_BT,Fouille réseau basse tension,
8ad148f2,2a92ad9f,,2ec17c4d,➕ Saisie du jour,75.0,,75.0,2026-04-08,BORGOU,BOR_Dal_02,Tounré,P2AE_PBA_BT,PBA 9A200,
0ea9be36,2a92ad9f,,e221b25e,➕ Saisie du jour,3.0,,3.0,2026-04-08,BORGOU,BOR_Dal_02,Tounré,P2AE_Fouille_BT,Fouille réseau basse tension,
3cc3d7af,fe944eeb,,2ec17c4d,➕ Saisie du jour,65.0,,65.0,2026-04-08,BORGOU,BOR_Dal_03,Komiguéa,P2AE_PBA_BT,PBA 9A200,
9e1e835b,fe944eeb,,e221b25e,➕ Saisie du jour,156.0,,156.0,2026-04-08,BORGOU,BOR_Dal_03,Komiguéa,P2AE_Fouille_BT,Fouille réseau basse tension,
fdc52ec6,3a168a49,,215ac167,➕ Saisie du jour,18.0,,18.0,2026-04-08,ALIBORI,ALI_Kan_01,Kandi-fô,P2AE_PBA_BT,PBA 9A650,
46fdf180,3a168a49,,2ec17c4d,➕ Saisie du jour,23.0,,23.0,2026-04-08,ALIBORI,ALI_Kan_01,Kandi-fô,P2AE_PBA_BT,PBA 9A200,
f1a6ff93,3a168a49,,9c6af0a4,➕ Saisie du jour,3.0,,3.0,2026-04-08,ALIBORI,ALI_Kan_01,Kandi-fô,P2AE_PBA_BT,PBA 9C650,
c035a11f,3a168a49,,e221b25e,➕ Saisie du jour,47.0,,47.0,2026-04-08,ALIBORI,ALI_Kan_01,Kandi-fô,P2AE_Fouille_BT,Fouille réseau basse tension,
1bbbeb71,cf577693,,9c6af0a4,➕ Saisie du jour,9.0,,9.0,2026-04-08,ALIBORI,ALI_Kan_02,Albarika,P2AE_PBA_BT,PBA 9C650,
f155438e,cf577693,,215ac167,➕ Saisie du jour,57.0,,57.0,2026-04-08,ALIBORI,ALI_Kan_02,Albarika,P2AE_PBA_BT,PBA 9A650,
855724a7,cf577693,,2ec17c4d,➕ Saisie du jour,106.0,,106.0,2026-04-08,ALIBORI,ALI_Kan_02,Albarika,P2AE_PBA_BT,PBA 9A200,
dc8606dc,cf577693,,e221b25e,➕ Saisie du jour,172.0,,172.0,2026-04-08,ALIBORI,ALI_Kan_02,Albarika,P2AE_Fouille_BT,Fouille réseau basse tension,
edb87539,e41b29ca,,215ac167,➕ Saisie du jour,7.0,,7.0,2026-04-08,ALIBORI,ALI_Kan_03,Kéféré-Senté,P2AE_PBA_BT,PBA 9A650,
66f509da,e41b29ca,,2ec17c4d,➕ Saisie du jour,7.0,,7.0,2026-04-08,ALIBORI,ALI_Kan_03,Kéféré-Senté,P2AE_PBA_BT,PBA 9A200,
cf09e9e2,e41b29ca,,e221b25e,➕ Saisie du jour,14.0,,14.0,2026-04-08,ALIBORI,ALI_Kan_03,Kéféré-Senté,P2AE_Fouille_BT,Fouille réseau basse tension,
74ad301f,058ca1cb,,215ac167,➕ Saisie du jour,76.0,,76.0,2026-04-08,ALIBORI,ALI_Kan_04,Ganssoso-Gbiga,P2AE_PBA_BT,PBA 9A650,
62aef672,058ca1cb,,2ec17c4d,➕ Saisie du jour,101.0,,101.0,2026-04-08,ALIBORI,ALI_Kan_04,Ganssoso-Gbiga,P2AE_PBA_BT,PBA 9A200,
f3523626,058ca1cb,,9c6af0a4,➕ Saisie du jour,12.0,,12.0,2026-04-08,ALIBORI,ALI_Kan_04,Ganssoso-Gbiga,P2AE_PBA_BT,PBA 9C650,
2c5fcc3e,058ca1cb,,e221b25e,➕ Saisie du jour,196.0,,196.0,2026-04-08,ALIBORI,ALI_Kan_04,Ganssoso-Gbiga,P2AE_Fouille_BT,Fouille réseau basse tension,
9e0dcd3d,8c5e34ff,,e221b25e,➕ Saisie du jour,41.0,,41.0,2026-04-08,ALIBORI,ALI_Kan_05,Soundou,P2AE_Fouille_BT,Fouille réseau basse tension,
dea28da0,8c5e34ff,,2ec17c4d,➕ Saisie du jour,17.0,,17.0,2026-04-08,ALIBORI,ALI_Kan_05,Soundou,P2AE_PBA_BT,PBA 9A200,
9a5ee7fd,8c5e34ff,,215ac167,➕ Saisie du jour,18.0,,18.0,2026-04-08,ALIBORI,ALI_Kan_05,Soundou,P2AE_PBA_BT,PBA 9A650,
5f64b99d,8e01ecce,,e221b25e,➕ Saisie du jour,18.0,,18.0,2026-04-08,ALIBORI,ALI_Kan_06,Fafa,P2AE_Fouille_BT,Fouille réseau basse tension,
dd3443b5,1a63970a,,e221b25e,➕ Saisie du jour,213.0,,213.0,2026-04-08,DONGA,DON_Bas_02,Oké-Igboélé,P2AE_Fouille_BT,Fouille réseau basse tension,
45b083e7,1a63970a,,2ec17c4d,➕ Saisie du jour,88.0,,88.0,2026-04-08,DONGA,DON_Bas_02,Oké-Igboélé,P2AE_PBA_BT,PBA 9A200,
85c0cd73,1a63970a,,215ac167,➕ Saisie du jour,62.0,,62.0,2026-04-08,DONGA,DON_Bas_02,Oké-Igboélé,P2AE_PBA_BT,PBA 9A650,
bb4f0225,1a63970a,,9c6af0a4,➕ Saisie du jour,19.0,,19.0,2026-04-08,DONGA,DON_Bas_02,Oké-Igboélé,P2AE_PBA_BT,PBA 9C650,
cd728788,95032c6e,,2ec17c4d,➕ Saisie du jour,400.0,,400.0,2026-04-08,DONGA,DON_Djo_01,Founga,P2AE_PBA_BT,PBA 9A200,
1d04964a,95032c6e,,215ac167,➕ Saisie du jour,200.0,,200.0,2026-04-08,DONGA,DON_Djo_01,Founga,P2AE_PBA_BT,PBA 9A650,
0c1f6d24,95032c6e,,9c6af0a4,➕ Saisie du jour,20.0,,20.0,2026-04-08,DONGA,DON_Djo_01,Founga,P2AE_PBA_BT,PBA 9C650,
85611ab7,6c759c1c,,e221b25e,➕ Saisie du jour,40.0,,40.0,2026-04-08,DONGA,DON_Djo_02,Alfa-Kpara,P2AE_Fouille_BT,Fouille réseau basse tension,
ff0d74fb,6c759c1c,,2ec17c4d,➕ Saisie du jour,20.0,,20.0,2026-04-08,DONGA,DON_Djo_02,Alfa-Kpara,P2AE_PBA_BT,PBA 9A200,
5acc4a2c,6c759c1c,,215ac167,➕ Saisie du jour,5.0,,5.0,2026-04-08,DONGA,DON_Djo_02,Alfa-Kpara,P2AE_PBA_BT,PBA 9A650,
e6192c17,6c759c1c,,9c6af0a4,➕ Saisie du jour,2.0,,2.0,2026-04-08,DONGA,DON_Djo_02,Alfa-Kpara,P2AE_PBA_BT,PBA 9C650,
324123f2,17d8dea5,,e221b25e,➕ Saisie du jour,164.0,,164.0,2026-04-08,DONGA,DON_Djo_03,Vanhoui,P2AE_Fouille_BT,Fouille réseau basse tension,
f8d0c3d8,17d8dea5,,2ec17c4d,➕ Saisie du jour,97.0,,97.0,2026-04-08,DONGA,DON_Djo_03,Vanhoui,P2AE_PBA_BT,PBA 9A200,
865d4323,17d8dea5,,215ac167,➕ Saisie du jour,52.0,,52.0,2026-04-08,DONGA,DON_Djo_03,Vanhoui,P2AE_PBA_BT,PBA 9A650,
ea99a125,17d8dea5,,9c6af0a4,➕ Saisie du jour,11.0,,11.0,2026-04-08,DONGA,DON_Djo_03,Vanhoui,P2AE_PBA_BT,PBA 9C650,
74786ce6,bcf02e5a,,e221b25e,➕ Saisie du jour,77.0,,77.0,2026-04-08,DONGA,DON_Djo_04,Nagatchori,P2AE_Fouille_BT,Fouille réseau basse tension,
4295538d,bcf02e5a,,2ec17c4d,➕ Saisie du jour,45.0,,45.0,2026-04-08,DONGA,DON_Djo_04,Nagatchori,P2AE_PBA_BT,PBA 9A200,
5c21738b,bcf02e5a,,215ac167,➕ Saisie du jour,28.0,,28.0,2026-04-08,DONGA,DON_Djo_04,Nagatchori,P2AE_PBA_BT,PBA 9A650,
e86202b3,bcf02e5a,,9c6af0a4,➕ Saisie du jour,2.0,,2.0,2026-04-08,DONGA,DON_Djo_04,Nagatchori,P2AE_PBA_BT,PBA 9C650,
6f989676,3724a603,,e221b25e,➕ Saisie du jour,79.0,,79.0,2026-04-08,DONGA,DON_Djo_05,Danogou,P2AE_Fouille_BT,Fouille réseau basse tension,
7c1da675,3724a603,,2ec17c4d,➕ Saisie du jour,36.0,,36.0,2026-04-08,DONGA,DON_Djo_05,Danogou,P2AE_PBA_BT,PBA 9A200,
c7926f47,3724a603,,215ac167,➕ Saisie du jour,31.0,,31.0,2026-04-08,DONGA,DON_Djo_05,Danogou,P2AE_PBA_BT,PBA 9A650,
1ba2e94,3724a603,,9c6af0a4,➕ Saisie du jour,7.0,,7.0,2026-04-08,DONGA,DON_Djo_05,Danogou,P2AE_PBA_BT,PBA 9C650,
bffc36a0,bd76fb09,,215ac167,🎯 Cumul total à date,,10.0,5.0,2026-04-08,DONGA,DON_Djo_02,Alfa-Kpara,P2AE_PBA_BT,PBA 9A650,
abb5f766,bd76fb09,,e221b25e,🎯 Cumul total à date,,45.0,5.0,2026-04-08,DONGA,DON_Djo_02,Alfa-Kpara,P2AE_Fouille_BT,Fouille réseau basse tension,
c6aa2499,bd76fb09,,9c6af0a4,🎯 Cumul total à date,4.0,4.0,2.0,2026-04-08,DONGA,DON_Djo_02,Alfa-Kpara,P2AE_PBA_BT,PBA 9C650,
97df9f00,bd76fb09,,2ec17c4d,🎯 Cumul total à date,,28.0,8.0,2026-04-08,DONGA,DON_Djo_02,Alfa-Kpara,P2AE_PBA_BT,PBA 9A200,
1737c278,e6ffb4a5,,29ef61f5,➕ Saisie du jour,7.0,,7.0,2026-04-08,DONGA,DON_Djo_01,Founga,P2AE_PBA_BT,PBA 11C650,1.0
0f32bd34,a15ae173,,26e8ec03,🎯 Cumul total à date,1.0,1.0,1.0,2026-04-08,DONGA,DON_Djo_05,Danogou,P2AE_PBA_HTA,PBA 11C650,1.0
f89e0c43,1bd6cff0,,50dc40e9,➕ Saisie du jour,1.0,,1.0,2026-04-08,DONGA,DON_Djo_01,Founga,P2AE_PBA_HTA,PBA 13C1250,
a0dc0b4d,1bd6cff0,,cd39f595,➕ Saisie du jour,20.0,,20.0,2026-04-08,DONGA,DON_Djo_01,Founga,P2AE_PBA_HTA,PBA 13A400,
d3637f00,1bd6cff0,,058e9b6a,➕ Saisie du jour,3.0,,3.0,2026-04-08,DONGA,DON_Djo_01,Founga,P2AE_PBA_HTA,PBA 11A1250,
410fe2b6,1bd6cff0,,46cfa5f8,➕ Saisie du jour,5.0,,5.0,2026-04-08,DONGA,DON_Djo_01,Founga,P2AE_PBA_HTA,PBA 12A800,
2731b635,1bd6cff0,,f03cfc0b,➕ Saisie du jour,29.0,,29.0,2026-04-08,DONGA,DON_Djo_01,Founga,P2AE_Fouille_HTA,Fouille réseau haute tension,
326850c2,58a3e068,,46cfa5f8,➕ Saisie du jour,1.0,,1.0,2026-04-08,DONGA,DON_Djo_05,Danogou,P2AE_PBA_HTA,PBA 12A800,
77eeeccc,58a3e068,,f03cfc0b,➕ Saisie du jour,1.0,,1.0,2026-04-08,DONGA,DON_Djo_05,Danogou,P2AE_Fouille_HTA,Fouille réseau haute tension,
3dd2ffac,f3c52746,,215ac167,➕ Saisie du jour,23.0,,23.0,2026-04-08,ALIBORI,ALI_Gog_01,Wara,P2AE_PBA_BT,PBA 9A650,
58f7cb90,f3c52746,,2ec17c4d,➕ Saisie du jour,35.0,,35.0,2026-04-08,ALIBORI,ALI_Gog_01,Wara,P2AE_PBA_BT,PBA 9A200,
6a3bd8ed,f3c52746,,e221b25e,➕ Saisie du jour,59.0,,59.0,2026-04-08,ALIBORI,ALI_Gog_01,Wara,P2AE_Fouille_BT,Fouille réseau basse tension,
e2b80103,ca3faaf0,,058e9b6a,➕ Saisie du jour,1.0,,1.0,2026-04-08,ALIBORI,ALI_Gog_01,Wara,P2AE_PBA_HTA,PBA 11A1250,
4b3635df,ca3faaf0,,f03cfc0b,➕ Saisie du jour,1.0,,1.0,2026-04-08,ALIBORI,ALI_Gog_01,Wara,P2AE_Fouille_HTA,Fouille réseau haute tension,
d4fa8e85,7b94f81b,,215ac167,➕ Saisie du jour,25.0,,25.0,2026-04-08,ALIBORI,ALI_Gog_02,Bagou-Sinkparou,P2AE_PBA_BT,PBA 9A650,
fca22869,7b94f81b,,2ec17c4d,➕ Saisie du jour,32.0,,32.0,2026-04-08,ALIBORI,ALI_Gog_02,Bagou-Sinkparou,P2AE_PBA_BT,PBA 9A200,
41a6c960,7b94f81b,,e221b25e,➕ Saisie du jour,57.0,,57.0,2026-04-08,ALIBORI,ALI_Gog_02,Bagou-Sinkparou,P2AE_Fouille_BT,Fouille réseau basse tension,
2417701c,4f150bbc,,e221b25e,➕ Saisie du jour,37.0,,37.0,2026-04-08,ALIBORI,ALI_Gog_03,Bagou-Yankpanou,P2AE_Fouille_BT,Fouille réseau basse tension,
84e641b0,4f150bbc,,f03cfc0b,➕ Saisie du jour,3.0,,3.0,2026-04-08,ALIBORI,ALI_Gog_03,Bagou-Yankpanou,P2AE_Fouille_HTA,Fouille réseau haute tension,
799d6a10,4f150bbc,,215ac167,➕ Saisie du jour,13.0,,13.0,2026-04-08,ALIBORI,ALI_Gog_03,Bagou-Yankpanou,P2AE_PBA_BT,PBA 9A650,
8b0549ad,4f150bbc,,2ec17c4d,➕ Saisie du jour,24.0,,24.0,2026-04-08,ALIBORI,ALI_Gog_03,Bagou-Yankpanou,P2AE_PBA_BT,PBA 9A200,
858de755,4f150bbc,,cd39f595,➕ Saisie du jour,3.0,,3.0,2026-04-08,ALIBORI,ALI_Gog_03,Bagou-Yankpanou,P2AE_PBA_HTA,PBA 13A400,
3eef5898,3022ddc6,,215ac167,➕ Saisie du jour,64.0,,64.0,2026-04-09,ALIBORI,ALI_Gog_04,Sori-Borowanrou,P2AE_PBA_BT,PBA 9A650,
2ef0c26b,3022ddc6,,9c6af0a4,➕ Saisie du jour,8.0,,8.0,2026-04-09,ALIBORI,ALI_Gog_04,Sori-Borowanrou,P2AE_PBA_BT,PBA 9C650,
38271ccb,3022ddc6,,e221b25e,➕ Saisie du jour,203.0,,203.0,2026-04-09,ALIBORI,ALI_Gog_04,Sori-Borowanrou,P2AE_Fouille_BT,Fouille réseau basse tension,
9bc5d617,3022ddc6,,2ec17c4d,➕ Saisie du jour,121.0,,121.0,2026-04-09,ALIBORI,ALI_Gog_04,Sori-Borowanrou,P2AE_PBA_BT,PBA 9A200,
a200c977,7a7ae8b3,,058e9b6a,➕ Saisie du jour,1.0,,1.0,2026-04-09,ALIBORI,ALI_Gog_04,Sori-Borowanrou,P2AE_PBA_HTA,PBA 11A1250,
40f0a58b,7a7ae8b3,,f03cfc0b,➕ Saisie du jour,1.0,,1.0,2026-04-09,ALIBORI,ALI_Gog_04,Sori-Borowanrou,P2AE_Fouille_HTA,Fouille réseau haute tension,
9b5a36b1,19fef45c,,2ec17c4d,➕ Saisie du jour,85.0,,85.0,2026-04-09,ALIBORI,ALI_Gog_05,Sori-Kpankpanrou,P2AE_PBA_BT,PBA 9A200,
8fc4f704,19fef45c,,215ac167,➕ Saisie du jour,41.0,,41.0,2026-04-09,ALIBORI,ALI_Gog_05,Sori-Kpankpanrou,P2AE_PBA_BT,PBA 9A650,
d415e933,19fef45c,,9c6af0a4,➕ Saisie du jour,13.0,,13.0,2026-04-09,ALIBORI,ALI_Gog_05,Sori-Kpankpanrou,P2AE_PBA_BT,PBA 9C650,
f1bb92af,19fef45c,,f03cfc0b,➕ Saisie du jour,7.0,,7.0,2026-04-09,ALIBORI,ALI_Gog_05,Sori-Kpankpanrou,P2AE_Fouille_HTA,Fouille réseau haute tension,
92db7b55,19fef45c,,29ef61f5,➕ Saisie du jour,1.0,,1.0,2026-04-09,ALIBORI,ALI_Gog_05,Sori-Kpankpanrou,P2AE_PBA_BT,PBA 11C650,1.0
9a530158,19fef45c,,e221b25e,➕ Saisie du jour,147.0,,147.0,2026-04-09,ALIBORI,ALI_Gog_05,Sori-Kpankpanrou,P2AE_Fouille_BT,Fouille réseau basse tension,
d1627e5a,19fef45c,,058e9b6a,➕ Saisie du jour,1.0,,1.0,2026-04-09,ALIBORI,ALI_Gog_05,Sori-Kpankpanrou,P2AE_PBA_HTA,PBA 11A1250,
4cc03c2f,19fef45c,,46cfa5f8,➕ Saisie du jour,1.0,,1.0,2026-04-09,ALIBORI,ALI_Gog_05,Sori-Kpankpanrou,P2AE_PBA_HTA,PBA 12A800,
dabe5fe7,19fef45c,,cd39f595,➕ Saisie du jour,5.0,,5.0,2026-04-09,ALIBORI,ALI_Gog_05,Sori-Kpankpanrou,P2AE_PBA_HTA,PBA 13A400,
02fbdcf6,372daeb2,,e221b25e,➕ Saisie du jour,227.0,,227.0,2026-04-09,BORGOU,BOR_Par_02,Banikani-Rose-croix,P2AE_Fouille_BT,Fouille réseau basse tension,
e0f9d650,372daeb2,,2ec17c4d,➕ Saisie du jour,111.0,,111.0,2026-04-09,BORGOU,BOR_Par_02,Banikani-Rose-croix,P2AE_PBA_BT,PBA 9A200,
cbaace8e,3ae3c70c,,215ac167,➕ Saisie du jour,29.0,,29.0,2026-04-09,BORGOU,BOR_Par_03,Zongo,P2AE_PBA_BT,PBA 9A650,
0ba548a4,3ae3c70c,,e221b25e,➕ Saisie du jour,128.0,,128.0,2026-04-09,BORGOU,BOR_Par_03,Zongo,P2AE_Fouille_BT,Fouille réseau basse tension,
41a7c044,3ae3c70c,,9c6af0a4,➕ Saisie du jour,5.0,,5.0,2026-04-09,BORGOU,BOR_Par_03,Zongo,P2AE_PBA_BT,PBA 9C650,
0de21810,3ae3c70c,,2ec17c4d,➕ Saisie du jour,75.0,,75.0,2026-04-09,BORGOU,BOR_Par_03,Zongo,P2AE_PBA_BT,PBA 9A200,
49187f44,760ae870,,9c6af0a4,➕ Saisie du jour,3.0,,3.0,2026-04-09,BORGOU,BOR_Par_05,Bahmora,P2AE_PBA_BT,PBA 9C650,
3bca6faf,760ae870,,215ac167,➕ Saisie du jour,39.0,,39.0,2026-04-09,BORGOU,BOR_Par_05,Bahmora,P2AE_PBA_BT,PBA 9A650,
04171cc0,760ae870,,e221b25e,➕ Saisie du jour,284.0,,284.0,2026-04-09,BORGOU,BOR_Par_05,Bahmora,P2AE_Fouille_BT,Fouille réseau basse tension,
0827fb63,760ae870,,2ec17c4d,➕ Saisie du jour,151.0,,151.0,2026-04-09,BORGOU,BOR_Par_05,Bahmora,P2AE_PBA_BT,PBA 9A200,
332d518c,93020a6f,,9c6af0a4,➕ Saisie du jour,18.0,,18.0,2026-04-09,BORGOU,BOR_Par_08,Kpérou-Guéra,P2AE_PBA_BT,PBA 9C650,
6bb5379e,93020a6f,,e221b25e,➕ Saisie du jour,374.0,,374.0,2026-04-09,BORGOU,BOR_Par_08,Kpérou-Guéra,P2AE_Fouille_BT,Fouille réseau basse tension,
3c668ccf,93020a6f,,215ac167,➕ Saisie du jour,70.0,,70.0,2026-04-09,BORGOU,BOR_Par_08,Kpérou-Guéra,P2AE_PBA_BT,PBA 9A650,
d6a55d5e,93020a6f,,2ec17c4d,➕ Saisie du jour,240.0,,240.0,2026-04-09,BORGOU,BOR_Par_08,Kpérou-Guéra,P2AE_PBA_BT,PBA 9A200,
b4069bde,b3bf192f,,e221b25e,➕ Saisie du jour,478.0,,478.0,2026-04-09,BORGOU,BOR_Par_09,Okédama,P2AE_Fouille_BT,Fouille réseau basse tension,
99bd2523,64af8cbe,,e221b25e,🎯 Cumul total à date,,105.0,0.0,2026-04-12,ATACORA,ATA_Nat_02,Winkè,P2AE_Fouille_BT,Fouille réseau basse tension,
1de8b9d0,64af8cbe,,2ec17c4d,🎯 Cumul total à date,,51.0,51.0,2026-04-12,ATACORA,ATA_Nat_02,Winkè,P2AE_PBA_BT,PBA 9A200,
c57afa93,64af8cbe,,215ac167,🎯 Cumul total à date,,48.0,48.0,2026-04-12,ATACORA,ATA_Nat_02,Winkè,P2AE_PBA_BT,PBA 9A650,
da380a1c,64af8cbe,,9c6af0a4,🎯 Cumul total à date,,3.0,3.0,2026-04-12,ATACORA,ATA_Nat_02,Winkè,P2AE_PBA_BT,PBA 9C650,
d23f98d7,64af8cbe,,29ef61f5,🎯 Cumul total à date,,3.0,3.0,2026-04-12,ATACORA,ATA_Nat_02,Winkè,P2AE_PBA_BT,PBA 11C650,1.0
44ad62fd,010ec2be,,59dc5a38,🎯 Cumul total à date,,961.0,0.0,2026-04-12,ATACORA,ATA_Nat_02,Winkè,P2AE_Cable_BT,PRC 70mm²,
992f7d80,010ec2be,,8e6b4946,🎯 Cumul total à date,,2980.0,0.0,2026-04-12,ATACORA,ATA_Nat_02,Winkè,P2AE_Cable_BT,PRC 50mm²,
7afcdc79,d7456196,,59dc5a38,🎯 Cumul total à date,,527.0,527.0,2026-04-12,ATACORA,ATA_Nat_03,Yimporima,P2AE_Cable_BT,PRC 70mm²,
55c58953,d7456196,,8e6b4946,➕ Saisie du jour,4272.0,,4272.0,2026-04-12,ATACORA,ATA_Nat_03,Yimporima,P2AE_Cable_BT,PRC 50mm²,
61c265304,2c6be843,,8e6b4946,🎯 Cumul total à date,,8489.0,0.0,2026-04-12,ATACORA,ATA_Nat_08,Ouroubonna,P2AE_Cable_BT,PRC 50mm²,
8a8218841,2c6be843,,59dc5a38,🎯 Cumul total à date,,1288.0,0.0,2026-04-12,ATACORA,ATA_Nat_08,Ouroubonna,P2AE_Cable_BT,PRC 70mm²,
732ef5b9,434b43199,,8e6b4946,🎯 Cumul total à date,,1943.0,0.0,2026-04-16,ATACORA,ATA_Nat_10,Yokossi,P2AE_Cable_BT,PRC 50mm²,
5cb91df0,6667e40f,,8e6b4946,🎯 Cumul total à date,7940.0,7940.0,7940.0,2026-04-12,ATACORA,ATA_Nat_11,Tchrimina,P2AE_Cable_BT,PRC 50mm²,
ae99175d,6667e40f,,59dc5a38,🎯 Cumul total à date,,1172.0,1172.0,2026-04-12,ATACORA,ATA_Nat_11,Tchrimina,P2AE_Cable_BT,PRC 70mm²,
57147ecc,e4e5f450,,8e6b4946,🎯 Cumul total à date,,2390.0,2400.0,2026-04-12,ATACORA,ATA_Nat_13,Sountchirantikou,P2AE_Cable_BT,PRC 50mm²,
4151af0a,8c1b5a31,,2ec17c4d,🎯 Cumul total à date,,35.0,0.0,2026-04-12,ALIBORI,ALI_Gog_01,Wara,P2AE_PBA_BT,PBA 9A200,
86704a89,8c1b5a31,,215ac167,🎯 Cumul total à date,,23.0,0.0,2026-04-12,ALIBORI,ALI_Gog_01,Wara,P2AE_PBA_BT,PBA 9A650,
7dec0d80,839fac04,,2ec17c4d,🎯 Cumul total à date,,32.0,0.0,2026-04-12,ALIBORI,ALI_Gog_02,Bagou-Sinkparou,P2AE_PBA_BT,PBA 9A200,
ad00d712,839fac04,,215ac167,🎯 Cumul total à date,25.0,25.0,0.0,2026-04-12,ALIBORI,ALI_Gog_02,Bagou-Sinkparou,P2AE_PBA_BT,PBA 9A650,
2effe373,24859d8e,,2ec17c4d,🎯 Cumul total à date,,24.0,0.0,2026-04-12,ALIBORI,ALI_Gog_03,Bagou-Yankpanou,P2AE_PBA_BT,PBA 9A200,
95f7fc7e,24859d8e,,215ac167,🎯 Cumul total à date,,13.0,0.0,2026-04-12,ALIBORI,ALI_Gog_03,Bagou-Yankpanou,P2AE_PBA_BT,PBA 9A650,
856b73876,403c2737,,2ec17c4d,🎯 Cumul total à date,,121.0,0.0,2026-04-12,ALIBORI,ALI_Gog_04,Sori-Borowanrou,P2AE_PBA_BT,PBA 9A200,
3f577eac,403c2737,,215ac167,🎯 Cumul total à date,,64.0,0.0,2026-04-12,ALIBORI,ALI_Gog_04,Sori-Borowanrou,P2AE_PBA_BT,PBA 9A650,
90aaffc2,403c2737,,9c6af0a4,🎯 Cumul total à date,,8.0,0.0,2026-04-12,ALIBORI,ALI_Gog_04,Sori-Borowanrou,P2AE_PBA_BT,PBA 9C650,
74b02a8c,bdf7bd35,,2ec17c4d,🎯 Cumul total à date,,85.0,0.0,2026-04-12,ALIBORI,ALI_Gog_05,Sori-Kpankpanrou,P2AE_PBA_BT,PBA 9A200,
aecc353c,bdf7bd35,,215ac167,🎯 Cumul total à date,,41.0,0.0,2026-04-12,ALIBORI,ALI_Gog_05,Sori-Kpankpanrou,P2AE_PBA_BT,PBA 9A650,
a55553c8,bdf7bd35,,9c6af0a4,🎯 Cumul total à date,,13.0,0.0,2026-04-12,ALIBORI,ALI_Gog_05,Sori-Kpankpanrou,P2AE_PBA_BT,PBA 9C650,
c254b953,bdf7bd35,,29ef61f5,🎯 Cumul total à date,,1.0,0.0,2026-04-12,ALIBORI,ALI_Gog_05,Sori-Kpankpanrou,P2AE_PBA_BT,PBA 11C650,1.0
6bc6d589,624d2908,,058e9b6a,🎯 Cumul total à date,,1.0,0.0,2026-04-12,ALIBORI,ALI_Gog_05,Sori-Kpankpanrou,P2AE_PBA_HTA,PBA 11A1250,
88f4ef9f,624d2908,,46cfa5f8,🎯 Cumul total à date,,1.0,0.0,2026-04-12,ALIBORI,ALI_Gog_05,Sori-Kpankpanrou,P2AE_PBA_HTA,PBA 12A800,
de66e111,624d2908,,cd39f595,🎯 Cumul total à date,,5.0,0.0,2026-04-12,ALIBORI,ALI_Gog_05,Sori-Kpankpanrou,P2AE_PBA_HTA,PBA 13A400,
b63179ab,c4d5697a,,2ec17c4d,🎯 Cumul total à date,,23.0,0.0,2026-04-12,ALIBORI,ALI_Kan_01,Kandi-fô,P2AE_PBA_BT,PBA 9A200,
c548e1d9,c4d5697a,,215ac167,🎯 Cumul total à date,,18.0,0.0,2026-04-12,ALIBORI,ALI_Kan_01,Kandi-fô,P2AE_PBA_BT,PBA 9A650,
0045ee46,c4d5697a,,9c6af0a4,🎯 Cumul total à date,,3.0,0.0,2026-04-12,ALIBORI,ALI_Kan_01,Kandi-fô,P2AE_PBA_BT,PBA 9C650,
e9c90e39,c4d5697a,,29ef61f5,🎯 Cumul total à date,,1.0,1.0,2026-04-12,ALIBORI,ALI_Kan_01,Kandi-fô,P2AE_PBA_BT,PBA 11C650,1.0
a6b1b367,84da2223,,2ec17c4d,🎯 Cumul total à date,,115.0,9.0,2026-04-16,ALIBORI,ALI_Kan_02,Albarika,P2AE_PBA_BT,PBA 9A200,
4e26f865,84da2223,,215ac167,🎯 Cumul total à date,,57.0,0.0,2026-04-16,ALIBORI,ALI_Kan_02,Albarika,P2AE_PBA_BT,PBA 9A650,
89b1cff1,84da2223,,9c6af0a4,🎯 Cumul total à date,,10.0,1.0,2026-04-16,ALIBORI,ALI_Kan_02,Albarika,P2AE_PBA_BT,PBA 9C650,
542cfa6e,84da2223,,526229bb,🎯 Cumul total à date,1.0,1.0,1.0,2026-04-16,ALIBORI,ALI_Kan_02,Albarika,P2AE_PBA_BT,PBA 9C800,
0279d81f,a48ab45d,,2ec17c4d,🎯 Cumul total à date,,7.0,0.0,2026-04-12,ALIBORI,ALI_Kan_03,Kéféré-Senté,P2AE_PBA_BT,PBA 9A200,
b027529d,a48ab45d,,215ac167,🎯 Cumul total à date,,7.0,0.0,2026-04-12,ALIBORI,ALI_Kan_03,Kéféré-Senté,P2AE_PBA_BT,PBA 9A650,
9407a3d3,e8128633,,2ec17c4d,🎯 Cumul total à date,,101.0,0.0,2026-04-12,ALIBORI,ALI_Kan_04,Ganssoso-Gbiga,P2AE_PBA_BT,PBA 9A200,
02a3b375,e8128633,,215ac167,🎯 Cumul total à date,,76.0,0.0,2026-04-12,ALIBORI,ALI_Kan_04,Ganssoso-Gbiga,P2AE_PBA_BT,PBA 9A650,
bca99ee6,e8128633,,9c6af0a4,🎯 Cumul total à date,,12.0,0.0,2026-04-12,ALIBORI,ALI_Kan_04,Ganssoso-Gbiga,P2AE_PBA_BT,PBA 9C650,
ac9dd289,e8128633,,29ef61f5,🎯 Cumul total à date,,1.0,1.0,2026-04-12,ALIBORI,ALI_Kan_04,Ganssoso-Gbiga,P2AE_PBA_BT,PBA 11C650,1.0
8fac646a,377b0659,,2ec17c4d,🎯 Cumul total à date,,19.0,2.0,2026-04-12,ALIBORI,ALI_Kan_05,Soundou,P2AE_PBA_BT,PBA 9A200,
53efe321,377b0659,,215ac167,🎯 Cumul total à date,,22.0,4.0,2026-04-12,ALIBORI,ALI_Kan_05,Soundou,P2AE_PBA_BT,PBA 9A650,
d276a7a5,377b0659,,9c6af0a4,🎯 Cumul total à date,,4.0,4.0,2026-04-12,ALIBORI,ALI_Kan_05,Soundou,P2AE_PBA_BT,PBA 9C650,
52441b29,377b0659,,29ef61f5,🎯 Cumul total à date,,1.0,1.0,2026-04-12,ALIBORI,ALI_Kan_05,Soundou,P2AE_PBA_BT,PBA 11C650,1.0
b35c8db1,c17e7916,,2ec17c4d,🎯 Cumul total à date,,23.0,23.0,2026-04-12,ALIBORI,ALI_Kan_06,Fafa,P2AE_PBA_BT,PBA 9A200,
eabb5a18,c17e7916,,215ac167,🎯 Cumul total à date,,14.0,14.0,2026-04-12,ALIBORI,ALI_Kan_06,Fafa,P2AE_PBA_BT,PBA 9A650,
0f1a7424,c17e7916,,058e9b6a,🎯 Cumul total à date,,1.0,1.0,2026-04-12,ALIBORI,ALI_Kan_06,Fafa,P2AE_PBA_HTA,PBA 11A1250,
73390e6c,8c41a835,,058e9b6a,🎯 Cumul total à date,,1.0,1.0,2026-04-12,ALIBORI,ALI_Kan_05,Soundou,P2AE_PBA_HTA,PBA 11A1250,
2cbdb4c9,8c41a835,,cd39f595,🎯 Cumul total à date,,1.0,1.0,2026-04-12,ALIBORI,ALI_Kan_05,Soundou,P2AE_PBA_HTA,PBA 13A400,
d0458786,3e90597f,,46cfa5f8,🎯 Cumul total à date,,1.0,1.0,2026-04-16,ALIBORI,ALI_Kan_04,Ganssoso-Gbiga,P2AE_PBA_HTA,PBA 12A800,
148f98e1,3e90597f,,cd39f595,🎯 Cumul total à date,,2.0,2.0,2026-04-16,ALIBORI,ALI_Kan_04,Ganssoso-Gbiga,P2AE_PBA_HTA,PBA 13A400,
6a1845062,c15a622b,,cd39f595,🎯 Cumul total à date,,2.0,2.0,2026-04-12,ALIBORI,ALI_Kan_02,Albarika,P2AE_PBA_HTA,PBA 13A400,
95a470b8,7ade4781,,058e9b6a,🎯 Cumul total à date,,1.0,1.0,2026-04-16,ALIBORI,ALI_Kan_01,Kandi-fô,P2AE_PBA_HTA,PBA 11A1250,
e227b028,7ade4781,,46cfa5f8,🎯 Cumul total à date,,1.0,1.0,2026-04-16,ALIBORI,ALI_Kan_01,Kandi-fô,P2AE_PBA_HTA,PBA 12A800,
bcff31b3,fefea42f,,e221b25e,🎯 Cumul total à date,,111.0,-116.0,2026-04-12,BORGOU,BOR_Par_02,Banikani-Rose-croix,P2AE_Fouille_BT,Fouille réseau basse tension,
6e5852cb,fefea42f,,2ec17c4d,🎯 Cumul total à date,111.0,111.0,0.0,2026-04-12,BORGOU,BOR_Par_02,Banikani-Rose-croix,P2AE_PBA_BT,PBA 9A200,
e0231e86,70492b47,,e221b25e,🎯 Cumul total à date,,109.0,-19.0,2026-04-12,BORGOU,BOR_Par_03,Zongo,P2AE_Fouille_BT,Fouille réseau basse tension,
ed4662fd,70492b47,,2ec17c4d,🎯 Cumul total à date,,75.0,0.0,2026-04-12,BORGOU,BOR_Par_03,Zongo,P2AE_PBA_BT,PBA 9A200,
3d84953b,70492b47,,215ac167,🎯 Cumul total à date,,29.0,0.0,2026-04-12,BORGOU,BOR_Par_03,Zongo,P2AE_PBA_BT,PBA 9A650,
1c150042,70492b47,,9c6af0a4,🎯 Cumul total à date,,5.0,0.0,2026-04-12,BORGOU,BOR_Par_03,Zongo,P2AE_PBA_BT,PBA 9C650,
9b850097,44ccd579,,e221b25e,🎯 Cumul total à date,,235.0,-49.0,2026-04-16,BORGOU,BOR_Par_05,Bahmora,P2AE_Fouille_BT,Fouille réseau basse tension,
3db8a5ab,44ccd579,,2ec17c4d,🎯 Cumul total à date,,171.0,20.0,2026-04-16,BORGOU,BOR_Par_05,Bahmora,P2AE_PBA_BT,PBA 9A200,
14f3bb4a,44ccd579,,215ac167,🎯 Cumul total à date,,56.0,17.0,2026-04-16,BORGOU,BOR_Par_05,Bahmora,P2AE_PBA_BT,PBA 9A650,
eb1cf260,44ccd579,,9c6af0a4,🎯 Cumul total à date,,8.0,5.0,2026-04-16,BORGOU,BOR_Par_05,Bahmora,P2AE_PBA_BT,PBA 9C650,
a56d54e6,6e7e63b8,,e221b25e,🎯 Cumul total à date,,62.0,62.0,2026-04-16,BORGOU,BOR_Par_06,Bawé,P2AE_Fouille_BT,Fouille réseau basse tension,
8866a7b4,6e7e63b8,,2ec17c4d,🎯 Cumul total à date,,45.0,45.0,2026-04-16,BORGOU,BOR_Par_06,Bawé,P2AE_PBA_BT,PBA 9A200,
09da4006,6e7e63b8,,9c6af0a4,🎯 Cumul total à date,,17.0,17.0,2026-04-16,BORGOU,BOR_Par_06,Bawé,P2AE_PBA_BT,PBA 9C650,
e96e7f2a,cdd25fa0,,e221b25e,🎯 Cumul total à date,,328.0,-46.0,2026-04-12,BORGOU,BOR_Par_08,Kpérou-Guéra,P2AE_Fouille_BT,Fouille réseau basse tension,
5d0fb968,cdd25fa0,,2ec17c4d,🎯 Cumul total à date,,240.0,0.0,2026-04-12,BORGOU,BOR_Par_08,Kpérou-Guéra,P2AE_PBA_BT,PBA 9A200,
27bf21f0,cdd25fa0,,215ac167,🎯 Cumul total à date,,70.0,0.0,2026-04-12,BORGOU,BOR_Par_08,Kpérou-Guéra,P2AE_PBA_BT,PBA 9A650,
0519617c,cdd25fa0,,9c6af0a4,🎯 Cumul total à date,,18.0,0.0,2026-04-12,BORGOU,BOR_Par_08,Kpérou-Guéra,P2AE_PBA_BT,PBA 9C650,
517d2b2f,ea97e352,,e221b25e,🎯 Cumul total à date,,246.0,-232.0,2026-04-12,BORGOU,BOR_Par_09,Okédama,P2AE_Fouille_BT,Fouille réseau basse tension,
de36afaa,ea97e352,,2ec17c4d,🎯 Cumul total à date,,230.0,230.0,2026-04-12,BORGOU,BOR_Par_09,Okédama,P2AE_PBA_BT,PBA 9A200,
6475d0e6,ea97e352,,215ac167,🎯 Cumul total à date,,11.0,11.0,2026-04-12,BORGOU,BOR_Par_09,Okédama,P2AE_PBA_BT,PBA 9A650,
bd308d85,ea97e352,,9c6af0a4,🎯 Cumul total à date,5.0,5.0,5.0,2026-04-12,BORGOU,BOR_Par_09,Okédama,P2AE_PBA_BT,PBA 9C650,
6a7715c7,fb9a9de7,,e221b25e,🎯 Cumul total à date,,168.0,-135.0,2026-04-12,BORGOU,BOR_Dal_02,Tounré,P2AE_Fouille_BT,Fouille réseau basse tension,
18115fb6,fb9a9de7,,2ec17c4d,🎯 Cumul total à date,,168.0,-7.0,2026-04-12,BORGOU,BOR_Dal_02,Tounré,P2AE_PBA_BT,PBA 9A200,
52fd0566,c4affeb6,,e221b25e,🎯 Cumul total à date,,70.0,-86.0,2026-04-16,BORGOU,BOR_Dal_03,Komiguéa,P2AE_Fouille_BT,Fouille réseau basse tension,
1aeb050b,c4affeb6,,2ec17c4d,🎯 Cumul total à date,,70.0,5.0,2026-04-16,BORGOU,BOR_Dal_03,Komiguéa,P2AE_PBA_BT,PBA 9A200,
2c644bf5,2a79ac78,,e221b25e,🎯 Cumul total à date,,65.0,-76.0,2026-04-16,BORGOU,BOR_Tcha_01,Kpakpanin,P2AE_Fouille_BT,Fouille réseau basse tension,
709a6918,2a79ac78,,2ec17c4d,🎯 Cumul total à date,,65.0,0.0,2026-04-16,BORGOU,BOR_Tcha_01,Kpakpanin,P2AE_PBA_BT,PBA 9A200,
5fceaaff,ed95a406,,e221b25e,🎯 Cumul total à date,,7.0,-26.0,2026-04-16,BORGOU,BOR_Tcha_02,Sakana-Kpéba,P2AE_Fouille_BT,Fouille réseau basse tension,
f50a1b10,ed95a406,,2ec17c4d,🎯 Cumul total à date,,7.0,0.0,2026-04-16,BORGOU,BOR_Tcha_02,Sakana-Kpéba,P2AE_PBA_BT,PBA 9A200,
a77a73e0,c2e25fae,,e221b25e,🎯 Cumul total à date,,27.0,-37.0,2026-04-16,BORGOU,BOR_Tcha_03,Kpessou,P2AE_Fouille_BT,Fouille réseau basse tension,
6b24d4c6,c2e25fae,,2ec17c4d,🎯 Cumul total à date,,27.0,0.0,2026-04-16,BORGOU,BOR_Tcha_03,Kpessou,P2AE_PBA_BT,PBA 9A200,
2b3eac84,1c7b614c,,e221b25e,🎯 Cumul total à date,,12.0,-15.0,2026-04-16,BORGOU,BOR_Tcha_04,Barérou,P2AE_Fouille_BT,Fouille réseau basse tension,
c6269b14,1c7b614c,,2ec17c4d,🎯 Cumul total à date,,12.0,0.0,2026-04-16,BORGOU,BOR_Tcha_04,Barérou,P2AE_PBA_BT,PBA 9A200,
6373fc63,5d48aa90,,59dc5a38,🎯 Cumul total à date,,527.0,0.0,2026-04-12,ATACORA,ATA_Nat_03,Yimporima,P2AE_Cable_BT,PRC 70mm²,
47eb6484,5d48aa90,,8e6b4946,🎯 Cumul total à date,,4272.0,-1235.0,2026-04-12,ATACORA,ATA_Nat_03,Yimporima,P2AE_Cable_BT,PRC 50mm²,
ace9f674,be157e91,,2ec17c4d,🎯 Cumul total à date,,415.0,15.0,2026-04-12,DONGA,DON_Djo_01,Founga,P2AE_PBA_BT,PBA 9A200,
96f759f2,be157e91,,215ac167,🎯 Cumul total à date,,205.0,5.0,2026-04-12,DONGA,DON_Djo_01,Founga,P2AE_PBA_BT,PBA 9A650,
4a91b407,be157e91,,9c6af0a4,🎯 Cumul total à date,,28.0,8.0,2026-04-12,DONGA,DON_Djo_01,Founga,P2AE_PBA_BT,PBA 9C650,
aef2af44,be157e91,,29ef61f5,🎯 Cumul total à date,,7.0,0.0,2026-04-12,DONGA,DON_Djo_01,Founga,P2AE_PBA_BT,PBA 11C650,1.0
e6d034a4,99ea5910,,2ec17c4d,🎯 Cumul total à date,,21.0,0.0,2026-04-20,ATACORA,ATA_Nat_07,Boriyouré,P2AE_PBA_BT,PBA 9A200,
985c990f,99ea5910,,215ac167,🎯 Cumul total à date,,12.0,0.0,2026-04-20,ATACORA,ATA_Nat_07,Boriyouré,P2AE_PBA_BT,PBA 9A650,
1af41df0,99ea5910,,9c6af0a4,🎯 Cumul total à date,,1.0,0.0,2026-04-20,ATACORA,ATA_Nat_07,Boriyouré,P2AE_PBA_BT,PBA 9C650,
ecd52f38,625f3ef7,,2ec17c4d,🎯 Cumul total à date,,16.0,1.0,2026-04-20,ATACORA,ATA_Nat_09,Dassakaté,P2AE_PBA_BT,PBA 9A200,
95c87809,625f3ef7,,215ac167,🎯 Cumul total à date,,30.0,3.0,2026-04-20,ATACORA,ATA_Nat_09,Dassakaté,P2AE_PBA_BT,PBA 9A650,
8ee5382a,625f3ef7,,9c6af0a4,🎯 Cumul total à date,,2.0,0.0,2026-04-20,ATACORA,ATA_Nat_09,Dassakaté,P2AE_PBA_BT,PBA 9C650,
64aeff02,a29d217e,,2ec17c4d,🎯 Cumul total à date,,21.0,0.0,2026-04-20,ATACORA,ATA_Nat_10,Yokossi,P2AE_PBA_BT,PBA 9A200,
904fbbdf,a29d217e,,215ac167,🎯 Cumul total à date,,30.0,0.0,2026-04-20,ATACORA,ATA_Nat_10,Yokossi,P2AE_PBA_BT,PBA 9A650,
503d1312,a29d217e,,9c6af0a4,🎯 Cumul total à date,,3.0,0.0,2026-04-20,ATACORA,ATA_Nat_10,Yokossi,P2AE_PBA_BT,PBA 9C650,
d1546eab,a29d217e,,29ef61f5,🎯 Cumul total à date,,1.0,0.0,2026-04-20,ATACORA,ATA_Nat_10,Yokossi,P2AE_PBA_BT,PBA 11C650,1.0
561f94ed,5d0bb348,,2ec17c4d,🎯 Cumul total à date,,27.0,0.0,2026-04-20,ATACORA,ATA_Nat_13,Sountchirantikou,P2AE_PBA_BT,PBA 9A200,
c5ce6ba9,5d0bb348,,215ac167,🎯 Cumul total à date,,27.0,0.0,2026-04-20,ATACORA,ATA_Nat_13,Sountchirantikou,P2AE_PBA_BT,PBA 9A650,
8fe618a9,5d0bb348,,9c6af0a4,🎯 Cumul total à date,,6.0,0.0,2026-04-20,ATACORA,ATA_Nat_13,Sountchirantikou,P2AE_PBA_BT,PBA 9C650,
9e15c554,dca79f97,,2ec17c4d,🎯 Cumul total à date,,97.0,0.0,2026-04-20,ATACORA,ATA_Nat_08,Ouroubonna,P2AE_PBA_BT,PBA 9A200,
bdf0f79a,dca79f97,,215ac167,🎯 Cumul total à date,,83.0,2.0,2026-04-20,ATACORA,ATA_Nat_08,Ouroubonna,P2AE_PBA_BT,PBA 9A650,
b20e80d4,dca79f97,,9c6af0a4,🎯 Cumul total à date,,24.0,1.0,2026-04-20,ATACORA,ATA_Nat_08,Ouroubonna,P2AE_PBA_BT,PBA 9C650,
eb9f6f66,dca79f97,,29ef61f5,🎯 Cumul total à date,,1.0,1.0,2026-04-20,ATACORA,ATA_Nat_08,Ouroubonna,P2AE_PBA_BT,PBA 11C650,1.0
ce262eba,3469de5a,,2ec17c4d,🎯 Cumul total à date,,75.0,0.0,2026-04-20,ATACORA,ATA_Nat_04,Kantaborifa,P2AE_PBA_BT,PBA 9A200,
a94b68e4,3469de5a,,215ac167,🎯 Cumul total à date,,55.0,0.0,2026-04-20,ATACORA,ATA_Nat_04,Kantaborifa,P2AE_PBA_BT,PBA 9A650,
96d9d213,3469de5a,,9c6af0a4,🎯 Cumul total à date,,4.0,0.0,2026-04-20,ATACORA,ATA_Nat_04,Kantaborifa,P2AE_PBA_BT,PBA 9C650,
d8f5ce49,72f181d9,,2ec17c4d,🎯 Cumul total à date,,54.0,3.0,2026-04-20,ATACORA,ATA_Nat_14,Sossouna,P2AE_PBA_BT,PBA 9A200,
623cd040,72f181d9,,215ac167,🎯 Cumul total à date,,49.0,2.0,2026-04-20,ATACORA,ATA_Nat_14,Sossouna,P2AE_PBA_BT,PBA 9A650,
61664f8b,72f181d9,,9c6af0a4,🎯 Cumul total à date,,1.0,0.0,2026-04-20,ATACORA,ATA_Nat_14,Sossouna,P2AE_PBA_BT,PBA 9C650,
51d5eac2,72f181d9,,29ef61f5,🎯 Cumul total à date,,1.0,0.0,2026-04-20,ATACORA,ATA_Nat_14,Sossouna,P2AE_PBA_BT,PBA 11C650,1.0
d1e46195,082c8f3a,,2ec17c4d,🎯 Cumul total à date,,10.0,2.0,2026-04-20,ATACORA,ATA_Nat_12,Kantchagoutamou,P2AE_PBA_BT,PBA 9A200,
437a357d,082c8f3a,,215ac167,🎯 Cumul total à date,,12.0,-2.0,2026-04-20,ATACORA,ATA_Nat_12,Kantchagoutamou,P2AE_PBA_BT,PBA 9A650,
65341112,082c8f3a,,9c6af0a4,🎯 Cumul total à date,,2.0,0.0,2026-04-20,ATACORA,ATA_Nat_12,Kantchagoutamou,P2AE_PBA_BT,PBA 9C650,
6034c54a,082c8f3a,,29ef61f5,🎯 Cumul total à date,,2.0,0.0,2026-04-20,ATACORA,ATA_Nat_12,Kantchagoutamou,P2AE_PBA_BT,PBA 11C650,1.0
2caf3977,4d90fb1c,,2ec17c4d,🎯 Cumul total à date,,125.0,-2.0,2026-04-20,ATACORA,ATA_Nat_11,Tchrimina,P2AE_PBA_BT,PBA 9A200,
d7dbd051,4d90fb1c,,215ac167,🎯 Cumul total à date,,92.0,3.0,2026-04-20,ATACORA,ATA_Nat_11,Tchrimina,P2AE_PBA_BT,PBA 9A650,
117936a8,4d90fb1c,,9c6af0a4,🎯 Cumul total à date,,18.0,0.0,2026-04-20,ATACORA,ATA_Nat_11,Tchrimina,P2AE_PBA_BT,PBA 9C650,
c9f1604c,8296b348,,2ec17c4d,🎯 Cumul total à date,,51.0,0.0,2026-04-20,ATACORA,ATA_Nat_02,Winkè,P2AE_PBA_BT,PBA 9A200,
f9952a62,8296b348,,215ac167,🎯 Cumul total à date,,48.0,0.0,2026-04-20,ATACORA,ATA_Nat_02,Winkè,P2AE_PBA_BT,PBA 9A650,
8d28127c,8296b348,,9c6af0a4,🎯 Cumul total à date,,3.0,0.0,2026-04-20,ATACORA,ATA_Nat_02,Winkè,P2AE_PBA_BT,PBA 9C650,
f5c49e9a,8296b348,,29ef61f5,🎯 Cumul total à date,,3.0,0.0,2026-04-20,ATACORA,ATA_Nat_02,Winkè,P2AE_PBA_BT,PBA 11C650,1.0
436ac4a6,8727fe1c,,2ec17c4d,🎯 Cumul total à date,,78.0,-3.0,2026-04-20,ATACORA,ATA_Nat_01,Kotopounga,P2AE_PBA_BT,PBA 9A200,
7cf4d040,8727fe1c,,215ac167,🎯 Cumul total à date,,60.0,0.0,2026-04-20,ATACORA,ATA_Nat_01,Kotopounga,P2AE_PBA_BT,PBA 9A650,
62f5994b,8727fe1c,,9c6af0a4,🎯 Cumul total à date,,15.0,0.0,2026-04-20,ATACORA,ATA_Nat_01,Kotopounga,P2AE_PBA_BT,PBA 9C650,
3d966f0f,8727fe1c,,29ef61f5,🎯 Cumul total à date,,2.0,0.0,2026-04-20,ATACORA,ATA_Nat_01,Kotopounga,P2AE_PBA_BT,PBA 11C650,1.0
5f0296ff,7164e4be,,2ec17c4d,🎯 Cumul total à date,,284.0,5.0,2026-04-20,ATACORA,ATA_Nat_03,Yimporima,P2AE_PBA_BT,PBA 9A200,
ffb58f9b,7164e4be,,215ac167,🎯 Cumul total à date,,206.0,9.0,2026-04-20,ATACORA,ATA_Nat_03,Yimporima,P2AE_PBA_BT,PBA 9A650,
5c594949,7164e4be,,9c6af0a4,🎯 Cumul total à date,,23.0,1.0,2026-04-20,ATACORA,ATA_Nat_03,Yimporima,P2AE_PBA_BT,PBA 9C650,
62f6d429,7164e4be,,29ef61f5,🎯 Cumul total à date,,5.0,1.0,2026-04-20,ATACORA,ATA_Nat_03,Yimporima,P2AE_PBA_BT,PBA 11C650,1.0
32c58e88,ab419aa9,,058e9b6a,🎯 Cumul total à date,,1.0,0.0,2026-04-20,ATACORA,ATA_Nat_08,Ouroubonna,P2AE_PBA_HTA,PBA 11A1250,
870e9a78,ab419aa9,,46cfa5f8,🎯 Cumul total à date,,1.0,0.0,2026-04-20,ATACORA,ATA_Nat_08,Ouroubonna,P2AE_PBA_HTA,PBA 12A800,
7c5b6130,415c8bfa,,46cfa5f8,🎯 Cumul total à date,,1.0,0.0,2026-04-20,ATACORA,ATA_Nat_14,Sossouna,P2AE_PBA_HTA,PBA 12A800,
6d3c5885,1e8db950,,058e9b6a,🎯 Cumul total à date,,2.0,0.0,2026-04-20,ATACORA,ATA_Nat_12,Kantchagoutamou,P2AE_PBA_HTA,PBA 11A1250,
cea30024,1e8db950,,46cfa5f8,🎯 Cumul total à date,,2.0,0.0,2026-04-20,ATACORA,ATA_Nat_12,Kantchagoutamou,P2AE_PBA_HTA,PBA 12A800,
0ba4eb53,1e8db950,,cd39f595,🎯 Cumul total à date,,3.0,0.0,2026-04-20,ATACORA,ATA_Nat_12,Kantchagoutamou,P2AE_PBA_HTA,PBA 13A400,
e1759916,1e8db950,,d6344558,🎯 Cumul total à date,,4.0,-1.0,2026-04-20,ATACORA,ATA_Nat_12,Kantchagoutamou,P2AE_PBA_HTA,PBA 13C800,
9c432cf0,14b7b7c9,,058e9b6a,🎯 Cumul total à date,,2.0,0.0,2026-04-20,ATACORA,ATA_Nat_11,Tchrimina,P2AE_PBA_HTA,PBA 11A1250,
991e602d,14b7b7c9,,46cfa5f8,🎯 Cumul total à date,,2.0,0.0,2026-04-20,ATACORA,ATA_Nat_11,Tchrimina,P2AE_PBA_HTA,PBA 12A800,
44aadb9b,14b7b7c9,,cd39f595,🎯 Cumul total à date,,4.0,0.0,2026-04-20,ATACORA,ATA_Nat_11,Tchrimina,P2AE_PBA_HTA,PBA 13A400,
04fcc7fb,14b7b7c9,,d6344558,🎯 Cumul total à date,,8.0,1.0,2026-04-20,ATACORA,ATA_Nat_11,Tchrimina,P2AE_PBA_HTA,PBA 13C800,
987fd4d3,5bfcb6c1,,058e9b6a,🎯 Cumul total à date,,1.0,0.0,2026-04-20,ATACORA,ATA_Nat_02,Winkè,P2AE_PBA_HTA,PBA 11A1250,
16fc0ba3,5bfcb6c1,,46cfa5f8,🎯 Cumul total à date,,1.0,0.0,2026-04-20,ATACORA,ATA_Nat_02,Winkè,P2AE_PBA_HTA,PBA 12A800,
3fc2009c,547d36c0,,058e9b6a,🎯 Cumul total à date,,2.0,0.0,2026-04-20,ATACORA,ATA_Nat_06,Perma-centre,P2AE_PBA_HTA,PBA 11A1250,
be7fbaec,056859ad,,058e9b6a,🎯 Cumul total à date,,3.0,0.0,2026-04-20,ATACORA,ATA_Nat_03,Yimporima,P2AE_PBA_HTA,PBA 11A1250,
927befa8,056859ad,,46cfa5f8,🎯 Cumul total à date,,3.0,0.0,2026-04-20,ATACORA,ATA_Nat_03,Yimporima,P2AE_PBA_HTA,PBA 12A800,
28dbd88b,056859ad,,cd39f595,🎯 Cumul total à date,,28.0,7.0,2026-04-20,ATACORA,ATA_Nat_03,Yimporima,P2AE_PBA_HTA,PBA 13A400,
fdeb71c8,056859ad,,d6344558,🎯 Cumul total à date,,19.0,3.0,2026-04-20,ATACORA,ATA_Nat_03,Yimporima,P2AE_PBA_HTA,PBA 13C800,
5cb21d2b,6ac95011,,8e6b4946,🎯 Cumul total à date,,2980.0,0.0,2026-04-20,ATACORA,ATA_Nat_02,Winkè,P2AE_Cable_BT,PRC 50mm²,
e5429dfc,6ac95011,,59dc5a38,🎯 Cumul total à date,,1150.0,189.0,2026-04-20,ATACORA,ATA_Nat_02,Winkè,P2AE_Cable_BT,PRC 70mm²,
c33876d0,f4252500,,59dc5a38,🎯 Cumul total à date,,527.0,0.0,2026-04-20,ATACORA,ATA_Nat_03,Yimporima,P2AE_Cable_BT,PRC 70mm²,
1ad1b62e,f4252500,,8e6b4946,🎯 Cumul total à date,,7277.0,3005.0,2026-04-20,ATACORA,ATA_Nat_03,Yimporima,P2AE_Cable_BT,PRC 50mm²,
d6af50a3,b9a69a4f,,8e6b4946,🎯 Cumul total à date,,6456.0,-2033.0,2026-04-20,ATACORA,ATA_Nat_08,Ouroubonna,P2AE_Cable_BT,PRC 50mm²,
71ef4bf1,b9a69a4f,,59dc5a38,🎯 Cumul total à date,,1155.0,-133.0,2026-04-20,ATACORA,ATA_Nat_08,Ouroubonna,P2AE_Cable_BT,PRC 70mm²,
2d94af50,9f2e7c25,,8e6b4946,🎯 Cumul total à date,,2250.0,307.0,2026-04-20,ATACORA,ATA_Nat_10,Yokossi,P2AE_Cable_BT,PRC 50mm²,
e6f87d28,ea31d8f6,,8e6b4946,🎯 Cumul total à date,,7985.0,45.0,2026-04-20,ATACORA,ATA_Nat_11,Tchrimina,P2AE_Cable_BT,PRC 50mm²,
389b6b5d,ea31d8f6,,59dc5a38,🎯 Cumul total à date,,1336.0,164.0,2026-04-20,ATACORA,ATA_Nat_11,Tchrimina,P2AE_Cable_BT,PRC 70mm²,
979391c6,d74003f1,,8e6b4946,🎯 Cumul total à date,,2390.0,0.0,2026-04-20,ATACORA,ATA_Nat_13,Sountchirantikou,P2AE_Cable_BT,PRC 50mm²,
aaa35787,2af03758,,e221b25e,🎯 Cumul total à date,,219.0,6.0,2026-04-20,DONGA,DON_Bas_02,Oké-Igboélé,P2AE_Fouille_BT,Fouille réseau basse tension,
76c9719d,2af03758,,2ec17c4d,🎯 Cumul total à date,,88.0,0.0,2026-04-20,DONGA,DON_Bas_02,Oké-Igboélé,P2AE_PBA_BT,PBA 9A200,
886e1b71,2af03758,,215ac167,🎯 Cumul total à date,,62.0,0.0,2026-04-20,DONGA,DON_Bas_02,Oké-Igboélé,P2AE_PBA_BT,PBA 9A650,
90df3175,2af03758,,9c6af0a4,🎯 Cumul total à date,,19.0,0.0,2026-04-20,DONGA,DON_Bas_02,Oké-Igboélé,P2AE_PBA_BT,PBA 9C650,
3b277dde,260f7b0e,,2ec17c4d,🎯 Cumul total à date,,415.0,0.0,2026-04-20,DONGA,DON_Djo_01,Founga,P2AE_PBA_BT,PBA 9A200,
e6cbf3a9,260f7b0e,,215ac167,🎯 Cumul total à date,,205.0,0.0,2026-04-20,DONGA,DON_Djo_01,Founga,P2AE_PBA_BT,PBA 9A650,
1b2d383f,260f7b0e,,9c6af0a4,🎯 Cumul total à date,,28.0,0.0,2026-04-20,DONGA,DON_Djo_01,Founga,P2AE_PBA_BT,PBA 9C650,
62435cae,260f7b0e,,29ef61f5,🎯 Cumul total à date,,7.0,0.0,2026-04-20,DONGA,DON_Djo_01,Founga,P2AE_PBA_BT,PBA 11C650,1.0
8c6886e6,260f7b0e,,058e9b6a,🎯 Cumul total à date,,3.0,0.0,2026-04-20,DONGA,DON_Djo_01,Founga,P2AE_PBA_HTA,PBA 11A1250,
84785cda,260f7b0e,,46cfa5f8,🎯 Cumul total à date,,5.0,0.0,2026-04-20,DONGA,DON_Djo_01,Founga,P2AE_PBA_HTA,PBA 12A800,
d3cb6855,260f7b0e,,cd39f595,🎯 Cumul total à date,,20.0,0.0,2026-04-20,DONGA,DON_Djo_01,Founga,P2AE_PBA_HTA,PBA 13A400,
cf87aa16,260f7b0e,,50dc40e9,🎯 Cumul total à date,,1.0,0.0,2026-04-20,DONGA,DON_Djo_01,Founga,P2AE_PBA_HTA,PBA 13C1250,
0672a539,084a3c81,,e221b25e,🎯 Cumul total à date,,45.0,0.0,2026-04-20,DONGA,DON_Djo_02,Alfa-Kpara,P2AE_Fouille_BT,Fouille réseau basse tension,
e9b68cda,084a3c81,,2ec17c4d,🎯 Cumul total à date,,28.0,0.0,2026-04-20,DONGA,DON_Djo_02,Alfa-Kpara,P2AE_PBA_BT,PBA 9A200,
2c486bb1,084a3c81,,215ac167,🎯 Cumul total à date,,10.0,0.0,2026-04-20,DONGA,DON_Djo_02,Alfa-Kpara,P2AE_PBA_BT,PBA 9A650,
ef51ee60,084a3c81,,9c6af0a4,🎯 Cumul total à date,,4.0,0.0,2026-04-20,DONGA,DON_Djo_02,Alfa-Kpara,P2AE_PBA_BT,PBA 9C650,
432e9ea5,f125ecd8,,e221b25e,🎯 Cumul total à date,,164.0,0.0,2026-04-20,DONGA,DON_Djo_03,Vanhoui,P2AE_Fouille_BT,Fouille réseau basse tension,
6ef4caf2,f125ecd8,,2ec17c4d,🎯 Cumul total à date,,97.0,0.0,2026-04-20,DONGA,DON_Djo_03,Vanhoui,P2AE_PBA_BT,PBA 9A200,
87b598b3,f125ecd8,,215ac167,🎯 Cumul total à date,,52.0,0.0,2026-04-20,DONGA,DON_Djo_03,Vanhoui,P2AE_PBA_BT,PBA 9A650,
28943a92,f125ecd8,,9c6af0a4,🎯 Cumul total à date,,11.0,0.0,2026-04-20,DONGA,DON_Djo_03,Vanhoui,P2AE_PBA_BT,PBA 9C650,
cd7bb1dd,f15835ae,,e221b25e,🎯 Cumul total à date,,77.0,0.0,2026-04-20,DONGA,DON_Djo_04,Nagatchori,P2AE_Fouille_BT,Fouille réseau basse tension,
eccfc35f,f15835ae,,2ec17c4d,🎯 Cumul total à date,,45.0,0.0,2026-04-20,DONGA,DON_Djo_04,Nagatchori,P2AE_PBA_BT,PBA 9A200,
392b60c4,f15835ae,,215ac167,🎯 Cumul total à date,,28.0,0.0,2026-04-20,DONGA,DON_Djo_04,Nagatchori,P2AE_PBA_BT,PBA 9A650,
647218a5,f15835ae,,9c6af0a4,🎯 Cumul total à date,,2.0,0.0,2026-04-20,DONGA,DON_Djo_04,Nagatchori,P2AE_PBA_BT,PBA 9C650,
806d0d21,51d9f34e,,2ec17c4d,🎯 Cumul total à date,,36.0,0.0,2026-04-20,DONGA,DON_Djo_05,Danogou,P2AE_PBA_BT,PBA 9A200,
9518cd73,51d9f34e,,215ac167,🎯 Cumul total à date,,31.0,0.0,2026-04-20,DONGA,DON_Djo_05,Danogou,P2AE_PBA_BT,PBA 9A650,
142649b2,51d9f34e,,9c6af0a4,🎯 Cumul total à date,,7.0,0.0,2026-04-20,DONGA,DON_Djo_05,Danogou,P2AE_PBA_BT,PBA 9C650,
11a369f7,51d9f34e,,46cfa5f8,🎯 Cumul total à date,,1.0,0.0,2026-04-20,DONGA,DON_Djo_05,Danogou,P2AE_PBA_HTA,PBA 12A800,
a8ad9bdd,20ea1ada,,e221b25e,🎯 Cumul total à date,,58.0,-1.0,2026-04-20,ALIBORI,ALI_Gog_01,Wara,P2AE_Fouille_BT,Fouille réseau basse tension,
7c0aabc3,20ea1ada,,2ec17c4d,🎯 Cumul total à date,,35.0,0.0,2026-04-20,ALIBORI,ALI_Gog_01,Wara,P2AE_PBA_BT,PBA 9A200,
2c89f66c,20ea1ada,,215ac167,🎯 Cumul total à date,,23.0,0.0,2026-04-20,ALIBORI,ALI_Gog_01,Wara,P2AE_PBA_BT,PBA 9A650,
ea6ee853,20ea1ada,,058e9b6a,🎯 Cumul total à date,,1.0,0.0,2026-04-20,ALIBORI,ALI_Gog_01,Wara,P2AE_PBA_HTA,PBA 11A1250,
8806da9f,c6060f4d,,e221b25e,🎯 Cumul total à date,,57.0,0.0,2026-04-20,ALIBORI,ALI_Gog_02,Bagou-Sinkparou,P2AE_Fouille_BT,Fouille réseau basse tension,
9d2fe027,c6060f4d,,2ec17c4d,🎯 Cumul total à date,,32.0,0.0,2026-04-20,ALIBORI,ALI_Gog_02,Bagou-Sinkparou,P2AE_PBA_BT,PBA 9A200,
90283eaf,c6060f4d,,215ac167,🎯 Cumul total à date,,25.0,0.0,2026-04-20,ALIBORI,ALI_Gog_02,Bagou-Sinkparou,P2AE_PBA_BT,PBA 9A650,
edfb46ef,b2fa79da,,2ec17c4d,🎯 Cumul total à date,,24.0,0.0,2026-04-20,ALIBORI,ALI_Gog_03,Bagou-Yankpanou,P2AE_PBA_BT,PBA 9A200,
28b956fc,b2fa79da,,215ac167,🎯 Cumul total à date,,13.0,0.0,2026-04-20,ALIBORI,ALI_Gog_03,Bagou-Yankpanou,P2AE_PBA_BT,PBA 9A650,
a187a1e8,503a3ac7,,2ec17c4d,🎯 Cumul total à date,,121.0,0.0,2026-04-20,ALIBORI,ALI_Gog_04,Sori-Borowanrou,P2AE_PBA_BT,PBA 9A200,
1623b786,503a3ac7,,215ac167,🎯 Cumul total à date,,64.0,0.0,2026-04-20,ALIBORI,ALI_Gog_04,Sori-Borowanrou,P2AE_PBA_BT,PBA 9A650,
4e4065ef,503a3ac7,,9c6af0a4,🎯 Cumul total à date,,8.0,0.0,2026-04-20,ALIBORI,ALI_Gog_04,Sori-Borowanrou,P2AE_PBA_BT,PBA 9C650,
38ffff59,c3392370,,2ec17c4d,🎯 Cumul total à date,,85.0,0.0,2026-04-20,ALIBORI,ALI_Gog_05,Sori-Kpankpanrou,P2AE_PBA_BT,PBA 9A200,
57cbe219,c3392370,,215ac167,🎯 Cumul total à date,,41.0,0.0,2026-04-20,ALIBORI,ALI_Gog_05,Sori-Kpankpanrou,P2AE_PBA_BT,PBA 9A650,
a6e5435e,c3392370,,9c6af0a4,🎯 Cumul total à date,,13.0,0.0,2026-04-20,ALIBORI,ALI_Gog_05,Sori-Kpankpanrou,P2AE_PBA_BT,PBA 9C650,
c839ddeb,c3392370,,29ef61f5,🎯 Cumul total à date,,1.0,0.0,2026-04-20,ALIBORI,ALI_Gog_05,Sori-Kpankpanrou,P2AE_PBA_BT,PBA 11C650,1.0
ff61ba0d,c3392370,,058e9b6a,🎯 Cumul total à date,,1.0,0.0,2026-04-20,ALIBORI,ALI_Gog_05,Sori-Kpankpanrou,P2AE_PBA_HTA,PBA 11A1250,
17cad454,c3392370,,46cfa5f8,🎯 Cumul total à date,,1.0,0.0,2026-04-20,ALIBORI,ALI_Gog_05,Sori-Kpankpanrou,P2AE_PBA_HTA,PBA 12A800,
baf04a77,c3392370,,cd39f595,🎯 Cumul total à date,,5.0,0.0,2026-04-20,ALIBORI,ALI_Gog_05,Sori-Kpankpanrou,P2AE_PBA_HTA,PBA 13A400,
c92887a2,713452d1,,2ec17c4d,🎯 Cumul total à date,,23.0,0.0,2026-04-20,ALIBORI,ALI_Kan_01,Kandi-fô,P2AE_PBA_BT,PBA 9A200,
edb54418,713452d1,,215ac167,🎯 Cumul total à date,,18.0,0.0,2026-04-20,ALIBORI,ALI_Kan_01,Kandi-fô,P2AE_PBA_BT,PBA 9A650,
86b602b2,713452d1,,9c6af0a4,🎯 Cumul total à date,,3.0,0.0,2026-04-20,ALIBORI,ALI_Kan_01,Kandi-fô,P2AE_PBA_BT,PBA 9C650,
23b15540,713452d1,,29ef61f5,🎯 Cumul total à date,,1.0,0.0,2026-04-20,ALIBORI,ALI_Kan_01,Kandi-fô,P2AE_PBA_BT,PBA 11C650,1.0
7963be7d,713452d1,,058e9b6a,🎯 Cumul total à date,,1.0,0.0,2026-04-20,ALIBORI,ALI_Kan_01,Kandi-fô,P2AE_PBA_HTA,PBA 11A1250,
0de688db,713452d1,,46cfa5f8,🎯 Cumul total à date,,1.0,0.0,2026-04-20,ALIBORI,ALI_Kan_01,Kandi-fô,P2AE_PBA_HTA,PBA 12A800,
bde900c7,e11d76ee,,2ec17c4d,🎯 Cumul total à date,,115.0,0.0,2026-04-20,ALIBORI,ALI_Kan_02,Albarika,P2AE_PBA_BT,PBA 9A200,
38c2af11,e11d76ee,,215ac167,🎯 Cumul total à date,,57.0,0.0,2026-04-20,ALIBORI,ALI_Kan_02,Albarika,P2AE_PBA_BT,PBA 9A650,
f03272f5,e11d76ee,,9c6af0a4,🎯 Cumul total à date,,10.0,0.0,2026-04-20,ALIBORI,ALI_Kan_02,Albarika,P2AE_PBA_BT,PBA 9C650,
b1ca689a,e11d76ee,,526229bb,🎯 Cumul total à date,,1.0,0.0,2026-04-20,ALIBORI,ALI_Kan_02,Albarika,P2AE_PBA_BT,PBA 9C800,
a1889a37,e11d76ee,,cd39f595,🎯 Cumul total à date,,2.0,0.0,2026-04-20,ALIBORI,ALI_Kan_02,Albarika,P2AE_PBA_HTA,PBA 13A400,
f7b4c470,01c7d4de,,2ec17c4d,🎯 Cumul total à date,,7.0,0.0,2026-04-20,ALIBORI,ALI_Kan_03,Kéféré-Senté,P2AE_PBA_BT,PBA 9A200,
359271c1,01c7d4de,,215ac167,🎯 Cumul total à date,,7.0,0.0,2026-04-20,ALIBORI,ALI_Kan_03,Kéféré-Senté,P2AE_PBA_BT,PBA 9A650,
c5498b18,01c7d4de,,29ef61f5,🎯 Cumul total à date,,1.0,1.0,2026-04-20,ALIBORI,ALI_Kan_03,Kéféré-Senté,P2AE_PBA_BT,PBA 11C650,1.0
6b5df1bb,01c7d4de,,058e9b6a,🎯 Cumul total à date,,1.0,1.0,2026-04-20,ALIBORI,ALI_Kan_03,Kéféré-Senté,P2AE_PBA_HTA,PBA 11A1250,
ef373f75,01c7d4de,,46cfa5f8,🎯 Cumul total à date,,1.0,1.0,2026-04-20,ALIBORI,ALI_Kan_03,Kéféré-Senté,P2AE_PBA_HTA,PBA 12A800,
ea3ddde1,d0b6c817,,2ec17c4d,🎯 Cumul total à date,,102.0,1.0,2026-04-20,ALIBORI,ALI_Kan_04,Ganssoso-Gbiga,P2AE_PBA_BT,PBA 9A200,
d1eb30f3,d0b6c817,,215ac167,🎯 Cumul total à date,,76.0,0.0,2026-04-20,ALIBORI,ALI_Kan_04,Ganssoso-Gbiga,P2AE_PBA_BT,PBA 9A650,
ead9ca36,d0b6c817,,9c6af0a4,🎯 Cumul total à date,,16.0,4.0,2026-04-20,ALIBORI,ALI_Kan_04,Ganssoso-Gbiga,P2AE_PBA_BT,PBA 9C650,
0c913b3c,d0b6c817,,26e8ec03,🎯 Cumul total à date,,2.0,0.0,2026-04-20,ALIBORI,ALI_Kan_04,Ganssoso-Gbiga,P2AE_PBA_HTA,PBA 11C650,1.0
a93dfcad,d0b6c817,,058e9b6a,🎯 Cumul total à date,,2.0,2.0,2026-04-20,ALIBORI,ALI_Kan_04,Ganssoso-Gbiga,P2AE_PBA_HTA,PBA 11A1250,
60b930d6,d0b6c817,,46cfa5f8,🎯 Cumul total à date,,2.0,1.0,2026-04-20,ALIBORI,ALI_Kan_04,Ganssoso-Gbiga,P2AE_PBA_HTA,PBA 12A800,
269d47b8,d0b6c817,,cd39f595,🎯 Cumul total à date,,2.0,0.0,2026-04-20,ALIBORI,ALI_Kan_04,Ganssoso-Gbiga,P2AE_PBA_HTA,PBA 13A400,
9ab32b33,9c2054b7,,2ec17c4d,🎯 Cumul total à date,,19.0,0.0,2026-04-20,ALIBORI,ALI_Kan_05,Soundou,P2AE_PBA_BT,PBA 9A200,
7472488a,9c2054b7,,215ac167,🎯 Cumul total à date,,22.0,0.0,2026-04-20,ALIBORI,ALI_Kan_05,Soundou,P2AE_PBA_BT,PBA 9A650,
2594a455,9c2054b7,,9c6af0a4,🎯 Cumul total à date,,4.0,0.0,2026-04-20,ALIBORI,ALI_Kan_05,Soundou,P2AE_PBA_BT,PBA 9C650,
b1ee7b9b,9c2054b7,,26e8ec03,🎯 Cumul total à date,,1.0,0.0,2026-04-20,ALIBORI,ALI_Kan_05,Soundou,P2AE_PBA_HTA,PBA 11C650,1.0
b70533a4,9c2054b7,,058e9b6a,🎯 Cumul total à date,,1.0,0.0,2026-04-20,ALIBORI,ALI_Kan_05,Soundou,P2AE_PBA_HTA,PBA 11A1250,
9e6595d9,9c2054b7,,cd39f595,🎯 Cumul total à date,,1.0,0.0,2026-04-20,ALIBORI,ALI_Kan_05,Soundou,P2AE_PBA_HTA,PBA 13A400,
b5a8435b,8d669a3b,,2ec17c4d,🎯 Cumul total à date,,23.0,0.0,2026-04-20,ALIBORI,ALI_Kan_06,Fafa,P2AE_PBA_BT,PBA 9A200,
0ffe2541,8d669a3b,,215ac167,🎯 Cumul total à date,,14.0,0.0,2026-04-20,ALIBORI,ALI_Kan_06,Fafa,P2AE_PBA_BT,PBA 9A650,
29a88994,8d669a3b,,058e9b6a,🎯 Cumul total à date,,1.0,0.0,2026-04-20,ALIBORI,ALI_Kan_06,Fafa,P2AE_PBA_HTA,PBA 11A1250,
a3047769,afa4ba81,,e221b25e,🎯 Cumul total à date,,227.0,116.0,2026-04-20,BORGOU,BOR_Par_02,Banikani-Rose-croix,P2AE_Fouille_BT,Fouille réseau basse tension,
b2379ec8,afa4ba81,,2ec17c4d,🎯 Cumul total à date,,135.0,24.0,2026-04-20,BORGOU,BOR_Par_02,Banikani-Rose-croix,P2AE_PBA_BT,PBA 9A200,
a29ff7c4,afa4ba81,,215ac167,🎯 Cumul total à date,,21.0,21.0,2026-04-20,BORGOU,BOR_Par_02,Banikani-Rose-croix,P2AE_PBA_BT,PBA 9A650,
419587ac,afa4ba81,,9c6af0a4,🎯 Cumul total à date,,5.0,5.0,2026-04-20,BORGOU,BOR_Par_02,Banikani-Rose-croix,P2AE_PBA_BT,PBA 9C650,
eb82fe9d,17b9cbbe,,e221b25e,🎯 Cumul total à date,,128.0,19.0,2026-04-20,BORGOU,BOR_Par_03,Zongo,P2AE_Fouille_BT,Fouille réseau basse tension,
2d4d0339,17b9cbbe,,2ec17c4d,🎯 Cumul total à date,,75.0,0.0,2026-04-20,BORGOU,BOR_Par_03,Zongo,P2AE_PBA_BT,PBA 9A200,
ed543696,17b9cbbe,,215ac167,🎯 Cumul total à date,,29.0,0.0,2026-04-20,BORGOU,BOR_Par_03,Zongo,P2AE_PBA_BT,PBA 9A650,
eb1e1460,17b9cbbe,,9c6af0a4,🎯 Cumul total à date,,5.0,0.0,2026-04-20,BORGOU,BOR_Par_03,Zongo,P2AE_PBA_BT,PBA 9C650,
06be4726,87edefa9,,e221b25e,🎯 Cumul total à date,,284.0,49.0,2026-04-20,BORGOU,BOR_Par_05,Bahmora,P2AE_Fouille_BT,Fouille réseau basse tension,
4593a13f,87edefa9,,2ec17c4d,🎯 Cumul total à date,,171.0,0.0,2026-04-20,BORGOU,BOR_Par_05,Bahmora,P2AE_PBA_BT,PBA 9A200,
00d905f0,87edefa9,,215ac167,🎯 Cumul total à date,,56.0,0.0,2026-04-20,BORGOU,BOR_Par_05,Bahmora,P2AE_PBA_BT,PBA 9A650,
41747cd3,87edefa9,,9c6af0a4,🎯 Cumul total à date,,8.0,0.0,2026-04-20,BORGOU,BOR_Par_05,Bahmora,P2AE_PBA_BT,PBA 9C650,
d63a15a3,43231e8e,,e221b25e,🎯 Cumul total à date,,118.0,56.0,2026-04-20,BORGOU,BOR_Par_06,Bawé,P2AE_Fouille_BT,Fouille réseau basse tension,
dd721e89,43231e8e,,2ec17c4d,🎯 Cumul total à date,,45.0,0.0,2026-04-20,BORGOU,BOR_Par_06,Bawé,P2AE_PBA_BT,PBA 9A200,
595a14a7,43231e8e,,9c6af0a4,🎯 Cumul total à date,,17.0,0.0,2026-04-20,BORGOU,BOR_Par_06,Bawé,P2AE_PBA_BT,PBA 9C650,
0c6f27b1,36a5274c,,e221b25e,🎯 Cumul total à date,,449.0,121.0,2026-04-20,BORGOU,BOR_Par_08,Kpérou-Guéra,P2AE_Fouille_BT,Fouille réseau basse tension,
86546027,36a5274c,,2ec17c4d,🎯 Cumul total à date,,240.0,0.0,2026-04-20,BORGOU,BOR_Par_08,Kpérou-Guéra,P2AE_PBA_BT,PBA 9A200,
86b4c617,36a5274c,,215ac167,🎯 Cumul total à date,,109.0,39.0,2026-04-20,BORGOU,BOR_Par_08,Kpérou-Guéra,P2AE_PBA_BT,PBA 9A650,
0902653a,36a5274c,,9c6af0a4,🎯 Cumul total à date,,18.0,0.0,2026-04-20,BORGOU,BOR_Par_08,Kpérou-Guéra,P2AE_PBA_BT,PBA 9C650,
3664e5fb,dfe19cfe,,e221b25e,🎯 Cumul total à date,,581.0,335.0,2026-04-20,BORGOU,BOR_Par_09,Okédama,P2AE_Fouille_BT,Fouille réseau basse tension,
28747831,dfe19cfe,,2ec17c4d,🎯 Cumul total à date,,258.0,28.0,2026-04-20,BORGOU,BOR_Par_09,Okédama,P2AE_PBA_BT,PBA 9A200,
75860f98,dfe19cfe,,215ac167,🎯 Cumul total à date,,77.0,66.0,2026-04-20,BORGOU,BOR_Par_09,Okédama,P2AE_PBA_BT,PBA 9A650,
47980f92,dfe19cfe,,9c6af0a4,🎯 Cumul total à date,,10.0,5.0,2026-04-20,BORGOU,BOR_Par_09,Okédama,P2AE_PBA_BT,PBA 9C650,
703cf971,38ac8b2b,,e221b25e,🎯 Cumul total à date,,303.0,135.0,2026-04-20,BORGOU,BOR_Dal_02,Tounré,P2AE_Fouille_BT,Fouille réseau basse tension,
b947a3e8,38ac8b2b,,2ec17c4d,🎯 Cumul total à date,,168.0,0.0,2026-04-20,BORGOU,BOR_Dal_02,Tounré,P2AE_PBA_BT,PBA 9A200,
e9f6d92d,873c5ae1,,e221b25e,🎯 Cumul total à date,,156.0,86.0,2026-04-20,BORGOU,BOR_Dal_03,Komiguéa,P2AE_Fouille_BT,Fouille réseau basse tension,
e8bd2fb1,873c5ae1,,2ec17c4d,🎯 Cumul total à date,,70.0,0.0,2026-04-20,BORGOU,BOR_Dal_03,Komiguéa,P2AE_PBA_BT,PBA 9A200,
b72ddb6a,d20f1bcc,,e221b25e,🎯 Cumul total à date,,130.0,-2.0,2026-04-20,BORGOU,BOR_Tcha_01,Kpakpanin,P2AE_Fouille_BT,Fouille réseau basse tension,
a6aec2ef,d20f1bcc,,2ec17c4d,🎯 Cumul total à date,,66.0,1.0,2026-04-20,BORGOU,BOR_Tcha_01,Kpakpanin,P2AE_PBA_BT,PBA 9A200,
c54b2e87,d20f1bcc,,215ac167,🎯 Cumul total à date,,26.0,26.0,2026-04-20,BORGOU,BOR_Tcha_01,Kpakpanin,P2AE_PBA_BT,PBA 9A650,
abf28dff,d20f1bcc,,9c6af0a4,🎯 Cumul total à date,,1.0,1.0,2026-04-20,BORGOU,BOR_Tcha_01,Kpakpanin,P2AE_PBA_BT,PBA 9C650,
0e6e02e7,8693682a,,e221b25e,🎯 Cumul total à date,,30.0,-2.0,2026-04-20,BORGOU,BOR_Tcha_02,Sakana-Kpéba,P2AE_Fouille_BT,Fouille réseau basse tension,
d8777572,8693682a,,2ec17c4d,🎯 Cumul total à date,,7.0,0.0,2026-04-20,BORGOU,BOR_Tcha_02,Sakana-Kpéba,P2AE_PBA_BT,PBA 9A200,
7c0ffc91,a915af79,,e221b25e,🎯 Cumul total à date,,64.0,37.0,2026-04-20,BORGOU,BOR_Tcha_03,Kpessou,P2AE_Fouille_BT,Fouille réseau basse tension,
d81c0377,a915af79,,2ec17c4d,🎯 Cumul total à date,,27.0,0.0,2026-04-20,BORGOU,BOR_Tcha_03,Kpessou,P2AE_PBA_BT,PBA 9A200,
7614acd2,6732cf81,,e221b25e,🎯 Cumul total à date,,27.0,15.0,2026-04-20,BORGOU,BOR_Tcha_04,Barérou,P2AE_Fouille_BT,Fouille réseau basse tension,
43bba1b9,6732cf81,,2ec17c4d,🎯 Cumul total à date,,12.0,0.0,2026-04-20,BORGOU,BOR_Tcha_04,Barérou,P2AE_PBA_BT,PBA 9A200,
41d49bd7,51d9f34e,,f03cfc0b,🎯 Cumul total à date,,1.0,0.0,2026-04-20,DONGA,DON_Djo_05,Danogou,P2AE_Fouille_HTA,Fouille réseau haute tension,
24950294,51d9f34e,,e221b25e,🎯 Cumul total à date,,78.0,-1.0,2026-04-20,DONGA,DON_Djo_05,Danogou,P2AE_Fouille_BT,Fouille réseau basse tension,
5b072bc7,20ea1ada,,f03cfc0b,🎯 Cumul total à date,,1.0,0.0,2026-04-20,ALIBORI,ALI_Gog_01,Wara,P2AE_Fouille_HTA,Fouille réseau haute tension,
60f8b85f,b2fa79da,,f03cfc0b,🎯 Cumul total à date,,3.0,0.0,2026-04-20,ALIBORI,ALI_Gog_03,Bagou-Yankpanou,P2AE_Fouille_HTA,Fouille réseau haute tension,
f80380ad,503a3ac7,,f03cfc0b,🎯 Cumul total à date,,1.0,0.0,2026-04-20,ALIBORI,ALI_Gog_04,Sori-Borowanrou,P2AE_Fouille_HTA,Fouille réseau haute tension,
fb563c41,c3392370,,f03cfc0b,🎯 Cumul total à date,,7.0,0.0,2026-04-20,ALIBORI,ALI_Gog_05,Sori-Kpankpanrou,P2AE_Fouille_HTA,Fouille réseau haute tension,
712f854b,713452d1,,f03cfc0b,🎯 Cumul total à date,,2.0,2.0,2026-04-20,ALIBORI,ALI_Kan_01,Kandi-fô,P2AE_Fouille_HTA,Fouille réseau haute tension,
4ca68aa1,e11d76ee,,f03cfc0b,🎯 Cumul total à date,,2.0,2.0,2026-04-20,ALIBORI,ALI_Kan_02,Albarika,P2AE_Fouille_HTA,Fouille réseau haute tension,
3c687bf4,01c7d4de,,f03cfc0b,🎯 Cumul total à date,,2.0,2.0,2026-04-20,ALIBORI,ALI_Kan_03,Kéféré-Senté,P2AE_Fouille_HTA,Fouille réseau haute tension,
33d6a13a,d0b6c817,,f03cfc0b,🎯 Cumul total à date,,6.0,6.0,2026-04-20,ALIBORI,ALI_Kan_04,Ganssoso-Gbiga,P2AE_Fouille_HTA,Fouille réseau haute tension,
f4964a25,9c2054b7,,f03cfc0b,🎯 Cumul total à date,,2.0,2.0,2026-04-20,ALIBORI,ALI_Kan_05,Soundou,P2AE_Fouille_HTA,Fouille réseau haute tension,
8d3cb7bf,8d669a3b,,f03cfc0b,🎯 Cumul total à date,,1.0,1.0,2026-04-20,ALIBORI,ALI_Kan_06,Fafa,P2AE_Fouille_HTA,Fouille réseau haute tension,
944a30d8,260f7b0e,,e221b25e,🎯 Cumul total à date,,669.0,669.0,2026-04-20,DONGA,DON_Djo_01,Founga,P2AE_Fouille_BT,Fouille réseau basse tension,
8f5eb99d,503a3ac7,,e221b25e,🎯 Cumul total à date,,205.0,2.0,2026-04-20,ALIBORI,ALI_Gog_04,Sori-Borowanrou,P2AE_Fouille_BT,Fouille réseau basse tension,
060f8993,c3392370,,e221b25e,🎯 Cumul total à date,,158.0,18.0,2026-04-20,ALIBORI,ALI_Gog_05,Sori-Kpankpanrou,P2AE_Fouille_BT,Fouille réseau basse tension,
c6488709,713452d1,,e221b25e,🎯 Cumul total à date,,47.0,28.0,2026-04-20,ALIBORI,ALI_Kan_01,Kandi-fô,P2AE_Fouille_BT,Fouille réseau basse tension,
ec68dfb1,e11d76ee,,e221b25e,🎯 Cumul total à date,,184.0,14.0,2026-04-20,ALIBORI,ALI_Kan_02,Albarika,P2AE_Fouille_BT,Fouille réseau basse tension,
595fbb49,01c7d4de,,e221b25e,🎯 Cumul total à date,,15.0,3.0,2026-04-20,ALIBORI,ALI_Kan_03,Kéféré-Senté,P2AE_Fouille_BT,Fouille réseau basse tension,
f67eedc1,d0b6c817,,e221b25e,🎯 Cumul total à date,,199.0,146.0,2026-04-20,ALIBORI,ALI_Kan_04,Ganssoso-Gbiga,P2AE_Fouille_BT,Fouille réseau basse tension,
d4ba76d1,9c2054b7,,e221b25e,🎯 Cumul total à date,,47.0,8.0,2026-04-20,ALIBORI,ALI_Kan_05,Soundou,P2AE_Fouille_BT,Fouille réseau basse tension,
0246b742,8d669a3b,,e221b25e,🎯 Cumul total à date,,38.0,39.0,2026-04-20,ALIBORI,ALI_Kan_06,Fafa,P2AE_Fouille_BT,Fouille réseau basse tension,
47564604,e2021d51,,f03cfc0b,🎯 Cumul total à date,,31.0,0.0,2026-04-20,ATACORA,ATA_Nat_01,Kotopounga,P2AE_Fouille_HTA,Fouille réseau haute tension,
d2fa0de3,e2021d51,,058e9b6a,🎯 Cumul total à date,,1.0,0.0,2026-04-20,ATACORA,ATA_Nat_01,Kotopounga,P2AE_PBA_HTA,PBA 11A1250,
fb998b98,e2021d51,,cd39f595,🎯 Cumul total à date,,3.0,0.0,2026-04-20,ATACORA,ATA_Nat_01,Kotopounga,P2AE_PBA_HTA,PBA 13A400,
cbaa87e0,5ba1ce5a,,e221b25e,🎯 Cumul total à date,,189.0,-8.0,2026-04-20,ATACORA,ATA_Nat_05,Ouroubouga,P2AE_Fouille_BT,Fouille réseau basse tension,
e4c5daf2,5ba1ce5a,,2ec17c4d,🎯 Cumul total à date,,82.0,-6.0,2026-04-20,ATACORA,ATA_Nat_05,Ouroubouga,P2AE_PBA_BT,PBA 9A200,
260568be,5ba1ce5a,,215ac167,🎯 Cumul total à date,,62.0,1.0,2026-04-20,ATACORA,ATA_Nat_05,Ouroubouga,P2AE_PBA_BT,PBA 9A650,
4f77d95d,5ba1ce5a,,9c6af0a4,🎯 Cumul total à date,,16.0,0.0,2026-04-20,ATACORA,ATA_Nat_05,Ouroubouga,P2AE_PBA_BT,PBA 9C650,
3d88b3bd,5ba1ce5a,,29ef61f5,🎯 Cumul total à date,,4.0,0.0,2026-04-20,ATACORA,ATA_Nat_05,Ouroubouga,P2AE_PBA_BT,PBA 11C650,1.0
5bf2bc34,5ba1ce5a,,f03cfc0b,🎯 Cumul total à date,,12.0,0.0,2026-04-20,ATACORA,ATA_Nat_05,Ouroubouga,P2AE_Fouille_HTA,Fouille réseau haute tension,
00dcdc3d,5ba1ce5a,,058e9b6a,🎯 Cumul total à date,,2.0,0.0,2026-04-20,ATACORA,ATA_Nat_05,Ouroubouga,P2AE_PBA_HTA,PBA 11A1250,
64397752,5ba1ce5a,,46cfa5f8,🎯 Cumul total à date,,2.0,0.0,2026-04-20,ATACORA,ATA_Nat_05,Ouroubouga,P2AE_PBA_HTA,PBA 12A800,
2e7b63f7,5ba1ce5a,,cd39f595,🎯 Cumul total à date,,3.0,0.0,2026-04-20,ATACORA,ATA_Nat_05,Ouroubouga,P2AE_PBA_HTA,PBA 13A400,
e4e00201,5ba1ce5a,,d6344558,🎯 Cumul total à date,,3.0,0.0,2026-04-20,ATACORA,ATA_Nat_05,Ouroubouga,P2AE_PBA_HTA,PBA 13C800,
fd3c4f3b,547d36c0,,46cfa5f8,🎯 Cumul total à date,,3.0,0.0,2026-04-20,ATACORA,ATA_Nat_06,Perma-centre,P2AE_PBA_HTA,PBA 12A800,
d07c26de,547d36c0,,f03cfc0b,🎯 Cumul total à date,,62.0,0.0,2026-04-20,ATACORA,ATA_Nat_06,Perma-centre,P2AE_Fouille_HTA,Fouille réseau haute tension,
baf1c5bf,fb3acdff,,8e6b4946,🎯 Cumul total à date,,2390.0,-2410.0,2026-04-14,ATACORA,ATA_Nat_13,Sountchirantikou,P2AE_Cable_BT,PRC 50mm²,
7f4c2d2d,4b66fe52,,8e6b4946,➕ Saisie du jour,1171.81,,1171.81,2026-04-21,ATACORA,ATA_Nat_03,Yimporima,P2AE_Cable_BT,PRC 50mm²,
d3bbbcd1,1e7fbe2f,,8e6b4946,➕ Saisie du jour,429.0,541.0,429.0,2026-04-22,ATACORA,ATA_Nat_03,Yimporima,P2AE_Cable_BT,PRC 50mm²,
27efcf74,f1007ad3,,8e6b4946,➕ Saisie du jour,541.0,,541.0,2026-04-23,ATACORA,ATA_Nat_03,Yimporima,P2AE_Cable_BT,PRC 50mm²,
3d5539af,2217c211,,8e6b4946,➕ Saisie du jour,976.12,,976.12,2026-04-24,ATACORA,ATA_Nat_03,Yimporima,P2AE_Cable_BT,PRC 50mm²,
a48062d8,275baf75,,8e6b4946,➕ Saisie du jour,205.0,202.0,205.0,2026-04-25,ATACORA,ATA_Nat_03,Yimporima,P2AE_Cable_BT,PRC 50mm²,
187bcfea,693d9600,,f03cfc0b,🎯 Cumul total à date,,1.0,0.0,2026-04-27,ALIBORI,ALI_Gog_01,Wara,P2AE_Fouille_HTA,Fouille réseau haute tension,
d20898ff,693d9600,,058e9b6a,🎯 Cumul total à date,,1.0,0.0,2026-04-27,ALIBORI,ALI_Gog_01,Wara,P2AE_PBA_HTA,PBA 11A1250,
6d737b66,093fdd5c,,2ec17c4d,🎯 Cumul total à date,,35.0,0.0,2026-04-27,ALIBORI,ALI_Gog_01,Wara,P2AE_PBA_BT,PBA 9A200,
890bc604,093fdd5c,,215ac167,🎯 Cumul total à date,,23.0,0.0,2026-04-27,ALIBORI,ALI_Gog_01,Wara,P2AE_PBA_BT,PBA 9A650,
b168fffd,093fdd5c,,e221b25e,🎯 Cumul total à date,,58.0,0.0,2026-04-27,ALIBORI,ALI_Gog_01,Wara,P2AE_Fouille_BT,Fouille réseau basse tension,
1f85f43f,f3bb39c7,,e221b25e,🎯 Cumul total à date,,57.0,0.0,2026-04-27,ALIBORI,ALI_Gog_02,Bagou-Sinkparou,P2AE_Fouille_BT,Fouille réseau basse tension,
63128817,f3bb39c7,,2ec17c4d,🎯 Cumul total à date,,32.0,0.0,2026-04-27,ALIBORI,ALI_Gog_02,Bagou-Sinkparou,P2AE_PBA_BT,PBA 9A200,
a438a655,f3bb39c7,,215ac167,🎯 Cumul total à date,,25.0,0.0,2026-04-27,ALIBORI,ALI_Gog_02,Bagou-Sinkparou,P2AE_PBA_BT,PBA 9A650,
229531aa,a898a965,,2ec17c4d,🎯 Cumul total à date,,24.0,0.0,2026-04-27,ALIBORI,ALI_Gog_03,Bagou-Yankpanou,P2AE_PBA_BT,PBA 9A200,
ce2ff6ef,a898a965,,215ac167,🎯 Cumul total à date,,13.0,0.0,2026-04-27,ALIBORI,ALI_Gog_03,Bagou-Yankpanou,P2AE_PBA_BT,PBA 9A650,
a7d13321,a898a965,,e221b25e,🎯 Cumul total à date,,37.0,0.0,2026-04-27,ALIBORI,ALI_Gog_03,Bagou-Yankpanou,P2AE_Fouille_BT,Fouille réseau basse tension,
16b5934e,57b72f90,,cd39f595,🎯 Cumul total à date,,3.0,0.0,2026-04-27,ALIBORI,ALI_Gog_03,Bagou-Yankpanou,P2AE_PBA_HTA,PBA 13A400,
de4b2c5b,57b72f90,,f03cfc0b,🎯 Cumul total à date,,3.0,0.0,2026-04-27,ALIBORI,ALI_Gog_03,Bagou-Yankpanou,P2AE_Fouille_HTA,Fouille réseau haute tension,
10d53b3e,d3eb6c03,,2ec17c4d,🎯 Cumul total à date,,121.0,0.0,2026-04-27,ALIBORI,ALI_Gog_04,Sori-Borowanrou,P2AE_PBA_BT,PBA 9A200,
8547d2ab,d3eb6c03,,215ac167,🎯 Cumul total à date,,64.0,0.0,2026-04-27,ALIBORI,ALI_Gog_04,Sori-Borowanrou,P2AE_PBA_BT,PBA 9A650,
ca8e9483,d3eb6c03,,e221b25e,🎯 Cumul total à date,,205.0,-1.0,2026-04-27,ALIBORI,ALI_Gog_04,Sori-Borowanrou,P2AE_Fouille_BT,Fouille réseau basse tension,
76c83e39,d3eb6c03,,9c6af0a4,🎯 Cumul total à date,,8.0,0.0,2026-04-27,ALIBORI,ALI_Gog_04,Sori-Borowanrou,P2AE_PBA_BT,PBA 9C650,
f4412e26,c4e55511,,058e9b6a,🎯 Cumul total à date,,1.0,0.0,2026-04-27,ALIBORI,ALI_Gog_04,Sori-Borowanrou,P2AE_PBA_HTA,PBA 11A1250,
5c7761a4,c4e55511,,f03cfc0b,🎯 Cumul total à date,,1.0,0.0,2026-04-27,ALIBORI,ALI_Gog_04,Sori-Borowanrou,P2AE_Fouille_HTA,Fouille réseau haute tension,
7ba0b2cd,1907f879,,2ec17c4d,🎯 Cumul total à date,,85.0,0.0,2026-04-27,ALIBORI,ALI_Gog_05,Sori-Kpankpanrou,P2AE_PBA_BT,PBA 9A200,
ab9a1cb2,1907f879,,215ac167,🎯 Cumul total à date,,41.0,0.0,2026-04-27,ALIBORI,ALI_Gog_05,Sori-Kpankpanrou,P2AE_PBA_BT,PBA 9A650,
3e3f075b,1907f879,,9c6af0a4,🎯 Cumul total à date,,13.0,0.0,2026-04-27,ALIBORI,ALI_Gog_05,Sori-Kpankpanrou,P2AE_PBA_BT,PBA 9C650,
9076b60f,1907f879,,e221b25e,🎯 Cumul total à date,,147.0,-18.0,2026-04-27,ALIBORI,ALI_Gog_05,Sori-Kpankpanrou,P2AE_Fouille_BT,Fouille réseau basse tension,
6d757fc8,72fb80e6,,058e9b6a,🎯 Cumul total à date,,1.0,0.0,2026-04-27,ALIBORI,ALI_Gog_05,Sori-Kpankpanrou,P2AE_PBA_HTA,PBA 11A1250,
91250615,72fb80e6,,46cfa5f8,🎯 Cumul total à date,,1.0,0.0,2026-04-27,ALIBORI,ALI_Gog_05,Sori-Kpankpanrou,P2AE_PBA_HTA,PBA 12A800,
fd567e62,72fb80e6,,cd39f595,🎯 Cumul total à date,,5.0,0.0,2026-04-27,ALIBORI,ALI_Gog_05,Sori-Kpankpanrou,P2AE_PBA_HTA,PBA 13A400,
b1bd7c10,72fb80e6,,f03cfc0b,🎯 Cumul total à date,,7.0,0.0,2026-04-27,ALIBORI,ALI_Gog_05,Sori-Kpankpanrou,P2AE_Fouille_HTA,Fouille réseau haute tension,
ba4eefc4,a63f3801,,2ec17c4d,🎯 Cumul total à date,,23.0,0.0,2026-04-27,ALIBORI,ALI_Kan_01,Kandi-fô,P2AE_PBA_BT,PBA 9A200,
1aa66816,a63f3801,,215ac167,🎯 Cumul total à date,,18.0,0.0,2026-04-27,ALIBORI,ALI_Kan_01,Kandi-fô,P2AE_PBA_BT,PBA 9A650,
0bc0b117,a63f3801,,9c6af0a4,🎯 Cumul total à date,,3.0,0.0,2026-04-27,ALIBORI,ALI_Kan_01,Kandi-fô,P2AE_PBA_BT,PBA 9C650,
5a106d0e,a63f3801,,29ef61f5,🎯 Cumul total à date,,1.0,0.0,2026-04-27,ALIBORI,ALI_Kan_01,Kandi-fô,P2AE_PBA_BT,PBA 11C650,1.0
975dc3cf,a63f3801,,e221b25e,🎯 Cumul total à date,,47.0,-28.0,2026-04-27,ALIBORI,ALI_Kan_01,Kandi-fô,P2AE_Fouille_BT,Fouille réseau basse tension,
7a4d161c,84a3743d,,058e9b6a,🎯 Cumul total à date,,1.0,0.0,2026-04-27,ALIBORI,ALI_Kan_01,Kandi-fô,P2AE_PBA_HTA,PBA 11A1250,
fab674fa,84a3743d,,46cfa5f8,🎯 Cumul total à date,,1.0,0.0,2026-04-27,ALIBORI,ALI_Kan_01,Kandi-fô,P2AE_PBA_HTA,PBA 12A800,
48f80535,5a1873e3,,2ec17c4d,🎯 Cumul total à date,,115.0,0.0,2026-04-27,ALIBORI,ALI_Kan_02,Albarika,P2AE_PBA_BT,PBA 9A200,
ea62e626,5a1873e3,,215ac167,🎯 Cumul total à date,,57.0,0.0,2026-04-27,ALIBORI,ALI_Kan_02,Albarika,P2AE_PBA_BT,PBA 9A650,
bc6c102d,5a1873e3,,9c6af0a4,🎯 Cumul total à date,,10.0,0.0,2026-04-27,ALIBORI,ALI_Kan_02,Albarika,P2AE_PBA_BT,PBA 9C650,
be3b5df3,5a1873e3,,e221b25e,🎯 Cumul total à date,,184.0,-2.0,2026-04-27,ALIBORI,ALI_Kan_02,Albarika,P2AE_Fouille_BT,Fouille réseau basse tension,
9163f2b8,5a1873e3,,f03cfc0b,🎯 Cumul total à date,,2.0,0.0,2026-04-27,ALIBORI,ALI_Kan_02,Albarika,P2AE_Fouille_HTA,Fouille réseau haute tension,
bbbd3c08,5a1873e3,,cd39f595,🎯 Cumul total à date,,2.0,0.0,2026-04-27,ALIBORI,ALI_Kan_02,Albarika,P2AE_PBA_HTA,PBA 13A400,
040d1d08,221f8573,,f03cfc0b,🎯 Cumul total à date,,2.0,0.0,2026-04-27,ALIBORI,ALI_Kan_03,Kéféré-Senté,P2AE_Fouille_HTA,Fouille réseau haute tension,
7d71f21c,221f8573,,058e9b6a,🎯 Cumul total à date,,1.0,0.0,2026-04-27,ALIBORI,ALI_Kan_03,Kéféré-Senté,P2AE_PBA_HTA,PBA 11A1250,
8a70fabe,221f8573,,46cfa5f8,🎯 Cumul total à date,,1.0,0.0,2026-04-27,ALIBORI,ALI_Kan_03,Kéféré-Senté,P2AE_PBA_HTA,PBA 12A800,
7c5b1873,221f8573,,e221b25e,🎯 Cumul total à date,,15.0,-2.0,2026-04-27,ALIBORI,ALI_Kan_03,Kéféré-Senté,P2AE_Fouille_BT,Fouille réseau basse tension,
c7d440c9,221f8573,,2ec17c4d,🎯 Cumul total à date,,7.0,0.0,2026-04-27,ALIBORI,ALI_Kan_03,Kéféré-Senté,P2AE_PBA_BT,PBA 9A200,
ce5ee151,221f8573,,215ac167,🎯 Cumul total à date,,7.0,0.0,2026-04-27,ALIBORI,ALI_Kan_03,Kéféré-Senté,P2AE_PBA_BT,PBA 9A650,
3f0eacbe,221f8573,,26e8ec03,🎯 Cumul total à date,,1.0,0.0,2026-04-27,ALIBORI,ALI_Kan_03,Kéféré-Senté,P2AE_PBA_HTA,PBA 11C650,1.0
09f2d160,fb52c557,,f03cfc0b,🎯 Cumul total à date,,6.0,0.0,2026-04-27,ALIBORI,ALI_Kan_04,Ganssoso-Gbiga,P2AE_Fouille_HTA,Fouille réseau haute tension,
4bcc607b,fb52c557,,058e9b6a,🎯 Cumul total à date,,2.0,0.0,2026-04-27,ALIBORI,ALI_Kan_04,Ganssoso-Gbiga,P2AE_PBA_HTA,PBA 11A1250,
62b6f183,fb52c557,,46cfa5f8,🎯 Cumul total à date,,2.0,0.0,2026-04-27,ALIBORI,ALI_Kan_04,Ganssoso-Gbiga,P2AE_PBA_HTA,PBA 12A800,
7d0ac15c,fb52c557,,cd39f595,🎯 Cumul total à date,,2.0,0.0,2026-04-27,ALIBORI,ALI_Kan_04,Ganssoso-Gbiga,P2AE_PBA_HTA,PBA 13A400,
d62fab2d,fb52c557,,e221b25e,🎯 Cumul total à date,,199.0,-143.0,2026-04-27,ALIBORI,ALI_Kan_04,Ganssoso-Gbiga,P2AE_Fouille_BT,Fouille réseau basse tension,
0f51c050,fb52c557,,2ec17c4d,🎯 Cumul total à date,,102.0,0.0,2026-04-27,ALIBORI,ALI_Kan_04,Ganssoso-Gbiga,P2AE_PBA_BT,PBA 9A200,
186c9c95,fb52c557,,215ac167,🎯 Cumul total à date,,76.0,0.0,2026-04-27,ALIBORI,ALI_Kan_04,Ganssoso-Gbiga,P2AE_PBA_BT,PBA 9A650,
53c9a4a2,fb52c557,,9c6af0a4,🎯 Cumul total à date,,16.0,0.0,2026-04-27,ALIBORI,ALI_Kan_04,Ganssoso-Gbiga,P2AE_PBA_BT,PBA 9C650,
701c653a,fb52c557,,29ef61f5,🎯 Cumul total à date,,2.0,0.0,2026-04-27,ALIBORI,ALI_Kan_04,Ganssoso-Gbiga,P2AE_PBA_BT,PBA 11C650,1.0
952ba02b,d416df19,,f03cfc0b,🎯 Cumul total à date,,3.0,1.0,2026-04-27,ALIBORI,ALI_Kan_05,Soundou,P2AE_Fouille_HTA,Fouille réseau haute tension,
c67e30e7,d416df19,,058e9b6a,🎯 Cumul total à date,,1.0,0.0,2026-04-27,ALIBORI,ALI_Kan_05,Soundou,P2AE_PBA_HTA,PBA 11A1250,
724784ae,d416df19,,46cfa5f8,🎯 Cumul total à date,,1.0,1.0,2026-04-27,ALIBORI,ALI_Kan_05,Soundou,P2AE_PBA_HTA,PBA 12A800,
1c73fa46,d416df19,,cd39f595,🎯 Cumul total à date,,1.0,0.0,2026-04-27,ALIBORI,ALI_Kan_05,Soundou,P2AE_PBA_HTA,PBA 13A400,
c2decbb1,d416df19,,e221b25e,🎯 Cumul total à date,,53.0,4.0,2026-04-27,ALIBORI,ALI_Kan_05,Soundou,P2AE_Fouille_BT,Fouille réseau basse tension,
184f7427,d416df19,,2ec17c4d,🎯 Cumul total à date,,23.0,4.0,2026-04-27,ALIBORI,ALI_Kan_05,Soundou,P2AE_PBA_BT,PBA 9A200,
5e8ebaae,d416df19,,215ac167,🎯 Cumul total à date,,24.0,2.0,2026-04-27,ALIBORI,ALI_Kan_05,Soundou,P2AE_PBA_BT,PBA 9A650,
70ff7489,d416df19,,9c6af0a4,🎯 Cumul total à date,,4.0,0.0,2026-04-27,ALIBORI,ALI_Kan_05,Soundou,P2AE_PBA_BT,PBA 9C650,
6c7e2d44,d416df19,,29ef61f5,🎯 Cumul total à date,,1.0,0.0,2026-04-27,ALIBORI,ALI_Kan_05,Soundou,P2AE_PBA_BT,PBA 11C650,1.0
572b836a,d726e9b5,,f03cfc0b,🎯 Cumul total à date,,2.0,1.0,2026-04-27,ALIBORI,ALI_Kan_06,Fafa,P2AE_Fouille_HTA,Fouille réseau haute tension,
77eb9b19,d726e9b5,,058e9b6a,🎯 Cumul total à date,,1.0,0.0,2026-04-27,ALIBORI,ALI_Kan_06,Fafa,P2AE_PBA_HTA,PBA 11A1250,
fcc809fa,d726e9b5,,46cfa5f8,🎯 Cumul total à date,,1.0,1.0,2026-04-27,ALIBORI,ALI_Kan_06,Fafa,P2AE_PBA_HTA,PBA 12A800,
0565a92c,d726e9b5,,e221b25e,🎯 Cumul total à date,,46.0,-11.0,2026-04-27,ALIBORI,ALI_Kan_06,Fafa,P2AE_Fouille_BT,Fouille réseau basse tension,
68af4e17,d726e9b5,,2ec17c4d,🎯 Cumul total à date,,25.0,2.0,2026-04-27,ALIBORI,ALI_Kan_06,Fafa,P2AE_PBA_BT,PBA 9A200,
7711fe64,d726e9b5,,215ac167,🎯 Cumul total à date,,17.0,3.0,2026-04-27,ALIBORI,ALI_Kan_06,Fafa,P2AE_PBA_BT,PBA 9A650,
2ad7a91f,d726e9b5,,9c6af0a4,🎯 Cumul total à date,,1.0,1.0,2026-04-27,ALIBORI,ALI_Kan_06,Fafa,P2AE_PBA_BT,PBA 9C650,
fc475c99,d726e9b5,,29ef61f5,🎯 Cumul total à date,,1.0,-1.0,2026-04-27,ALIBORI,ALI_Kan_06,Fafa,P2AE_PBA_BT,PBA 11C650,1.0
b127feeb,2ce1b0e9,,e221b25e,🎯 Cumul total à date,,227.0,0.0,2026-04-27,BORGOU,BOR_Par_02,Banikani-Rose-croix,P2AE_Fouille_BT,Fouille réseau basse tension,
5cda203c,2ce1b0e9,,2ec17c4d,🎯 Cumul total à date,,184.0,49.0,2026-04-27,BORGOU,BOR_Par_02,Banikani-Rose-croix,P2AE_PBA_BT,PBA 9A200,
ca4b2eac,2ce1b0e9,,215ac167,🎯 Cumul total à date,,63.0,42.0,2026-04-27,BORGOU,BOR_Par_02,Banikani-Rose-croix,P2AE_PBA_BT,PBA 9A650,
a9225660,2ce1b0e9,,9c6af0a4,🎯 Cumul total à date,,7.0,2.0,2026-04-27,BORGOU,BOR_Par_02,Banikani-Rose-croix,P2AE_PBA_BT,PBA 9C650,
e513a465,58d97eb6,,e221b25e,🎯 Cumul total à date,,128.0,0.0,2026-04-27,BORGOU,BOR_Par_03,Zongo,P2AE_Fouille_BT,Fouille réseau basse tension,
528c5abd,58d97eb6,,2ec17c4d,🎯 Cumul total à date,,90.0,15.0,2026-04-27,BORGOU,BOR_Par_03,Zongo,P2AE_PBA_BT,PBA 9A200,
2f9ee6dd,58d97eb6,,215ac167,🎯 Cumul total à date,,49.0,20.0,2026-04-27,BORGOU,BOR_Par_03,Zongo,P2AE_PBA_BT,PBA 9A650,
69647505,58d97eb6,,9c6af0a4,🎯 Cumul total à date,,7.0,2.0,2026-04-27,BORGOU,BOR_Par_03,Zongo,P2AE_PBA_BT,PBA 9C650,
1db69030,a965298b,,e221b25e,🎯 Cumul total à date,,284.0,0.0,2026-04-27,BORGOU,BOR_Par_05,Bahmora,P2AE_Fouille_BT,Fouille réseau basse tension,
18eb4885,a965298b,,2ec17c4d,🎯 Cumul total à date,,196.0,25.0,2026-04-27,BORGOU,BOR_Par_05,Bahmora,P2AE_PBA_BT,PBA 9A200,
e6eb7627,a965298b,,215ac167,🎯 Cumul total à date,,67.0,11.0,2026-04-27,BORGOU,BOR_Par_05,Bahmora,P2AE_PBA_BT,PBA 9A650,
ccc62328,a965298b,,9c6af0a4,🎯 Cumul total à date,,8.0,0.0,2026-04-27,BORGOU,BOR_Par_05,Bahmora,P2AE_PBA_BT,PBA 9C650,
2b8149f5,4e4574ef,,e221b25e,🎯 Cumul total à date,,118.0,0.0,2026-04-27,BORGOU,BOR_Par_06,Bawé,P2AE_Fouille_BT,Fouille réseau basse tension,
8e1cb2bb,4e4574ef,,2ec17c4d,🎯 Cumul total à date,,45.0,0.0,2026-04-27,BORGOU,BOR_Par_06,Bawé,P2AE_PBA_BT,PBA 9A200,
f3c4a9b4,4e4574ef,,9c6af0a4,🎯 Cumul total à date,,17.0,0.0,2026-04-27,BORGOU,BOR_Par_06,Bawé,P2AE_PBA_BT,PBA 9C650,
ab329e98,a813b223,,e221b25e,🎯 Cumul total à date,,458.0,9.0,2026-04-27,BORGOU,BOR_Par_08,Kpérou-Guéra,P2AE_Fouille_BT,Fouille réseau basse tension,
ee0a3f9a,a813b223,,2ec17c4d,🎯 Cumul total à date,,351.0,111.0,2026-04-27,BORGOU,BOR_Par_08,Kpérou-Guéra,P2AE_PBA_BT,PBA 9A200,
f7bc30fa,a813b223,,215ac167,🎯 Cumul total à date,,125.0,16.0,2026-04-27,BORGOU,BOR_Par_08,Kpérou-Guéra,P2AE_PBA_BT,PBA 9A650,
c111f145,a813b223,,9c6af0a4,🎯 Cumul total à date,,30.0,12.0,2026-04-27,BORGOU,BOR_Par_08,Kpérou-Guéra,P2AE_PBA_BT,PBA 9C650,
e7f72b0a,634291f4,,e221b25e,🎯 Cumul total à date,,605.0,24.0,2026-04-27,BORGOU,BOR_Par_09,Okédama,P2AE_Fouille_BT,Fouille réseau basse tension,
c3a5a298,634291f4,,2ec17c4d,🎯 Cumul total à date,,347.0,89.0,2026-04-27,BORGOU,BOR_Par_09,Okédama,P2AE_PBA_BT,PBA 9A200,
b10bec15,634291f4,,215ac167,🎯 Cumul total à date,,129.0,52.0,2026-04-27,BORGOU,BOR_Par_09,Okédama,P2AE_PBA_BT,PBA 9A650,
0e85b544,634291f4,,9c6af0a4,🎯 Cumul total à date,,24.0,14.0,2026-04-27,BORGOU,BOR_Par_09,Okédama,P2AE_PBA_BT,PBA 9C650,
5074a376,5fbecf94,,e221b25e,🎯 Cumul total à date,,303.0,0.0,2026-04-27,BORGOU,BOR_Dal_02,Tounré,P2AE_Fouille_BT,Fouille réseau basse tension,
b3c26a3b,5fbecf94,,2ec17c4d,🎯 Cumul total à date,,168.0,0.0,2026-04-27,BORGOU,BOR_Dal_02,Tounré,P2AE_PBA_BT,PBA 9A200,
06a8eb95,f2f580da,,e221b25e,🎯 Cumul total à date,,156.0,0.0,2026-04-27,BORGOU,BOR_Dal_03,Komiguéa,P2AE_Fouille_BT,Fouille réseau basse tension,
f5615f51,f2f580da,,2ec17c4d,🎯 Cumul total à date,,70.0,0.0,2026-04-27,BORGOU,BOR_Dal_03,Komiguéa,P2AE_PBA_BT,PBA 9A200,
cd3f1743,12a0cf11,,f03cfc0b,🎯 Cumul total à date,,18.0,18.0,2026-04-27,BORGOU,BOR_Par_08,Kpérou-Guéra,P2AE_Fouille_HTA,Fouille réseau haute tension,
793c22e0,12a0cf11,,cd39f595,🎯 Cumul total à date,,18.0,18.0,2026-04-27,BORGOU,BOR_Par_08,Kpérou-Guéra,P2AE_PBA_HTA,PBA 13A400,
18682ce2,7ea9a01e,,e221b25e,🎯 Cumul total à date,,132.0,-9.0,2026-04-27,BORGOU,BOR_Tcha_01,Kpakpanin,P2AE_Fouille_BT,Fouille réseau basse tension,
560e7afc,7ea9a01e,,2ec17c4d,🎯 Cumul total à date,,66.0,0.0,2026-04-27,BORGOU,BOR_Tcha_01,Kpakpanin,P2AE_PBA_BT,PBA 9A200,
d223c746,7ea9a01e,,215ac167,🎯 Cumul total à date,,39.0,13.0,2026-04-27,BORGOU,BOR_Tcha_01,Kpakpanin,P2AE_PBA_BT,PBA 9A650,
e025d5aa,7ea9a01e,,9c6af0a4,🎯 Cumul total à date,,2.0,1.0,2026-04-27,BORGOU,BOR_Tcha_01,Kpakpanin,P2AE_PBA_BT,PBA 9C650,
18e987ad,7ea9a01e,,29ef61f5,🎯 Cumul total à date,,5.0,5.0,2026-04-27,BORGOU,BOR_Tcha_01,Kpakpanin,P2AE_PBA_BT,PBA 11C650,1.0
212df87b,7ea9a01e,,f03cfc0b,🎯 Cumul total à date,,9.0,9.0,2026-04-27,BORGOU,BOR_Tcha_01,Kpakpanin,P2AE_Fouille_HTA,Fouille réseau haute tension,
c3424eb3,7ea9a01e,,058e9b6a,🎯 Cumul total à date,,1.0,1.0,2026-04-27,BORGOU,BOR_Tcha_01,Kpakpanin,P2AE_PBA_HTA,PBA 11A1250,
463d4b64,7ea9a01e,,46cfa5f8,🎯 Cumul total à date,,1.0,1.0,2026-04-27,BORGOU,BOR_Tcha_01,Kpakpanin,P2AE_PBA_HTA,PBA 12A800,
29a60f4a,7ea9a01e,,cd39f595,🎯 Cumul total à date,,6.0,6.0,2026-04-27,BORGOU,BOR_Tcha_01,Kpakpanin,P2AE_PBA_HTA,PBA 13A400,
35ad8f1f,7ea9a01e,,d6344558,🎯 Cumul total à date,,1.0,1.0,2026-04-27,BORGOU,BOR_Tcha_01,Kpakpanin,P2AE_PBA_HTA,PBA 13C800,
3597bd20,9fbdc2a3,,e221b25e,🎯 Cumul total à date,,32.0,-1.0,2026-04-27,BORGOU,BOR_Tcha_02,Sakana-Kpéba,P2AE_Fouille_BT,Fouille réseau basse tension,
77f85077,9fbdc2a3,,2ec17c4d,🎯 Cumul total à date,,7.0,0.0,2026-04-27,BORGOU,BOR_Tcha_02,Sakana-Kpéba,P2AE_PBA_BT,PBA 9A200,
79e502c0,9fbdc2a3,,215ac167,🎯 Cumul total à date,,13.0,13.0,2026-04-27,BORGOU,BOR_Tcha_02,Sakana-Kpéba,P2AE_PBA_BT,PBA 9A650,
87e31ac9,9fbdc2a3,,9c6af0a4,🎯 Cumul total à date,,1.0,1.0,2026-04-27,BORGOU,BOR_Tcha_02,Sakana-Kpéba,P2AE_PBA_BT,PBA 9C650,
e3d0fd18,9fbdc2a3,,29ef61f5,🎯 Cumul total à date,,4.0,4.0,2026-04-27,BORGOU,BOR_Tcha_02,Sakana-Kpéba,P2AE_PBA_BT,PBA 11C650,1.0
4434c705,9fbdc2a3,,f03cfc0b,🎯 Cumul total à date,,1.0,1.0,2026-04-27,BORGOU,BOR_Tcha_02,Sakana-Kpéba,P2AE_Fouille_HTA,Fouille réseau haute tension,
65dd06df,9fbdc2a3,,46cfa5f8,🎯 Cumul total à date,,1.0,1.0,2026-04-27,BORGOU,BOR_Tcha_02,Sakana-Kpéba,P2AE_PBA_HTA,PBA 12A800,
e21da02a,e6feae3a,,e221b25e,🎯 Cumul total à date,,27.0,0.0,2026-04-27,BORGOU,BOR_Tcha_04,Barérou,P2AE_Fouille_BT,Fouille réseau basse tension,
8b833576,e6feae3a,,2ec17c4d,🎯 Cumul total à date,,12.0,2.0,2026-04-27,BORGOU,BOR_Tcha_04,Barérou,P2AE_PBA_BT,PBA 9A200,
ff4515e9,e6feae3a,,215ac167,🎯 Cumul total à date,,10.0,7.0,2026-04-27,BORGOU,BOR_Tcha_04,Barérou,P2AE_PBA_BT,PBA 9A650,
d0de777c,e6feae3a,,9c6af0a4,🎯 Cumul total à date,,3.0,3.0,2026-04-27,BORGOU,BOR_Tcha_04,Barérou,P2AE_PBA_BT,PBA 9C650,
a086f6db,8aed627f,,e221b25e,🎯 Cumul total à date,,64.0,0.0,2026-04-27,BORGOU,BOR_Tcha_03,Kpessou,P2AE_Fouille_BT,Fouille réseau basse tension,
71845a7a,8aed627f,,2ec17c4d,🎯 Cumul total à date,,27.0,0.0,2026-04-27,BORGOU,BOR_Tcha_03,Kpessou,P2AE_PBA_BT,PBA 9A200,
e9db3a15,d726e9b5,,526229bb,🎯 Cumul total à date,,1.0,1.0,2026-04-27,ALIBORI,ALI_Kan_06,Fafa,P2AE_PBA_BT,PBA 9C800,
9f084d4a,d3eb6c03,,26e8ec03,🎯 Cumul total à date,,1.0,0.0,2026-04-27,ALIBORI,ALI_Gog_04,Sori-Borowanrou,P2AE_PBA_HTA,PBA 11C650,1.0
adf70c77,d3eb6c03,,f03cfc0b,🎯 Cumul total à date,,1.0,0.0,2026-04-27,ALIBORI,ALI_Gog_04,Sori-Borowanrou,P2AE_Fouille_HTA,Fouille réseau haute tension,
53374c19,d3eb6c03,,058e9b6a,🎯 Cumul total à date,,1.0,0.0,2026-04-27,ALIBORI,ALI_Gog_04,Sori-Borowanrou,P2AE_PBA_HTA,PBA 11A1250,
8afb3f34,24859d8e,,2ec17c4d,➕ Saisie du jour,0.0,,0.0,2026-04-12,ALIBORI,ALI_Gog_03,Bagou-Yankpanou,P2AE_PBA_BT,PBA 9A200,
6e6596fe,bea40cb8,,058e9b6a,🎯 Cumul total à date,,2.0,0.0,2026-04-20,ATACORA,ATA_Nat_12,Kantchagoutamou,P2AE_PBA_HTA,PBA 11A1250,
053fbdf8,bea40cb8,,46cfa5f8,🎯 Cumul total à date,,2.0,0.0,2026-04-20,ATACORA,ATA_Nat_12,Kantchagoutamou,P2AE_PBA_HTA,PBA 12A800,
34455f37,bea40cb8,,cd39f595,🎯 Cumul total à date,,3.0,0.0,2026-04-20,ATACORA,ATA_Nat_12,Kantchagoutamou,P2AE_PBA_HTA,PBA 13A400,
acf12f71,bea40cb8,,d6344558,🎯 Cumul total à date,,4.0,0.0,2026-04-20,ATACORA,ATA_Nat_12,Kantchagoutamou,P2AE_PBA_HTA,PBA 13C800,
2ac96361,0400db7e,,d6344558,➕ Saisie du jour,2.0,,2.0,2026-05-04,ALIBORI,ALI_Kan_05,Soundou,P2AE_PBA_HTA,PBA 13C800,
c6adca32,634d141c,,2ec17c4d,➕ Saisie du jour,2.0,2.0,2.0,2026-05-04,ALIBORI,ALI_Kan_04,Ganssoso-Gbiga,P2AE_PBA_BT,PBA 9A200,
3e5e5317,634d141c,,215ac167,➕ Saisie du jour,3.0,,3.0,2026-05-04,ALIBORI,ALI_Kan_04,Ganssoso-Gbiga,P2AE_PBA_BT,PBA 9A650,
1553c4cd,634d141c,,9c6af0a4,➕ Saisie du jour,1.0,,1.0,2026-05-04,ALIBORI,ALI_Kan_04,Ganssoso-Gbiga,P2AE_PBA_BT,PBA 9C650,
d2d161c8,634d141c,,526229bb,➕ Saisie du jour,1.0,,1.0,2026-05-04,ALIBORI,ALI_Kan_04,Ganssoso-Gbiga,P2AE_PBA_BT,PBA 9C800,
2a2fa37b,592d5380,,058e9b6a,➕ Saisie du jour,2.0,,2.0,2026-05-04,ALIBORI,ALI_Kan_02,Albarika,P2AE_PBA_HTA,PBA 11A1250,
eaf52146,592d5380,,cd39f595,➕ Saisie du jour,1.0,,1.0,2026-05-04,ALIBORI,ALI_Kan_02,Albarika,P2AE_PBA_HTA,PBA 13A400,
c09181e7,592d5380,,46cfa5f8,➕ Saisie du jour,2.0,,2.0,2026-05-04,ALIBORI,ALI_Kan_02,Albarika,P2AE_PBA_HTA,PBA 12A800,
42066675,cb13c11a,,8e6b4946,🎯 Cumul total à date,,1772.5,1772.5,2026-05-04,ALIBORI,ALI_Kan_06,Fafa,P2AE_Cable_BT,PRC 50mm²,
830ea10e,357c4c5e,,8e6b4946,🎯 Cumul total à date,,1770.0,1770.0,2026-05-04,ALIBORI,ALI_Kan_05,Soundou,P2AE_Cable_BT,PRC 50mm²,
29fb4ec4,32b488d7,,59dc5a38,🎯 Cumul total à date,,607.0,607.0,2026-05-04,ALIBORI,ALI_Kan_04,Ganssoso-Gbiga,P2AE_Cable_BT,PRC 70mm²,
dd995f37,32b488d7,,8e6b4946,🎯 Cumul total à date,,1793.0,1793.0,2026-05-04,ALIBORI,ALI_Kan_04,Ganssoso-Gbiga,P2AE_Cable_BT,PRC 50mm²,
759dd19e,e04b5321,,d6344558,➕ Saisie du jour,3.0,,3.0,2026-05-04,ALIBORI,ALI_Kan_04,Ganssoso-Gbiga,P2AE_PBA_HTA,PBA 13C800,
e86c16f7,0cd36aff,,2ec17c4d,➕ Saisie du jour,2.0,,2.0,2026-05-04,ALIBORI,ALI_Kan_02,Albarika,P2AE_PBA_BT,PBA 9A200,
5eb9f246,0cd36aff,,215ac167,➕ Saisie du jour,2.0,2.0,2.0,2026-05-04,ALIBORI,ALI_Kan_02,Albarika,P2AE_PBA_BT,PBA 9A650,
d7ba6cb8,0cd36aff,,26e8ec03,➕ Saisie du jour,2.0,2.0,2.0,2026-05-04,ALIBORI,ALI_Kan_02,Albarika,P2AE_PBA_HTA,PBA 11C650,1.0
70fb8a01,0cd36aff,,e221b25e,➕ Saisie du jour,15.0,,15.0,2026-05-04,ALIBORI,ALI_Kan_02,Albarika,P2AE_Fouille_BT,Fouille réseau basse tension,
e118b33d,634d141c,,e221b25e,➕ Saisie du jour,8.0,,8.0,2026-05-04,ALIBORI,ALI_Kan_04,Ganssoso-Gbiga,P2AE_Fouille_BT,Fouille réseau basse tension,
eaff1a12,fcdaa80c,,2ec17c4d,➕ Saisie du jour,3.0,,3.0,2026-05-04,BORGOU,BOR_Par_02,Banikani-Rose-croix,P2AE_PBA_BT,PBA 9A200,
3300055f,fcdaa80c,,215ac167,➕ Saisie du jour,8.0,,8.0,2026-05-04,BORGOU,BOR_Par_02,Banikani-Rose-croix,P2AE_PBA_BT,PBA 9A650,
6325f295,12cdb03c,,e221b25e,➕ Saisie du jour,10.0,10.0,10.0,2026-05-04,BORGOU,BOR_Par_03,Zongo,P2AE_Fouille_BT,Fouille réseau basse tension,
7ea36592,6dac4689,,e221b25e,➕ Saisie du jour,38.0,,38.0,2026-05-04,BORGOU,BOR_Par_05,Bahmora,P2AE_Fouille_BT,Fouille réseau basse tension,
b16a7ded,6dac4689,,2ec17c4d,➕ Saisie du jour,29.0,,29.0,2026-05-04,BORGOU,BOR_Par_05,Bahmora,P2AE_PBA_BT,PBA 9A200,
988ba87e,6dac4689,,215ac167,➕ Saisie du jour,28.0,,28.0,2026-05-04,BORGOU,BOR_Par_05,Bahmora,P2AE_PBA_BT,PBA 9A650,
ea436deb,ff1fd143,,f03cfc0b,➕ Saisie du jour,15.0,,15.0,2026-05-04,BORGOU,BOR_Par_08,Kpérou-Guéra,P2AE_Fouille_HTA,Fouille réseau haute tension,
63c306af,ff1fd143,,058e9b6a,➕ Saisie du jour,3.0,,3.0,2026-05-04,BORGOU,BOR_Par_08,Kpérou-Guéra,P2AE_PBA_HTA,PBA 11A1250,
2b1f9ad0,ff1fd143,,46cfa5f8,➕ Saisie du jour,3.0,,3.0,2026-05-04,BORGOU,BOR_Par_08,Kpérou-Guéra,P2AE_PBA_HTA,PBA 12A800,
59bdd325,ff1fd143,,cd39f595,➕ Saisie du jour,9.0,,9.0,2026-05-04,BORGOU,BOR_Par_08,Kpérou-Guéra,P2AE_PBA_HTA,PBA 13A400,
7cc8bff1,ecf482d8,,e221b25e,➕ Saisie du jour,29.0,,29.0,2026-05-04,BORGOU,BOR_Par_08,Kpérou-Guéra,P2AE_Fouille_BT,Fouille réseau basse tension,
475a5d6d,ecf482d8,,2ec17c4d,➕ Saisie du jour,18.0,,18.0,2026-05-04,BORGOU,BOR_Par_08,Kpérou-Guéra,P2AE_PBA_BT,PBA 9A200,
7997f930,ecf482d8,,215ac167,➕ Saisie du jour,46.0,,46.0,2026-05-04,BORGOU,BOR_Par_08,Kpérou-Guéra,P2AE_PBA_BT,PBA 9A650,
a7b05081,ecf482d8,,9c6af0a4,➕ Saisie du jour,2.0,,2.0,2026-05-04,BORGOU,BOR_Par_08,Kpérou-Guéra,P2AE_PBA_BT,PBA 9C650,
6afed42a,ecf482d8,,29ef61f5,➕ Saisie du jour,5.0,,5.0,2026-05-04,BORGOU,BOR_Par_08,Kpérou-Guéra,P2AE_PBA_BT,PBA 11C650,1.0
9cdf27df,ddb98cb5,,e221b25e,➕ Saisie du jour,31.0,,31.0,2026-05-04,BORGOU,BOR_Par_09,Okédama,P2AE_Fouille_BT,Fouille réseau basse tension,
8e842e18,ddb98cb5,,2ec17c4d,➕ Saisie du jour,8.0,,8.0,2026-05-04,BORGOU,BOR_Par_09,Okédama,P2AE_PBA_BT,PBA 9A200,
0c1d4dea,ddb98cb5,,215ac167,➕ Saisie du jour,52.0,,52.0,2026-05-04,BORGOU,BOR_Par_09,Okédama,P2AE_PBA_BT,PBA 9A650,
b097a506,ddb98cb5,,9c6af0a4,➕ Saisie du jour,1.0,,1.0,2026-05-04,BORGOU,BOR_Par_09,Okédama,P2AE_PBA_BT,PBA 9C650,
9ffcae6a,4e24f8d0,,e221b25e,➕ Saisie du jour,18.0,,18.0,2026-05-04,BORGOU,BOR_Dal_02,Tounré,P2AE_Fouille_BT,Fouille réseau basse tension,
bed99248,4e24f8d0,,2ec17c4d,➕ Saisie du jour,2.0,,2.0,2026-05-04,BORGOU,BOR_Dal_02,Tounré,P2AE_PBA_BT,PBA 9A200,
9dd9476e,4e24f8d0,,9c6af0a4,➕ Saisie du jour,14.0,,14.0,2026-05-04,BORGOU,BOR_Dal_02,Tounré,P2AE_PBA_BT,PBA 9C650,
8fe8c0dc,4e24f8d0,,215ac167,➕ Saisie du jour,48.0,,48.0,2026-05-04,BORGOU,BOR_Dal_02,Tounré,P2AE_PBA_BT,PBA 9A650,
cae0827c,2819acea,,e221b25e,➕ Saisie du jour,14.0,,14.0,2026-05-05,ALIBORI,ALI_Kan_02,Albarika,P2AE_Fouille_BT,Fouille réseau basse tension,
4b5ae732,f9c716ac,,f03cfc0b,➕ Saisie du jour,1.0,,1.0,2026-05-05,ALIBORI,ALI_Kan_02,Albarika,P2AE_Fouille_HTA,Fouille réseau haute tension,
516975c1,39d99555,,e221b25e,➕ Saisie du jour,1.0,,1.0,2026-05-05,ALIBORI,ALI_Kan_01,Kandi-fô,P2AE_Fouille_BT,Fouille réseau basse tension,
69c877b2,80572dee,,8e6b4946,➕ Saisie du jour,413.0,,413.0,2026-05-05,ATACORA,ATA_Nat_03,Yimporima,P2AE_Cable_BT,PRC 50mm²,
fce76981,dc193d2c,,8e6b4946,➕ Saisie du jour,1515.86,,1515.86,2026-05-04,ALIBORI,ALI_Kan_04,Ganssoso-Gbiga,P2AE_Cable_BT,PRC 50mm²,
c9077ba3,78ebc200,,8e6b4946,➕ Saisie du jour,1000.0,,1000.0,2026-05-05,ALIBORI,ALI_Kan_04,Ganssoso-Gbiga,P2AE_Cable_BT,PRC 50mm²,
f76d1a6b,48a54318,,8e6b4946,➕ Saisie du jour,244.0,,244.0,2026-05-04,ATACORA,ATA_Nat_03,Yimporima,P2AE_Cable_BT,PRC 50mm²,
ad557564,5d1aaa85,,8e6b4946,➕ Saisie du jour,107.0,,107.0,2026-05-04,ATACORA,ATA_Nat_10,Yokossi,P2AE_Cable_BT,PRC 50mm²,
26fc6047,9b10b90e,,59dc5a38,➕ Saisie du jour,754.0,,754.0,2026-05-06,ATACORA,ATA_Nat_03,Yimporima,P2AE_Cable_BT,PRC 70mm²,
9cbd85c7,6635423c,,8e6b4946,➕ Saisie du jour,292.0,,292.0,2026-05-06,ATACORA,ATA_Nat_03,Yimporima,P2AE_Cable_BT,PRC 50mm²,
b73b4e2a,8cc9f393,,59dc5a38,➕ Saisie du jour,713.0,,713.0,2026-05-06,ALIBORI,ALI_Kan_04,Ganssoso-Gbiga,P2AE_Cable_BT,PRC 70mm²,
ae6d4a07,8cc9f393,,8e6b4946,➕ Saisie du jour,424.63,,424.63,2026-05-06,ALIBORI,ALI_Kan_04,Ganssoso-Gbiga,P2AE_Cable_BT,PRC 50mm²,
7b04cb25,ef88865e,,8e6b4946,➕ Saisie du jour,457.0,,457.0,2026-05-07,ATACORA,ATA_Nat_03,Yimporima,P2AE_Cable_BT,PRC 50mm²,
0159dc2c,384ce808,,8e6b4946,➕ Saisie du jour,574.0,574.0,574.0,2026-05-08,ATACORA,ATA_Nat_03,Yimporima,P2AE_Cable_BT,PRC 50mm²,
d4b94389,8718fe5b,,2ec17c4d,🎯 Cumul total à date,,78.0,0.0,2026-04-19,ATACORA,ATA_Nat_01,Kotopounga,P2AE_PBA_BT,PBA 9A200,
d42b5694,8718fe5b,,215ac167,🎯 Cumul total à date,,60.0,0.0,2026-04-19,ATACORA,ATA_Nat_01,Kotopounga,P2AE_PBA_BT,PBA 9A650,
676814ab,8718fe5b,,9c6af0a4,🎯 Cumul total à date,,15.0,15.0,2026-04-19,ATACORA,ATA_Nat_01,Kotopounga,P2AE_PBA_BT,PBA 9C650,
a3f61f12,8718fe5b,,29ef61f5,🎯 Cumul total à date,,2.0,2.0,2026-04-19,ATACORA,ATA_Nat_01,Kotopounga,P2AE_PBA_BT,PBA 11C650,1.0
50d652d1,8718fe5b,,e221b25e,🎯 Cumul total à date,,160.0,0.0,2026-04-19,ATACORA,ATA_Nat_01,Kotopounga,P2AE_Fouille_BT,Fouille réseau basse tension,
e57d2743,3323301c,,2ec17c4d,🎯 Cumul total à date,,51.0,0.0,2026-04-19,ATACORA,ATA_Nat_02,Winkè,P2AE_PBA_BT,PBA 9A200,
0b6a2f9b,3323301c,,215ac167,🎯 Cumul total à date,,48.0,0.0,2026-04-19,ATACORA,ATA_Nat_02,Winkè,P2AE_PBA_BT,PBA 9A650,
a3bfee42,3323301c,,9c6af0a4,🎯 Cumul total à date,,3.0,0.0,2026-04-19,ATACORA,ATA_Nat_02,Winkè,P2AE_PBA_BT,PBA 9C650,
6174dd2b,3323301c,,29ef61f5,🎯 Cumul total à date,,3.0,0.0,2026-04-19,ATACORA,ATA_Nat_02,Winkè,P2AE_PBA_BT,PBA 11C650,1.0
eb1e3e6c,3323301c,,e221b25e,🎯 Cumul total à date,,105.0,0.0,2026-04-19,ATACORA,ATA_Nat_02,Winkè,P2AE_Fouille_BT,Fouille réseau basse tension,
937554ac,4bf5ca1f,,2ec17c4d,➕ Saisie du jour,1.0,,1.0,2026-05-07,ATACORA,ATA_Nat_03,Yimporima,P2AE_PBA_BT,PBA 9A200,
d4e53219,4bf5ca1f,,215ac167,➕ Saisie du jour,1.0,,1.0,2026-05-07,ATACORA,ATA_Nat_03,Yimporima,P2AE_PBA_BT,PBA 9A650,
4d0c3c03,3ff3929d,,215ac167,➕ Saisie du jour,2.0,,2.0,2026-05-09,ALIBORI,ALI_Kan_04,Ganssoso-Gbiga,P2AE_PBA_BT,PBA 9A650,
160f6bc8,3ff3929d,,8e6b4946,🎯 Cumul total à date,,5808.0,1075.0,2026-05-09,ALIBORI,ALI_Kan_04,Ganssoso-Gbiga,P2AE_Cable_BT,PRC 50mm²,
1e5c85f5,3ff3929d,,59dc5a38,🎯 Cumul total à date,,2009.05,689.05,2026-05-09,ALIBORI,ALI_Kan_04,Ganssoso-Gbiga,P2AE_Cable_BT,PRC 70mm²,
9efde464,05da09d0,,526229bb,➕ Saisie du jour,2.0,,2.0,2026-05-09,ALIBORI,ALI_Kan_01,Kandi-fô,P2AE_PBA_BT,PBA 9C800,
c29dd6bc,05da09d0,,215ac167,➕ Saisie du jour,1.0,,1.0,2026-05-09,ALIBORI,ALI_Kan_01,Kandi-fô,P2AE_PBA_BT,PBA 9A650,
2cc178e0,05da09d0,,59dc5a38,➕ Saisie du jour,450.0,,450.0,2026-05-09,ALIBORI,ALI_Kan_01,Kandi-fô,P2AE_Cable_BT,PRC 70mm²,
36ed9e47,05da09d0,,8e6b4946,🎯 Cumul total à date,6.0,668.0,668.0,2026-05-09,ALIBORI,ALI_Kan_01,Kandi-fô,P2AE_Cable_BT,PRC 50mm²,
15641b96,cd32c1bb,,215ac167,➕ Saisie du jour,5.0,,5.0,2026-05-09,ALIBORI,ALI_Kan_02,Albarika,P2AE_PBA_BT,PBA 9A650,
da45f279,cd32c1bb,,2ec17c4d,➕ Saisie du jour,4.0,,4.0,2026-05-09,ALIBORI,ALI_Kan_02,Albarika,P2AE_PBA_BT,PBA 9A200,
5d908680,cd32c1bb,,526229bb,➕ Saisie du jour,1.0,,1.0,2026-05-09,ALIBORI,ALI_Kan_02,Albarika,P2AE_PBA_BT,PBA 9C800,
fb734beb,c7fe4e95,,f03cfc0b,🎯 Cumul total à date,1.0,8.0,4.0,2026-05-10,ALIBORI,ALI_Kan_02,Albarika,P2AE_Fouille_HTA,Fouille réseau haute tension,
b734ca6a,7b4e2abf,,058e9b6a,🎯 Cumul total à date,,1.0,0.0,2026-05-09,ATACORA,ATA_Nat_01,Kotopounga,P2AE_PBA_HTA,PBA 11A1250,
2ca00ea6,7b4e2abf,,cd39f595,🎯 Cumul total à date,,3.0,0.0,2026-05-09,ATACORA,ATA_Nat_01,Kotopounga,P2AE_PBA_HTA,PBA 13A400,
f7a4049b,7b4e2abf,,d6344558,🎯 Cumul total à date,,3.0,0.0,2026-05-09,ATACORA,ATA_Nat_01,Kotopounga,P2AE_PBA_HTA,PBA 13C800,
56bc4216,15d91ae1,,e221b25e,🎯 Cumul total à date,,160.0,-6.0,2026-05-09,ATACORA,ATA_Nat_04,Kantaborifa,P2AE_Fouille_BT,Fouille réseau basse tension,
2c3a224d,da7ba8c3,,e221b25e,🎯 Cumul total à date,,526.0,526.0,2026-05-09,ATACORA,ATA_Nat_03,Yimporima,P2AE_Fouille_BT,Fouille réseau basse tension,
0a7f324b,880f133b,,e221b25e,🎯 Cumul total à date,,193.0,4.0,2026-05-10,ATACORA,ATA_Nat_05,Ouroubouga,P2AE_Fouille_BT,Fouille réseau basse tension,
caee543c,0becf264,,e221b25e,🎯 Cumul total à date,,56.0,-1.0,2026-05-10,ATACORA,ATA_Nat_07,Boriyouré,P2AE_Fouille_BT,Fouille réseau basse tension,
f589bd80,c3e27191,,e221b25e,🎯 Cumul total à date,,205.0,2.0,2026-05-10,ATACORA,ATA_Nat_08,Ouroubonna,P2AE_Fouille_BT,Fouille réseau basse tension,
d256f6fc,83252baf,,e221b25e,🎯 Cumul total à date,,48.0,-1.0,2026-05-10,ATACORA,ATA_Nat_09,Dassakaté,P2AE_Fouille_BT,Fouille réseau basse tension,
8cfc7d2e,83359b4a,,e221b25e,🎯 Cumul total à date,,56.0,1.0,2026-05-10,ATACORA,ATA_Nat_10,Yokossi,P2AE_Fouille_BT,Fouille réseau basse tension,
bee8811c,df0313d7,,e221b25e,🎯 Cumul total à date,,242.0,6.0,2026-05-10,ATACORA,ATA_Nat_11,Tchrimina,P2AE_Fouille_BT,Fouille réseau basse tension,
75dcfdae,e6b65ed7,,e221b25e,🎯 Cumul total à date,,29.0,-2.0,2026-05-10,ATACORA,ATA_Nat_12,Kantchagoutamou,P2AE_Fouille_BT,Fouille réseau basse tension,
9d3034ab,d6e18a84,,e221b25e,🎯 Cumul total à date,,64.0,4.0,2026-05-10,ATACORA,ATA_Nat_13,Sountchirantikou,P2AE_Fouille_BT,Fouille réseau basse tension,
1b96e761,484478a7,,e221b25e,🎯 Cumul total à date,,105.0,1.0,2026-05-10,ATACORA,ATA_Nat_14,Sossouna,P2AE_Fouille_BT,Fouille réseau basse tension,
53ce4f46,3f062f8c,,8e6b4946,🎯 Cumul total à date,,14581.0,2001.0,2026-05-09,ATACORA,ATA_Nat_03,Yimporima,P2AE_Cable_BT,PRC 50mm²,
397655f5,cd32c1bb,,e221b25e,🎯 Cumul total à date,,208.0,-5.0,2026-05-09,ALIBORI,ALI_Kan_02,Albarika,P2AE_Fouille_BT,Fouille réseau basse tension,
13efc060,a405d023,,e221b25e,🎯 Cumul total à date,,15.0,-189.0,2026-05-09,ALIBORI,ALI_Kan_03,Kéféré-Senté,P2AE_Fouille_BT,Fouille réseau basse tension,
2fcdb48f,01b6b646,,e221b25e,🎯 Cumul total à date,,51.0,-2.0,2026-05-09,ALIBORI,ALI_Kan_05,Soundou,P2AE_Fouille_BT,Fouille réseau basse tension,
040e42db,f7cff13d,,e221b25e,🎯 Cumul total à date,,204.0,-3.0,2026-05-09,ALIBORI,ALI_Kan_04,Ganssoso-Gbiga,P2AE_Fouille_BT,Fouille réseau basse tension,
c0193ce8,71244b93,,f03cfc0b,🎯 Cumul total à date,,9.0,3.0,2026-05-09,ALIBORI,ALI_Kan_04,Ganssoso-Gbiga,P2AE_Fouille_HTA,Fouille réseau haute tension,
7423cf5a,ce223892,,f03cfc0b,🎯 Cumul total à date,,5.0,2.0,2026-05-10,ALIBORI,ALI_Kan_05,Soundou,P2AE_Fouille_HTA,Fouille réseau haute tension,
e74f3398,b36a4f36,,e221b25e,🎯 Cumul total à date,,266.0,266.0,2026-05-10,ATACORA,ATA_Nat_06,Perma-centre,P2AE_Fouille_BT,Fouille réseau basse tension,
e8cd3b45,b36a4f36,,2ec17c4d,🎯 Cumul total à date,,116.0,116.0,2026-05-10,ATACORA,ATA_Nat_06,Perma-centre,P2AE_PBA_BT,PBA 9A200,
85966624,b36a4f36,,215ac167,🎯 Cumul total à date,,122.0,122.0,2026-05-10,ATACORA,ATA_Nat_06,Perma-centre,P2AE_PBA_BT,PBA 9A650,
bab74926,b36a4f36,,9c6af0a4,🎯 Cumul total à date,,11.0,11.0,2026-05-10,ATACORA,ATA_Nat_06,Perma-centre,P2AE_PBA_BT,PBA 9C650,
87d97f3a,b36a4f36,,29ef61f5,🎯 Cumul total à date,,4.0,4.0,2026-05-10,ATACORA,ATA_Nat_06,Perma-centre,P2AE_PBA_BT,PBA 11C650,1.0
e1b150db,9018b130,,8e6b4946,➕ Saisie du jour,630.0,,630.0,2026-05-11,ATACORA,ATA_Nat_14,Sossouna,P2AE_Cable_BT,PRC 50mm²,
a0b2277f,7881792a,,e221b25e,🎯 Cumul total à date,,246.0,246.0,2026-05-16,BORGOU,BOR_Par_07,Thian,P2AE_Fouille_BT,Fouille réseau basse tension,
742a095b,7881792a,,2ec17c4d,🎯 Cumul total à date,,126.0,0.0,2026-05-16,BORGOU,BOR_Par_07,Thian,P2AE_PBA_BT,PBA 9A200,
b85d8912,7881792a,,215ac167,🎯 Cumul total à date,,65.0,-7.0,2026-05-16,BORGOU,BOR_Par_07,Thian,P2AE_PBA_BT,PBA 9A650,
2400c47c,7881792a,,9c6af0a4,🎯 Cumul total à date,,13.0,0.0,2026-05-16,BORGOU,BOR_Par_07,Thian,P2AE_PBA_BT,PBA 9C650,
8f207cbc,2f1c4761,,215ac167,🎯 Cumul total à date,,49.0,49.0,2026-05-09,BORGOU,BOR_Dal_03,Komiguéa,P2AE_PBA_BT,PBA 9A650,
471626d6,2f1c4761,,9c6af0a4,🎯 Cumul total à date,,9.0,9.0,2026-05-09,BORGOU,BOR_Dal_03,Komiguéa,P2AE_PBA_BT,PBA 9C650,
f0d45619,a89047d1,,21f4f4d7,🎯 Cumul total à date,,1.0,1.0,2026-05-11,ALIBORI,ALI_Kan_01,Kandi-fô,P2AE_IACM,IACM,
b78e77cf,13985b74,,8e6b4946,➕ Saisie du jour,171.0,171.0,171.0,2026-05-11,ALIBORI,ALI_Kan_01,Kandi-fô,P2AE_Cable_BT,PRC 50mm²,
d315bbf0,4adbfda5,,2ec17c4d,🎯 Cumul total à date,,220.0,-5.0,2026-05-16,BORGOU,BOR_Par_05,Bahmora,P2AE_PBA_BT,PBA 9A200,
9106a180,4adbfda5,,215ac167,🎯 Cumul total à date,,103.0,8.0,2026-05-16,BORGOU,BOR_Par_05,Bahmora,P2AE_PBA_BT,PBA 9A650,
77d10831,4adbfda5,,9c6af0a4,🎯 Cumul total à date,,8.0,0.0,2026-05-16,BORGOU,BOR_Par_05,Bahmora,P2AE_PBA_BT,PBA 9C650,
bcc93134,9ed9c8be,,8e6b4946,➕ Saisie du jour,74.0,,74.0,2026-05-12,ATACORA,ATA_Nat_14,Sossouna,P2AE_Cable_BT,PRC 50mm²,
a8640402,2a511004,,8e6b4946,➕ Saisie du jour,807.0,,807.0,2026-05-12,ATACORA,ATA_Nat_05,Ouroubouga,P2AE_Cable_BT,PRC 50mm²,
4395673a,e8064579,,8e6b4946,➕ Saisie du jour,632.0,,632.0,2026-05-13,ATACORA,ATA_Nat_05,Ouroubouga,P2AE_Cable_BT,PRC 50mm²,
85c1b3fc,6293a1ba,,e9e0a228,➕ Saisie du jour,75.0,,75.0,2026-05-11,ALIBORI,ALI_Kan_01,Kandi-fô,P2AE_Cable_HTA,ASTER 54mm²,
d3b71a7e,d37afac5,,26e8ec03,🎯 Cumul total à date,,2.0,2.0,2026-05-04,ALIBORI,ALI_Kan_02,Albarika,P2AE_PBA_HTA,PBA 11C650,
a6bfabe1,cb68de89,,26e8ec03,🎯 Cumul total à date,,1.0,1.0,2026-05-04,ALIBORI,ALI_Kan_01,Kandi-fô,P2AE_PBA_HTA,PBA 11C650,
2a554ea2,7a326430,,26e8ec03,🎯 Cumul total à date,,1.0,1.0,2026-05-04,ALIBORI,ALI_Kan_03,Kéféré-Senté,P2AE_PBA_HTA,PBA 11C650,
818898eb,d1152142,,26e8ec03,🎯 Cumul total à date,,2.0,2.0,2026-05-04,ALIBORI,ALI_Kan_04,Ganssoso-Gbiga,P2AE_PBA_HTA,PBA 11C650,
fbbf5607,3d304998,,26e8ec03,🎯 Cumul total à date,,1.0,1.0,2026-05-04,ALIBORI,ALI_Kan_05,Soundou,P2AE_PBA_HTA,PBA 11C650,
30a762a3,30a5f880,,26e8ec03,🎯 Cumul total à date,,1.0,1.0,2026-05-04,ALIBORI,ALI_Kan_06,Fafa,P2AE_PBA_HTA,PBA 11C650,
f8bc271c,e2ecd751,,e221b25e,➕ Saisie du jour,1.0,,1.0,2026-05-14,ALIBORI,ALI_Kan_04,Ganssoso-Gbiga,P2AE_Fouille_BT,Fouille réseau basse tension,
3944f853,5935f56b,,e221b25e,➕ Saisie du jour,1.0,,1.0,2026-05-14,ALIBORI,ALI_Kan_03,Kéféré-Senté,P2AE_Fouille_BT,Fouille réseau basse tension,
d44d6467,d29098c4,,f03cfc0b,➕ Saisie du jour,2.0,,2.0,2026-05-14,ALIBORI,ALI_Kan_03,Kéféré-Senté,P2AE_Fouille_HTA,Fouille réseau haute tension,
c7e05cde,8ef5b28b,,e221b25e,➕ Saisie du jour,8.0,,8.0,2026-05-14,ALIBORI,ALI_Kan_02,Albarika,P2AE_Fouille_BT,Fouille réseau basse tension,
081edf92,ba4c6514,,f03cfc0b,➕ Saisie du jour,1.0,,1.0,2026-05-14,ALIBORI,ALI_Kan_02,Albarika,P2AE_Fouille_HTA,Fouille réseau haute tension,
1f176971,8ad11393,,e9e0a228,➕ Saisie du jour,58.18,,58.18,2026-05-03,ALIBORI,ALI_Kan_06,Fafa,P2AE_Cable_HTA,ASTER 54mm²,
95a0616a,4891d146,,e9e0a228,➕ Saisie du jour,59.74,,59.74,2026-05-12,ALIBORI,ALI_Kan_04,Ganssoso-Gbiga,P2AE_Cable_HTA,ASTER 54mm²,
22e0fbcf,4891d146,,e9e0a228,➕ Saisie du jour,86.56,,86.56,2026-05-12,ALIBORI,ALI_Kan_04,Ganssoso-Gbiga,P2AE_Cable_HTA,ASTER 54mm²,
efde2ae7,5362045f,,21f4f4d7,➕ Saisie du jour,2.0,,2.0,2026-05-13,ALIBORI,ALI_Kan_04,Ganssoso-Gbiga,P2AE_IACM,IACM,
e56815c9,3fbd384e,,8e6b4946,➕ Saisie du jour,666.0,666.0,666.0,2026-05-14,ATACORA,ATA_Nat_05,Ouroubouga,P2AE_Cable_BT,PRC 50mm²,
fef319c4,340da777,,e9e0a228,🎯 Cumul total à date,,150.0,150.0,2026-05-15,ALIBORI,ALI_Kan_05,Soundou,P2AE_Cable_HTA,ASTER 54mm²,
7f5edbca,b999ac05,,59dc5a38,➕ Saisie du jour,215.0,,215.0,2026-05-15,ATACORA,ATA_Nat_05,Ouroubouga,P2AE_Cable_BT,PRC 70mm²,
a9db64fc,b999ac05,,8e6b4946,➕ Saisie du jour,249.0,,249.0,2026-05-15,ATACORA,ATA_Nat_05,Ouroubouga,P2AE_Cable_BT,PRC 50mm²,
3748b8aa,da5fb747,,59dc5a38,➕ Saisie du jour,260.0,,260.0,2026-05-14,ALIBORI,ALI_Kan_05,Soundou,P2AE_Cable_BT,PRC 70mm²,
ad57adfb,33a075246,,e221b25e,🎯 Cumul total à date,,527.0,1.0,2026-05-09,ATACORA,ATA_Nat_03,Yimporima,P2AE_Fouille_BT,Fouille réseau basse tension,
e869aa3b,654663ed,,e221b25e,🎯 Cumul total à date,,162.0,2.0,2026-05-09,ATACORA,ATA_Nat_04,Kantaborifa,P2AE_Fouille_BT,Fouille réseau basse tension,
6dcb4f36,5d3a125d,,e221b25e,🎯 Cumul total à date,,194.0,1.0,2026-05-09,ATACORA,ATA_Nat_05,Ouroubouga,P2AE_Fouille_BT,Fouille réseau basse tension,
b804758b,e228b190,,e221b25e,🎯 Cumul total à date,,327.0,81.0,2026-05-09,BORGOU,BOR_Par_07,Thian,P2AE_Fouille_BT,Fouille réseau basse tension,
44c9838c,e228b190,,2ec17c4d,🎯 Cumul total à date,,126.0,1.0,2026-05-09,BORGOU,BOR_Par_07,Thian,P2AE_PBA_BT,PBA 9A200,
c5f5751c,e228b190,,215ac167,🎯 Cumul total à date,,65.0,-7.0,2026-05-09,BORGOU,BOR_Par_07,Thian,P2AE_PBA_BT,PBA 9A650,
f71e5eb4,e228b190,,9c6af0a4,🎯 Cumul total à date,,13.0,3.0,2026-05-09,BORGOU,BOR_Par_07,Thian,P2AE_PBA_BT,PBA 9C650,
5cf0dc4a,0ce0f8d5,,2ec17c4d,🎯 Cumul total à date,,220.0,0.0,2026-05-09,BORGOU,BOR_Par_05,Bahmora,P2AE_PBA_BT,PBA 9A200,
1f606598,0ce0f8d5,,215ac167,🎯 Cumul total à date,,103.0,0.0,2026-05-09,BORGOU,BOR_Par_05,Bahmora,P2AE_PBA_BT,PBA 9A650,
623df9ba,ba77de86,,2ec17c4d,🎯 Cumul total à date,,179.0,9.0,2026-05-09,BORGOU,BOR_Par_06,Bawé,P2AE_PBA_BT,PBA 9A200,
b4e769cd,ba77de86,,215ac167,🎯 Cumul total à date,,133.0,7.0,2026-05-09,BORGOU,BOR_Par_06,Bawé,P2AE_PBA_BT,PBA 9A650,
c9a6f621,ba77de86,,9c6af0a4,🎯 Cumul total à date,,39.0,-5.0,2026-05-09,BORGOU,BOR_Par_06,Bawé,P2AE_PBA_BT,PBA 9C650,
e78996d6,e1ec77dd,,2ec17c4d,🎯 Cumul total à date,,373.0,4.0,2026-05-09,BORGOU,BOR_Par_08,Kpérou-Guéra,P2AE_PBA_BT,PBA 9A200,
b5f0c07a,e1ec77dd,,215ac167,🎯 Cumul total à date,,173.0,2.0,2026-05-09,BORGOU,BOR_Par_08,Kpérou-Guéra,P2AE_PBA_BT,PBA 9A650,
06ae5fd7,e21f6352,,2ec17c4d,🎯 Cumul total à date,,179.0,0.0,2026-05-16,BORGOU,BOR_Par_06,Bawé,P2AE_PBA_BT,PBA 9A200,
c6124578,e21f6352,,215ac167,🎯 Cumul total à date,,133.0,0.0,2026-05-16,BORGOU,BOR_Par_06,Bawé,P2AE_PBA_BT,PBA 9A650,
d5a31c59,e21f6352,,9c6af0a4,🎯 Cumul total à date,,39.0,-5.0,2026-05-16,BORGOU,BOR_Par_06,Bawé,P2AE_PBA_BT,PBA 9C650,
81fdc2b3,4adbfda5,,e221b25e,🎯 Cumul total à date,,337.0,15.0,2026-05-16,BORGOU,BOR_Par_05,Bahmora,P2AE_Fouille_BT,Fouille réseau basse tension,
9bf2b3ba,e21f6352,,e221b25e,🎯 Cumul total à date,,372.0,254.0,2026-05-16,BORGOU,BOR_Par_06,Bawé,P2AE_Fouille_BT,Fouille réseau basse tension,
fd235801,ee3cfdd1,,f03cfc0b,🎯 Cumul total à date,,11.0,11.0,2026-05-16,BORGOU,BOR_Par_07,Thian,P2AE_Fouille_HTA,Fouille réseau haute tension,
d41dc005,010b355f,,215ac167,➕ Saisie du jour,1.0,,1.0,2026-05-19,ALIBORI,ALI_Kan_04,Ganssoso-Gbiga,P2AE_PBA_BT,PBA 9A650,
f82f09df,ce6ec442,,2ec17c4d,➕ Saisie du jour,6.0,,6.0,2026-05-19,ALIBORI,ALI_Kan_02,Albarika,P2AE_PBA_BT,PBA 9A200,
f621c59f,ce6ec442,,215ac167,➕ Saisie du jour,7.0,,7.0,2026-05-19,ALIBORI,ALI_Kan_02,Albarika,P2AE_PBA_BT,PBA 9A650,
f90e2371,ce6ec442,,9c6af0a4,➕ Saisie du jour,2.0,,2.0,2026-05-19,ALIBORI,ALI_Kan_02,Albarika,P2AE_PBA_BT,PBA 9C650,
2db92d7c,9dbe189a,,8e6b4946,➕ Saisie du jour,4630.0,,4630.0,2026-05-23,ALIBORI,ALI_Kan_02,Albarika,P2AE_Cable_BT,PRC 50mm²,
0715c5b5,9dbe189a,,59dc5a38,➕ Saisie du jour,335.12,335.12,335.12,2026-05-23,ALIBORI,ALI_Kan_02,Albarika,P2AE_Cable_BT,PRC 70mm²,
7dd760fb,9dbe189a,,002f1a3d,➕ Saisie du jour,12.0,,12.0,2026-05-23,ALIBORI,ALI_Kan_02,Albarika,P2AE_Terre,Mise à la terre,
eca209ff,2b3561ac,,002f1a3d,➕ Saisie du jour,38.0,,38.0,2026-05-23,ALIBORI,ALI_Kan_04,Ganssoso-Gbiga,P2AE_Terre,Mise à la terre,
7fbb2664,b02f3cd7,,8e6b4946,➕ Saisie du jour,755.0,,755.0,2026-05-26,ATACORA,ATA_Nat_05,Ouroubouga,P2AE_Cable_BT,PRC 50mm²,
7c1cfbe5,964d6479,,8e6b4946,➕ Saisie du jour,394.0,,394.0,2026-05-27,ATACORA,ATA_Nat_05,Ouroubouga,P2AE_Cable_BT,PRC 50mm²,
a0cee875,cbdc4229,,59dc5a38,➕ Saisie du jour,329.0,,329.0,2026-05-28,ATACORA,ATA_Nat_11,Tchrimina,P2AE_Cable_BT,PRC 70mm²,
5d7ef72a,cbdc4229,,8e6b4946,➕ Saisie du jour,189.0,,189.0,2026-05-28,ATACORA,ATA_Nat_11,Tchrimina,P2AE_Cable_BT,PRC 50mm²,
82df5170,04a8f944,,59dc5a38,➕ Saisie du jour,152.0,,152.0,2026-05-28,ATACORA,ATA_Nat_02,Winkè,P2AE_Cable_BT,PRC 70mm²,
375f2352,9498d806,,21f4f4d7,➕ Saisie du jour,1.0,,1.0,2026-05-29,ATACORA,ATA_Nat_11,Tchrimina,P2AE_IACM,IACM,
44fbb20d,60150f9d,,2ec17c4d,➕ Saisie du jour,20.0,,20.0,2026-05-30,BORGOU,BOR_Par_07,Thian,P2AE_PBA_BT,PBA 9A200,
91ccf6a8,60150f9d,,215ac167,➕ Saisie du jour,16.0,,16.0,2026-05-30,BORGOU,BOR_Par_07,Thian,P2AE_PBA_BT,PBA 9A650,
02eaee5c,60150f9d,,9c6af0a4,➕ Saisie du jour,2.0,,2.0,2026-05-30,BORGOU,BOR_Par_07,Thian,P2AE_PBA_BT,PBA 9C650,
P2AE-INT-e356a735-264465d0,P2AE-INT-e356a735,,59dc5a38,➕ Saisie du jour,965.0,,965.0,2026-05-30,ALIBORI,ALI_Kan_02,Albarika,P2AE_Cable_BT,PRC 70mm²,
P2AE-INT-e356a735-1485c545,P2AE-INT-e356a735,,8e6b4946,➕ Saisie du jour,340.0,,340.0,2026-05-30,ALIBORI,ALI_Kan_02,Albarika,P2AE_Cable_BT,PRC 50mm²,
P2AE-INT-e356a735-a5bfcfbe,P2AE-INT-e356a735,,002f1a3d,➕ Saisie du jour,21.0,,21.0,2026-05-30,ALIBORI,ALI_Kan_02,Albarika,P2AE_Terre,Mise à la terre,
P2AE-INT-3f422b28-07d3049d,P2AE-INT-3f422b28,,8e6b4946,➕ Saisie du jour,381.0,,381.0,2026-05-30,ALIBORI,ALI_Kan_04,Ganssoso-Gbiga,P2AE_Cable_BT,PRC 50mm²,
P2AE-INT-6ffcf598-8e7b5df2,P2AE-INT-6ffcf598,,e9e0a228,➕ Saisie du jour,460.0,,460.0,2026-06-01,ATACORA,ATA_Nat_11,Tchrimina,P2AE_Cable_HTA,ASTER 54mm²,
P2AE-INT-a449b2f2-7c51c95a,P2AE-INT-a449b2f2,,59dc5a38,➕ Saisie du jour,541.0,,541.0,2026-06-01,ATACORA,ATA_Nat_03,Yimporima,P2AE_Cable_BT,PRC 70mm²,
P2AE-INT-a2d5e0b4-16c7691e,P2AE-INT-a2d5e0b4,,26e8ec03,🎯 Cumul total à date,,2.0,0.0,2026-04-20,ATACORA,ATA_Nat_11,Tchrimina,P2AE_PBA_HTA,PBA 11C650,
P2AE-INT-767eace9-cac7a92d,P2AE-INT-767eace9,,a4425df9,➕ Saisie du jour,1.0,1.0,1.0,2026-06-02,ATACORA,ATA_Nat_11,Tchrimina,P2AE_DMT,Point Double DMT-CC,
P2AE-INT-c7e318cd-0e27f679,P2AE-INT-c7e318cd,,59dc5a38,➕ Saisie du jour,89.0,89.0,89.0,2026-06-02,ATACORA,ATA_Nat_03,Yimporima,P2AE_Cable_BT,PRC 70mm²,
P2AE-INT-c7e318cd-748c7151,P2AE-INT-c7e318cd,,a4425df9,➕ Saisie du jour,1.0,,1.0,2026-06-02,ATACORA,ATA_Nat_03,Yimporima,P2AE_DMT,Point Double DMT-CC,
P2AE-INT-7a5d8983-af1695bb,P2AE-INT-7a5d8983,,e9e0a228,➕ Saisie du jour,89.0,,89.0,2026-06-03,ATACORA,ATA_Nat_03,Yimporima,P2AE_Cable_HTA,ASTER 54mm²,
P2AE-INT-e7efdec4-4a68a761,P2AE-INT-e7efdec4,,e9e0a228,➕ Saisie du jour,99.0,,99.0,2026-06-03,ATACORA,ATA_Nat_11,Tchrimina,P2AE_Cable_HTA,ASTER 54mm²,
P2AE-INT-0f8d530f-882d7451,P2AE-INT-0f8d530f,,a4425df9,➕ Saisie du jour,1.0,,1.0,2026-06-03,ATACORA,ATA_Nat_08,Ouroubonna,P2AE_DMT,Point Double DMT-CC,
P2AE-INT-e043f23c-38b3d82e,P2AE-INT-e043f23c,,a4425df9,➕ Saisie du jour,2.0,,2.0,2026-06-04,ATACORA,ATA_Nat_05,Ouroubouga,P2AE_DMT,Point Double DMT-CC,
P2AE-INT-e86092ce-1416a987,P2AE-INT-e86092ce,,e9e0a228,➕ Saisie du jour,76.0,,76.0,2026-06-04,ATACORA,ATA_Nat_05,Ouroubouga,P2AE_Cable_HTA,ASTER 54mm²,
P2AE-INT-1605157e-6bdf7dd1,P2AE-INT-1605157e,,e9e0a228,➕ Saisie du jour,49.0,,49.0,2026-06-04,ATACORA,ATA_Nat_02,Winkè,P2AE_Cable_HTA,ASTER 54mm²,
P2AE-INT-2128eae6-1471683f,P2AE-INT-2128eae6,,8e6b4946,➕ Saisie du jour,308.0,,308.0,2026-06-04,ATACORA,ATA_Nat_03,Yimporima,P2AE_Cable_BT,PRC 50mm²,
P2AE-INT-0e0041e2-b5bec320,P2AE-INT-0e0041e2,,a4425df9,➕ Saisie du jour,1.0,,1.0,2026-06-05,ATACORA,ATA_Nat_03,Yimporima,P2AE_DMT,Point Double DMT-CC,
P2AE-INT-482a9d06-295b2572,P2AE-INT-482a9d06,,e9e0a228,➕ Saisie du jour,262.0,,262.0,2026-06-06,ATACORA,ATA_Nat_05,Ouroubouga,P2AE_Cable_HTA,ASTER 54mm²,
P2AE-INT-482a9d06-dd8d99cb,P2AE-INT-482a9d06,,59dc5a38,➕ Saisie du jour,407.0,,407.0,2026-06-06,ATACORA,ATA_Nat_05,Ouroubouga,P2AE_Cable_BT,PRC 70mm²,
P2AE-INT-bfcf3f43-e4a70323,P2AE-INT-bfcf3f43,,2ec17c4d,➕ Saisie du jour,7.0,,7.0,2026-06-07,ALIBORI,ALI_Kan_02,Albarika,P2AE_PBA_BT,PBA 9A200,
P2AE-INT-bfcf3f43-934a1fa1,P2AE-INT-bfcf3f43,,215ac167,➕ Saisie du jour,11.0,,11.0,2026-06-07,ALIBORI,ALI_Kan_02,Albarika,P2AE_PBA_BT,PBA 9A650,
P2AE-INT-bfcf3f43-c25f2ab2,P2AE-INT-bfcf3f43,,9c6af0a4,➕ Saisie du jour,3.0,,3.0,2026-06-07,ALIBORI,ALI_Kan_02,Albarika,P2AE_PBA_BT,PBA 9C650,
P2AE-INT-bfcf3f43-ddb41ab8,P2AE-INT-bfcf3f43,,d6344558,➕ Saisie du jour,2.0,,2.0,2026-06-07,ALIBORI,ALI_Kan_02,Albarika,P2AE_PBA_HTA,PBA 13C800,
P2AE-INT-bfcf3f43-b5c6f155,P2AE-INT-bfcf3f43,,f74fbc64,➕ Saisie du jour,2.0,,2.0,2026-06-07,ALIBORI,ALI_Kan_02,Albarika,P2AE_PBA_HTA,PBA 14C1000,
P2AE-INT-e76b18ec-043ec2a3,P2AE-INT-e76b18ec,,e9e0a228,➕ Saisie du jour,71.0,,71.0,2026-06-07,ALIBORI,ALI_Kan_02,Albarika,P2AE_Cable_HTA,ASTER 54mm²,
P2AE-INT-ab2b6701-2ea4772f,P2AE-INT-ab2b6701,,f03cfc0b,🎯 Cumul total à date,,37.0,26.0,2026-06-06,BORGOU,BOR_Par_07,Thian,P2AE_Fouille_HTA,Fouille réseau haute tension,
P2AE-INT-603f39c7-e8ff14a0,P2AE-INT-603f39c7,,058e9b6a,➕ Saisie du jour,1.0,,1.0,2026-06-06,BORGOU,BOR_Par_07,Thian,P2AE_PBA_HTA,PBA 11A1250,
P2AE-INT-603f39c7-1eb384c7,P2AE-INT-603f39c7,,46cfa5f8,➕ Saisie du jour,1.0,,1.0,2026-06-06,BORGOU,BOR_Par_07,Thian,P2AE_PBA_HTA,PBA 12A800,
P2AE-INT-603f39c7-29e6df06,P2AE-INT-603f39c7,,cd39f595,➕ Saisie du jour,7.0,,7.0,2026-06-06,BORGOU,BOR_Par_07,Thian,P2AE_PBA_HTA,PBA 13A400,
P2AE-INT-603f39c7-e4915b5d,P2AE-INT-603f39c7,,d6344558,➕ Saisie du jour,4.0,,4.0,2026-06-06,BORGOU,BOR_Par_07,Thian,P2AE_PBA_HTA,PBA 13C800,
P2AE-INT-b2f776ae-ef2375ab,P2AE-INT-b2f776ae,,a4425df9,➕ Saisie du jour,1.0,,1.0,2026-06-08,ATACORA,ATA_Nat_03,Yimporima,P2AE_DMT,Point Double DMT-CC,
P2AE-INT-b2f776ae-6455ed27,P2AE-INT-b2f776ae,,e9e0a228,➕ Saisie du jour,194.0,,194.0,2026-06-08,ATACORA,ATA_Nat_03,Yimporima,P2AE_Cable_HTA,ASTER 54mm²,
P2AE-INT-fe317a74-0582bd59,P2AE-INT-fe317a74,,8e6b4946,➕ Saisie du jour,203.0,,203.0,2026-06-08,ATACORA,ATA_Nat_05,Ouroubouga,P2AE_Cable_BT,PRC 50mm²,
P2AE-INT-48413fdb-4fe2ee39,P2AE-INT-48413fdb,,2ec17c4d,🎯 Cumul total à date,,171.0,-16.0,2026-05-30,BORGOU,BOR_Par_02,Banikani-Rose-croix,P2AE_PBA_BT,PBA 9A200,
P2AE-INT-48413fdb-2fa3a562,P2AE-INT-48413fdb,,215ac167,🎯 Cumul total à date,,75.0,4.0,2026-05-30,BORGOU,BOR_Par_02,Banikani-Rose-croix,P2AE_PBA_BT,PBA 9A650,
P2AE-INT-48413fdb-0b65f090,P2AE-INT-48413fdb,,9c6af0a4,🎯 Cumul total à date,,7.0,0.0,2026-05-30,BORGOU,BOR_Par_02,Banikani-Rose-croix,P2AE_PBA_BT,PBA 9C650,
P2AE-INT-d640203d-0bd0d8b5,P2AE-INT-d640203d,,2ec17c4d,➕ Saisie du jour,56.0,,56.0,2026-05-30,BORGOU,BOR_Par_04,Guerma,P2AE_PBA_BT,PBA 9A200,
P2AE-INT-d640203d-5f8754eb,P2AE-INT-d640203d,,215ac167,➕ Saisie du jour,12.0,,12.0,2026-05-30,BORGOU,BOR_Par_04,Guerma,P2AE_PBA_BT,PBA 9A650,
P2AE-INT-24ef279a-c8a323b4,P2AE-INT-24ef279a,,2ec17c4d,🎯 Cumul total à date,,321.0,175.0,2026-06-06,BORGOU,BOR_Par_07,Thian,P2AE_PBA_BT,PBA 9A200,
P2AE-INT-24ef279a-e0e1b1df,P2AE-INT-24ef279a,,215ac167,🎯 Cumul total à date,,176.0,95.0,2026-06-06,BORGOU,BOR_Par_07,Thian,P2AE_PBA_BT,PBA 9A650,
P2AE-INT-24ef279a-1e79b84c,P2AE-INT-24ef279a,,9c6af0a4,🎯 Cumul total à date,,34.0,19.0,2026-06-06,BORGOU,BOR_Par_07,Thian,P2AE_PBA_BT,PBA 9C650,
P2AE-INT-24ef279a-ba47fb34,P2AE-INT-24ef279a,,29ef61f5,🎯 Cumul total à date,,1.0,1.0,2026-06-06,BORGOU,BOR_Par_07,Thian,P2AE_PBA_BT,PBA 11C650,1.0
P2AE-INT-afdca3ea-7061421b,P2AE-INT-afdca3ea,,2ec17c4d,🎯 Cumul total à date,,370.0,-3.0,2026-05-30,BORGOU,BOR_Par_08,Kpérou-Guéra,P2AE_PBA_BT,PBA 9A200,
P2AE-INT-afdca3ea-fe045d64,P2AE-INT-afdca3ea,,215ac167,🎯 Cumul total à date,,164.0,-9.0,2026-05-30,BORGOU,BOR_Par_08,Kpérou-Guéra,P2AE_PBA_BT,PBA 9A650,
P2AE-INT-afdca3ea-8fa58e5a,P2AE-INT-afdca3ea,,9c6af0a4,🎯 Cumul total à date,,32.0,0.0,2026-05-30,BORGOU,BOR_Par_08,Kpérou-Guéra,P2AE_PBA_BT,PBA 9C650,
P2AE-INT-afdca3ea-fbdd0f10,P2AE-INT-afdca3ea,,29ef61f5,🎯 Cumul total à date,,3.0,-3.0,2026-05-30,BORGOU,BOR_Par_08,Kpérou-Guéra,P2AE_PBA_BT,PBA 11C650,1.0
P2AE-INT-3b91b957-1abf9a50,P2AE-INT-3b91b957,,e221b25e,🎯 Cumul total à date,,109.0,109.0,2026-05-27,BORGOU,BOR_Par_04,Guerma,P2AE_Fouille_BT,Fouille réseau basse tension,
P2AE-INT-2e177b49-aa790ecf,P2AE-INT-2e177b49,,e221b25e,🎯 Cumul total à date,,555.0,228.0,2026-05-30,BORGOU,BOR_Par_07,Thian,P2AE_Fouille_BT,Fouille réseau basse tension,
P2AE-INT-3c6571cb-627fbf9a,P2AE-INT-3c6571cb,,a4425df9,➕ Saisie du jour,2.0,,2.0,2026-06-09,ATACORA,ATA_Nat_12,Kantchagoutamou,P2AE_DMT,Point Double DMT-CC,
P2AE-INT-3c6571cb-4228eb76,P2AE-INT-3c6571cb,,e9e0a228,➕ Saisie du jour,108.0,,108.0,2026-06-09,ATACORA,ATA_Nat_12,Kantchagoutamou,P2AE_Cable_HTA,ASTER 54mm²,
P2AE-INT-aba879ed-eee08e61,P2AE-INT-aba879ed,,8e6b4946,➕ Saisie du jour,170.0,,170.0,2026-06-09,ATACORA,ATA_Nat_09,Dassakaté,P2AE_Cable_BT,PRC 50mm²,
P2AE-INT-f73c0453-f064b893,P2AE-INT-f73c0453,,59dc5a38,➕ Saisie du jour,399.0,,399.0,2026-06-10,ATACORA,ATA_Nat_05,Ouroubouga,P2AE_Cable_BT,PRC 70mm²,
P2AE-INT-f73c0453-b89cbea3,P2AE-INT-f73c0453,,8e6b4946,➕ Saisie du jour,310.0,,310.0,2026-06-10,ATACORA,ATA_Nat_05,Ouroubouga,P2AE_Cable_BT,PRC 50mm²,
P2AE-INT-d3757d79-02dfbfe8,P2AE-INT-d3757d79,,8e6b4946,➕ Saisie du jour,498.0,,498.0,2026-06-11,ATACORA,ATA_Nat_09,Dassakaté,P2AE_Cable_BT,PRC 50mm²,
P2AE-INT-e6177449-bd034052,P2AE-INT-e6177449,,2ec17c4d,➕ Saisie du jour,2.0,,2.0,2026-06-14,ALIBORI,ALI_Kan_03,Kéféré-Senté,P2AE_PBA_BT,PBA 9A200,
P2AE-INT-e6177449-cf910407,P2AE-INT-e6177449,,215ac167,➕ Saisie du jour,1.0,,1.0,2026-06-14,ALIBORI,ALI_Kan_03,Kéféré-Senté,P2AE_PBA_BT,PBA 9A650,
P2AE-INT-e6177449-38a5d267,P2AE-INT-e6177449,,9c6af0a4,➕ Saisie du jour,1.0,,1.0,2026-06-14,ALIBORI,ALI_Kan_03,Kéféré-Senté,P2AE_PBA_BT,PBA 9C650,
P2AE-INT-93baa489-4aaa3951,P2AE-INT-93baa489,,e9e0a228,➕ Saisie du jour,227.0,,227.0,2026-06-14,ALIBORI,ALI_Kan_02,Albarika,P2AE_Cable_HTA,ASTER 54mm²,
P2AE-INT-7e8351fb-9827d097,P2AE-INT-7e8351fb,,59dc5a38,➕ Saisie du jour,1106.95,,1106.95,2026-06-14,ALIBORI,ALI_Kan_02,Albarika,P2AE_Cable_BT,PRC 70mm²,
P2AE-INT-7e8351fb-7fb1aa34,P2AE-INT-7e8351fb,,8e6b4946,➕ Saisie du jour,1369.9,,1369.9,2026-06-14,ALIBORI,ALI_Kan_02,Albarika,P2AE_Cable_BT,PRC 50mm²,
P2AE-INT-b2ff07c6-06786c6c,P2AE-INT-b2ff07c6,,8e6b4946,➕ Saisie du jour,1160.58,,1160.58,2026-06-14,ALIBORI,ALI_Gog_05,Sori-Kpankpanrou,P2AE_Cable_BT,PRC 50mm²,
P2AE-INT-19cbed0a-3b98f462,P2AE-INT-19cbed0a,,2ec17c4d,➕ Saisie du jour,1.0,,1.0,2026-06-14,ALIBORI,ALI_Gog_04,Sori-Borowanrou,P2AE_PBA_BT,PBA 9A200,
P2AE-INT-19cbed0a-2ec035d3,P2AE-INT-19cbed0a,,215ac167,➕ Saisie du jour,2.0,,2.0,2026-06-14,ALIBORI,ALI_Gog_04,Sori-Borowanrou,P2AE_PBA_BT,PBA 9A650,
P2AE-INT-071c119c-aaa92f39,P2AE-INT-071c119c,,26e8ec03,➕ Saisie du jour,1.0,,1.0,2026-06-14,ALIBORI,ALI_Gog_04,Sori-Borowanrou,P2AE_PBA_HTA,PBA 11C650,
P2AE-INT-071c119c-10adb21f,P2AE-INT-071c119c,,058e9b6a,➕ Saisie du jour,1.0,,1.0,2026-06-14,ALIBORI,ALI_Gog_04,Sori-Borowanrou,P2AE_PBA_HTA,PBA 11A1250,
P2AE-INT-071c119c-0168b33b,P2AE-INT-071c119c,,46cfa5f8,➕ Saisie du jour,1.0,,1.0,2026-06-14,ALIBORI,ALI_Gog_04,Sori-Borowanrou,P2AE_PBA_HTA,PBA 12A800,
P2AE-INT-487fc760-dd503bbd,P2AE-INT-487fc760,,2ec17c4d,➕ Saisie du jour,5.0,,5.0,2026-06-14,ALIBORI,ALI_Gog_05,Sori-Kpankpanrou,P2AE_PBA_BT,PBA 9A200,
P2AE-INT-487fc760-033bed1b,P2AE-INT-487fc760,,215ac167,➕ Saisie du jour,15.0,,15.0,2026-06-14,ALIBORI,ALI_Gog_05,Sori-Kpankpanrou,P2AE_PBA_BT,PBA 9A650,
P2AE-INT-e5b5fba6-eb112453,P2AE-INT-e5b5fba6,,2ec17c4d,➕ Saisie du jour,3.0,,3.0,2026-06-14,ALIBORI,ALI_Kan_02,Albarika,P2AE_PBA_BT,PBA 9A200,
P2AE-INT-e5b5fba6-40f4a5e9,P2AE-INT-e5b5fba6,,215ac167,➕ Saisie du jour,2.0,,2.0,2026-06-14,ALIBORI,ALI_Kan_02,Albarika,P2AE_PBA_BT,PBA 9A650,
P2AE-INT-df00b070-fef7ee45,P2AE-INT-df00b070,,d6344558,➕ Saisie du jour,1.0,,1.0,2026-06-14,ALIBORI,ALI_Kan_02,Albarika,P2AE_PBA_HTA,PBA 13C800,
P2AE-INT-e0431992-976dd152,P2AE-INT-e0431992,,50dc40e9,➕ Saisie du jour,2.0,,2.0,2026-06-14,ALIBORI,ALI_Kan_03,Kéféré-Senté,P2AE_PBA_HTA,PBA 13C1250,
P2AE-INT-95005b14-c580ec68,P2AE-INT-95005b14,,29ef61f5,🎯 Cumul total à date,,0.0,0.0,2026-05-31,ALIBORI,ALI_Kan_04,Ganssoso-Gbiga,P2AE_PBA_BT,PBA 11C650,1.0
P2AE-INT-da05b3a0-756705c5,P2AE-INT-da05b3a0,,2ec17c4d,🎯 Cumul total à date,,22.0,22.0,2026-05-31,ALIBORI,ALI_Kan_05,Soundou,P2AE_PBA_BT,PBA 9A200,
P2AE-INT-85f62f10-d58bce60,P2AE-INT-85f62f10,,29ef61f5,🎯 Cumul total à date,,0.0,0.0,2026-05-31,ALIBORI,ALI_Kan_03,Kéféré-Senté,P2AE_PBA_BT,PBA 11C650,1.0
P2AE-INT-74369d54-dcc3554c,P2AE-INT-74369d54,,26e8ec03,🎯 Cumul total à date,,2.0,0.0,2026-05-31,ALIBORI,ALI_Kan_04,Ganssoso-Gbiga,P2AE_PBA_HTA,PBA 11C650,
P2AE-INT-b89763f6-cecb60e2,P2AE-INT-b89763f6,,26e8ec03,🎯 Cumul total à date,,1.0,0.0,2026-05-31,ALIBORI,ALI_Kan_05,Soundou,P2AE_PBA_HTA,PBA 11C650,
P2AE-INT-89576c11-f3262154,P2AE-INT-89576c11,,26e8ec03,🎯 Cumul total à date,,1.0,0.0,2026-06-14,ALIBORI,ALI_Kan_03,Kéféré-Senté,P2AE_PBA_HTA,PBA 11C650,
P2AE-INT-a36d951d-b6cc2233,P2AE-INT-a36d951d,,29ef61f5,🎯 Cumul total à date,,0.0,0.0,2026-05-31,ALIBORI,ALI_Kan_05,Soundou,P2AE_PBA_BT,PBA 11C650,1.0
P2AE-INT-a92dd852-7b0916fb,P2AE-INT-a92dd852,,29ef61f5,🎯 Cumul total à date,,0.0,0.0,2026-05-31,ALIBORI,ALI_Kan_01,Kandi-fô,P2AE_PBA_BT,PBA 11C650,1.0
P2AE-INT-085bd336-f5754fdd,P2AE-INT-085bd336,,29ef61f5,🎯 Cumul total à date,,0.0,0.0,2026-05-31,ALIBORI,ALI_Gog_05,Sori-Kpankpanrou,P2AE_PBA_BT,PBA 11C650,1.0
P2AE-INT-c664761a-24ca0ed1,P2AE-INT-c664761a,,26e8ec03,🎯 Cumul total à date,,1.0,1.0,2026-05-31,ALIBORI,ALI_Gog_05,Sori-Kpankpanrou,P2AE_PBA_HTA,PBA 11C650,
P2AE-INT-8f8b4bf4-9530b68d,P2AE-INT-8f8b4bf4,,29ef61f5,🎯 Cumul total à date,,0.0,0.0,2026-05-31,ALIBORI,ALI_Kan_01,Kandi-fô,P2AE_PBA_BT,PBA 11C650,1.0
P2AE-INT-a9f41c68-0d480b6b,P2AE-INT-a9f41c68,,29ef61f5,🎯 Cumul total à date,,0.0,0.0,2026-05-31,ALIBORI,ALI_Kan_03,Kéféré-Senté,P2AE_PBA_BT,PBA 11C650,1.0
P2AE-INT-db7e72d4-16146fd4,P2AE-INT-db7e72d4,,29ef61f5,🎯 Cumul total à date,,0.0,0.0,2026-05-31,ALIBORI,ALI_Kan_04,Ganssoso-Gbiga,P2AE_PBA_BT,PBA 11C650,1.0
P2AE-INT-79ab33bb-d2c9e517,P2AE-INT-79ab33bb,,29ef61f5,🎯 Cumul total à date,,0.0,0.0,2026-05-31,ALIBORI,ALI_Kan_05,Soundou,P2AE_PBA_BT,PBA 11C650,1.0
P2AE-INT-c9c5b7a4-d2aa7d9f,P2AE-INT-c9c5b7a4,,e221b25e,🎯 Cumul total à date,175.0,284.0,175.0,2026-06-14,BORGOU,BOR_Par_04,Guerma,P2AE_Fouille_BT,Fouille réseau basse tension,
P2AE-INT-c9c5b7a4-bfaf8a88,P2AE-INT-c9c5b7a4,,2ec17c4d,🎯 Cumul total à date,,143.0,87.0,2026-06-14,BORGOU,BOR_Par_04,Guerma,P2AE_PBA_BT,PBA 9A200,
P2AE-INT-c9c5b7a4-549a28d1,P2AE-INT-c9c5b7a4,,215ac167,🎯 Cumul total à date,,73.0,61.0,2026-06-14,BORGOU,BOR_Par_04,Guerma,P2AE_PBA_BT,PBA 9A650,
P2AE-INT-c9c5b7a4-5cd6ee05,P2AE-INT-c9c5b7a4,,9c6af0a4,🎯 Cumul total à date,,6.0,6.0,2026-06-14,BORGOU,BOR_Par_04,Guerma,P2AE_PBA_BT,PBA 9C650,
P2AE-INT-d2fdbe43-5fe791a7,P2AE-INT-d2fdbe43,,e221b25e,🎯 Cumul total à date,,929.0,374.0,2026-06-14,BORGOU,BOR_Par_07,Thian,P2AE_Fouille_BT,Fouille réseau basse tension,
P2AE-INT-d2fdbe43-40948873,P2AE-INT-d2fdbe43,,2ec17c4d,🎯 Cumul total à date,,550.0,229.0,2026-06-14,BORGOU,BOR_Par_07,Thian,P2AE_PBA_BT,PBA 9A200,
P2AE-INT-d2fdbe43-dea4543b,P2AE-INT-d2fdbe43,,215ac167,🎯 Cumul total à date,,218.0,42.0,2026-06-14,BORGOU,BOR_Par_07,Thian,P2AE_PBA_BT,PBA 9A650,
P2AE-INT-d2fdbe43-34e4fa21,P2AE-INT-d2fdbe43,,9c6af0a4,🎯 Cumul total à date,,46.0,12.0,2026-06-14,BORGOU,BOR_Par_07,Thian,P2AE_PBA_BT,PBA 9C650,
P2AE-INT-17edf266-37c771e4,P2AE-INT-17edf266,,2ec17c4d,🎯 Cumul total à date,,369.0,14.0,2026-06-14,BORGOU,BOR_Par_09,Okédama,P2AE_PBA_BT,PBA 9A200,
P2AE-INT-17edf266-f0f5a6ed,P2AE-INT-17edf266,,215ac167,🎯 Cumul total à date,,187.0,6.0,2026-06-14,BORGOU,BOR_Par_09,Okédama,P2AE_PBA_BT,PBA 9A650,
P2AE-INT-17edf266-711cd896,P2AE-INT-17edf266,,9c6af0a4,🎯 Cumul total à date,,25.0,0.0,2026-06-14,BORGOU,BOR_Par_09,Okédama,P2AE_PBA_BT,PBA 9C650,
P2AE-INT-d2fdbe43-6cea535e,P2AE-INT-d2fdbe43,,29ef61f5,🎯 Cumul total à date,,3.0,2.0,2026-06-14,BORGOU,BOR_Par_07,Thian,P2AE_PBA_BT,PBA 11C650,1.0
P2AE-INT-d1979ac1-578588ca,P2AE-INT-d1979ac1,,8e6b4946,➕ Saisie du jour,512.0,,512.0,2026-06-15,ATACORA,ATA_Nat_09,Dassakaté,P2AE_Cable_BT,PRC 50mm²,
P2AE-INT-37e406ea-3e35c5dc,P2AE-INT-37e406ea,,8e6b4946,➕ Saisie du jour,76.0,,76.0,2026-06-15,ATACORA,ATA_Nat_04,Kantaborifa,P2AE_Cable_BT,PRC 50mm²,
P2AE-INT-d59131a6-c48e1fc7,P2AE-INT-d59131a6,,21f4f4d7,➕ Saisie du jour,1.0,,1.0,2026-06-15,ATACORA,ATA_Nat_11,Tchrimina,P2AE_IACM,IACM,
P2AE-INT-6eaac226-87453fca,P2AE-INT-6eaac226,,26e8ec03,🎯 Cumul total à date,,3.0,3.0,2026-06-14,BORGOU,BOR_Par_07,Thian,P2AE_PBA_HTA,PBA 11C650,
P2AE-INT-6eaac226-7b64aa92,P2AE-INT-6eaac226,,058e9b6a,🎯 Cumul total à date,,3.0,2.0,2026-06-14,BORGOU,BOR_Par_07,Thian,P2AE_PBA_HTA,PBA 11A1250,
P2AE-INT-6eaac226-c232ab3c,P2AE-INT-6eaac226,,46cfa5f8,🎯 Cumul total à date,,3.0,2.0,2026-06-14,BORGOU,BOR_Par_07,Thian,P2AE_PBA_HTA,PBA 12A800,
P2AE-INT-6eaac226-3695fbc3,P2AE-INT-6eaac226,,cd39f595,🎯 Cumul total à date,,27.0,20.0,2026-06-14,BORGOU,BOR_Par_07,Thian,P2AE_PBA_HTA,PBA 13A400,
P2AE-INT-6eaac226-755dedb1,P2AE-INT-6eaac226,,d6344558,🎯 Cumul total à date,,5.0,1.0,2026-06-14,BORGOU,BOR_Par_07,Thian,P2AE_PBA_HTA,PBA 13C800,
P2AE-INT-6eaac226-26447ea0,P2AE-INT-6eaac226,,50dc40e9,🎯 Cumul total à date,,3.0,3.0,2026-06-14,BORGOU,BOR_Par_07,Thian,P2AE_PBA_HTA,PBA 13C1250,
P2AE-INT-6eaac226-5c26ea5e,P2AE-INT-6eaac226,,f03cfc0b,🎯 Cumul total à date,,49.0,12.0,2026-06-14,BORGOU,BOR_Par_07,Thian,P2AE_Fouille_HTA,Fouille réseau haute tension,
P2AE-INT-c4674d2d-10e7adf0,P2AE-INT-c4674d2d,,46cfa5f8,🎯 Cumul total à date,,1.0,1.0,2026-06-14,BORGOU,BOR_Par_09,Okédama,P2AE_PBA_HTA,PBA 12A800,
P2AE-INT-c4674d2d-a023b88c,P2AE-INT-c4674d2d,,cd39f595,🎯 Cumul total à date,,8.0,8.0,2026-06-14,BORGOU,BOR_Par_09,Okédama,P2AE_PBA_HTA,PBA 13A400,
P2AE-INT-c4674d2d-1ffc0832,P2AE-INT-c4674d2d,,d6344558,🎯 Cumul total à date,,1.0,1.0,2026-06-14,BORGOU,BOR_Par_09,Okédama,P2AE_PBA_HTA,PBA 13C800,
P2AE-INT-b35f5fc0-8ef76bbe,P2AE-INT-b35f5fc0,,26e8ec03,🎯 Cumul total à date,,2.0,2.0,2026-05-31,ATACORA,ATA_Nat_12,Kantchagoutamou,P2AE_PBA_HTA,PBA 11C650,
P2AE-INT-53078c73-86b104bc,P2AE-INT-53078c73,,29ef61f5,🎯 Cumul total à date,,0.0,0.0,2026-05-31,ATACORA,ATA_Nat_12,Kantchagoutamou,P2AE_PBA_BT,PBA 11C650,1.0
P2AE-INT-fcf75b5a-650e63f1,P2AE-INT-fcf75b5a,,26e8ec03,🎯 Cumul total à date,,1.0,1.0,2026-05-31,ATACORA,ATA_Nat_08,Ouroubonna,P2AE_PBA_HTA,PBA 11C650,
P2AE-INT-d9296afc-444ea908,P2AE-INT-d9296afc,,29ef61f5,🎯 Cumul total à date,,0.0,0.0,2026-05-31,ATACORA,ATA_Nat_08,Ouroubonna,P2AE_PBA_BT,PBA 11C650,1.0
P2AE-INT-2be52a36-0d7286a0,P2AE-INT-2be52a36,,26e8ec03,🎯 Cumul total à date,,2.0,2.0,2026-05-31,ATACORA,ATA_Nat_05,Ouroubouga,P2AE_PBA_HTA,PBA 11C650,
P2AE-INT-61e7415a-8d5d5862,P2AE-INT-61e7415a,,29ef61f5,🎯 Cumul total à date,,2.0,-2.0,2026-05-31,ATACORA,ATA_Nat_05,Ouroubouga,P2AE_PBA_BT,PBA 11C650,
P2AE-INT-5b6361a1-b7dbcd08,P2AE-INT-5b6361a1,,26e8ec03,🎯 Cumul total à date,,3.0,3.0,2026-05-31,ATACORA,ATA_Nat_06,Perma-centre,P2AE_PBA_HTA,PBA 11C650,
P2AE-INT-3cf0e58e-54328297,P2AE-INT-3cf0e58e,,29ef61f5,🎯 Cumul total à date,,1.0,-3.0,2026-05-31,ATACORA,ATA_Nat_06,Perma-centre,P2AE_PBA_BT,PBA 11C650,
P2AE-INT-2a9300aa-5718d622,P2AE-INT-2a9300aa,,26e8ec03,🎯 Cumul total à date,,1.0,1.0,2026-05-31,ATACORA,ATA_Nat_14,Sossouna,P2AE_PBA_HTA,PBA 11C650,
P2AE-INT-d88b1481-dda56511,P2AE-INT-d88b1481,,29ef61f5,🎯 Cumul total à date,,0.0,0.0,2026-05-31,ATACORA,ATA_Nat_14,Sossouna,P2AE_PBA_BT,PBA 11C650,1.0
P2AE-INT-258cadba-85b5f36a,P2AE-INT-258cadba,,f03cfc0b,🎯 Cumul total à date,,18.0,2.0,2026-05-31,ATACORA,ATA_Nat_11,Tchrimina,P2AE_Fouille_HTA,Fouille réseau haute tension,
P2AE-INT-35e41a03-c92c5f78,P2AE-INT-35e41a03,,26e8ec03,🎯 Cumul total à date,,1.0,1.0,2026-05-31,ATACORA,ATA_Nat_02,Winkè,P2AE_PBA_HTA,PBA 11C650,
P2AE-INT-68b5f1d6-98aa72ba,P2AE-INT-68b5f1d6,,29ef61f5,🎯 Cumul total à date,,2.0,-1.0,2026-05-31,ATACORA,ATA_Nat_02,Winkè,P2AE_PBA_BT,PBA 11C650,
P2AE-INT-f173d1a2-343fc015,P2AE-INT-f173d1a2,,26e8ec03,🎯 Cumul total à date,,3.0,3.0,2026-05-31,ATACORA,ATA_Nat_03,Yimporima,P2AE_PBA_HTA,PBA 11C650,
P2AE-INT-db74d79b-33e02a0a,P2AE-INT-db74d79b,,29ef61f5,🎯 Cumul total à date,,2.0,-3.0,2026-05-31,ATACORA,ATA_Nat_03,Yimporima,P2AE_PBA_BT,PBA 11C650,
P2AE-INT-3a722fcc-9d2f8765,P2AE-INT-3a722fcc,,29ef61f5,🎯 Cumul total à date,,0.0,0.0,2026-05-31,ATACORA,ATA_Nat_11,Tchrimina,P2AE_PBA_BT,PBA 11C650,1.0
P2AE-INT-145f4e9e-604c59f4,P2AE-INT-145f4e9e,,8e6b4946,➕ Saisie du jour,924.0,,924.0,2026-06-16,ATACORA,ATA_Nat_04,Kantaborifa,P2AE_Cable_BT,PRC 50mm²,
P2AE-INT-3275f12f-949485a4,P2AE-INT-3275f12f,,21f4f4d7,➕ Saisie du jour,1.0,,1.0,2026-06-16,ATACORA,ATA_Nat_02,Winkè,P2AE_IACM,IACM,
P2AE-INT-4ea341ad-9e33e084,P2AE-INT-4ea341ad,,21f4f4d7,➕ Saisie du jour,1.0,,1.0,2026-06-16,ATACORA,ATA_Nat_03,Yimporima,P2AE_IACM,IACM,
P2AE-INT-4692da95-bc97808e,P2AE-INT-4692da95,,21f4f4d7,➕ Saisie du jour,2.0,,2.0,2026-06-17,ATACORA,ATA_Nat_03,Yimporima,P2AE_IACM,IACM,
P2AE-INT-c3ea3420-fb36d5c1,P2AE-INT-c3ea3420,,21f4f4d7,➕ Saisie du jour,2.0,,2.0,2026-06-18,ATACORA,ATA_Nat_05,Ouroubouga,P2AE_IACM,IACM,
P2AE-INT-b819966f-bf1f3bca,P2AE-INT-b819966f,,21f4f4d7,➕ Saisie du jour,2.0,,2.0,2026-06-19,ATACORA,ATA_Nat_12,Kantchagoutamou,P2AE_IACM,IACM,
P2AE-INT-e5e9d604-e89fdc6c,P2AE-INT-e5e9d604,,215ac167,➕ Saisie du jour,2.0,,2.0,2026-06-19,ATACORA,ATA_Nat_04,Kantaborifa,P2AE_PBA_BT,PBA 9A650,
P2AE-INT-e5e9d604-4d06d71d,P2AE-INT-e5e9d604,,8e6b4946,➕ Saisie du jour,729.0,,729.0,2026-06-19,ATACORA,ATA_Nat_04,Kantaborifa,P2AE_Cable_BT,PRC 50mm²,
P2AE-INT-2c58c6ad-bbc8b041,P2AE-INT-2c58c6ad,,215ac167,➕ Saisie du jour,3.0,,3.0,2026-06-21,ALIBORI,ALI_Gog_05,Sori-Kpankpanrou,P2AE_PBA_BT,PBA 9A650,
P2AE-INT-2c58c6ad-29500181,P2AE-INT-2c58c6ad,,9c6af0a4,➕ Saisie du jour,3.0,,3.0,2026-06-21,ALIBORI,ALI_Gog_05,Sori-Kpankpanrou,P2AE_PBA_BT,PBA 9C650,
P2AE-INT-2c58c6ad-fb78720a,P2AE-INT-2c58c6ad,,8e6b4946,➕ Saisie du jour,1681.0,,1681.0,2026-06-21,ALIBORI,ALI_Gog_05,Sori-Kpankpanrou,P2AE_Cable_BT,PRC 50mm²,
P2AE-INT-2c58c6ad-dca49f07,P2AE-INT-2c58c6ad,,59dc5a38,➕ Saisie du jour,495.0,,495.0,2026-06-21,ALIBORI,ALI_Gog_05,Sori-Kpankpanrou,P2AE_Cable_BT,PRC 70mm²,
P2AE-INT-4439ae48-dcd0f4ad,P2AE-INT-4439ae48,,2ec17c4d,➕ Saisie du jour,11.0,,11.0,2026-06-21,ALIBORI,ALI_Gog_04,Sori-Borowanrou,P2AE_PBA_BT,PBA 9A200,
P2AE-INT-4439ae48-9c499507,P2AE-INT-4439ae48,,215ac167,➕ Saisie du jour,30.0,,30.0,2026-06-21,ALIBORI,ALI_Gog_04,Sori-Borowanrou,P2AE_PBA_BT,PBA 9A650,
P2AE-INT-4439ae48-21e20a27,P2AE-INT-4439ae48,,59dc5a38,➕ Saisie du jour,958.0,,958.0,2026-06-21,ALIBORI,ALI_Gog_04,Sori-Borowanrou,P2AE_Cable_BT,PRC 70mm²,
P2AE-INT-4439ae48-47b49130,P2AE-INT-4439ae48,,8e6b4946,➕ Saisie du jour,3101.0,,3101.0,2026-06-21,ALIBORI,ALI_Gog_04,Sori-Borowanrou,P2AE_Cable_BT,PRC 50mm²,
P2AE-INT-2f83500e-5d5936e9,P2AE-INT-2f83500e,,2ec17c4d,🎯 Cumul total à date,,181.0,38.0,2026-06-21,BORGOU,BOR_Par_04,Guerma,P2AE_PBA_BT,PBA 9A200,
P2AE-INT-2f83500e-87973e2c,P2AE-INT-2f83500e,,215ac167,🎯 Cumul total à date,,97.0,24.0,2026-06-21,BORGOU,BOR_Par_04,Guerma,P2AE_PBA_BT,PBA 9A650,
P2AE-INT-2f83500e-83e2cf1a,P2AE-INT-2f83500e,,9c6af0a4,🎯 Cumul total à date,,8.0,2.0,2026-06-21,BORGOU,BOR_Par_04,Guerma,P2AE_PBA_BT,PBA 9C650,
P2AE-INT-2f83500e-cd75386c,P2AE-INT-2f83500e,,e221b25e,🎯 Cumul total à date,,439.0,155.0,2026-06-21,BORGOU,BOR_Par_04,Guerma,P2AE_Fouille_BT,Fouille réseau basse tension,
P2AE-INT-fac0c9e2-dad81b87,P2AE-INT-fac0c9e2,,e221b25e,🎯 Cumul total à date,,934.0,5.0,2026-06-21,BORGOU,BOR_Par_07,Thian,P2AE_Fouille_BT,Fouille réseau basse tension,
P2AE-INT-fac0c9e2-8f9d30a6,P2AE-INT-fac0c9e2,,2ec17c4d,🎯 Cumul total à date,,565.0,15.0,2026-06-21,BORGOU,BOR_Par_07,Thian,P2AE_PBA_BT,PBA 9A200,
P2AE-INT-fac0c9e2-76f29b6a,P2AE-INT-fac0c9e2,,215ac167,🎯 Cumul total à date,,220.0,2.0,2026-06-21,BORGOU,BOR_Par_07,Thian,P2AE_PBA_BT,PBA 9A650,
P2AE-INT-fac0c9e2-cd93ce3a,P2AE-INT-fac0c9e2,,29ef61f5,🎯 Cumul total à date,,5.0,2.0,2026-06-21,BORGOU,BOR_Par_07,Thian,P2AE_PBA_BT,PBA 11C650,1.0
P2AE-INT-bba1b09d-37f09470,P2AE-INT-bba1b09d,,e221b25e,🎯 Cumul total à date,,673.0,37.0,2026-06-21,BORGOU,BOR_Par_09,Okédama,P2AE_Fouille_BT,Fouille réseau basse tension,
P2AE-INT-bba1b09d-c9a68b1c,P2AE-INT-bba1b09d,,2ec17c4d,🎯 Cumul total à date,,421.0,52.0,2026-06-21,BORGOU,BOR_Par_09,Okédama,P2AE_PBA_BT,PBA 9A200,
P2AE-INT-bba1b09d-53d4ec01,P2AE-INT-bba1b09d,,215ac167,🎯 Cumul total à date,,228.0,41.0,2026-06-21,BORGOU,BOR_Par_09,Okédama,P2AE_PBA_BT,PBA 9A650,
P2AE-INT-bba1b09d-cfff2275,P2AE-INT-bba1b09d,,9c6af0a4,🎯 Cumul total à date,,31.0,6.0,2026-06-21,BORGOU,BOR_Par_09,Okédama,P2AE_PBA_BT,PBA 9C650,
P2AE-INT-bdc5d9c4-99ff6e03,P2AE-INT-bdc5d9c4,,2ec17c4d,🎯 Cumul total à date,,191.0,21.0,2026-06-21,BORGOU,BOR_Dal_02,Tounré,P2AE_PBA_BT,PBA 9A200,
P2AE-INT-bdc5d9c4-f3270c31,P2AE-INT-bdc5d9c4,,215ac167,🎯 Cumul total à date,,98.0,50.0,2026-06-21,BORGOU,BOR_Dal_02,Tounré,P2AE_PBA_BT,PBA 9A650,
P2AE-INT-bdc5d9c4-4dd67506,P2AE-INT-bdc5d9c4,,9c6af0a4,🎯 Cumul total à date,,20.0,6.0,2026-06-21,BORGOU,BOR_Dal_02,Tounré,P2AE_PBA_BT,PBA 9C650,
P2AE-INT-2c11eb74-75a8aa31,P2AE-INT-2c11eb74,,f03cfc0b,🎯 Cumul total à date,,87.0,38.0,2026-06-21,BORGOU,BOR_Par_07,Thian,P2AE_Fouille_HTA,Fouille réseau haute tension,
P2AE-INT-2c11eb74-0375af7e,P2AE-INT-2c11eb74,,058e9b6a,🎯 Cumul total à date,,4.0,1.0,2026-06-21,BORGOU,BOR_Par_07,Thian,P2AE_PBA_HTA,PBA 11A1250,
P2AE-INT-2c11eb74-6e116fac,P2AE-INT-2c11eb74,,46cfa5f8,🎯 Cumul total à date,,5.0,2.0,2026-06-21,BORGOU,BOR_Par_07,Thian,P2AE_PBA_HTA,PBA 12A800,
P2AE-INT-2c11eb74-bbb27579,P2AE-INT-2c11eb74,,cd39f595,🎯 Cumul total à date,,45.0,18.0,2026-06-21,BORGOU,BOR_Par_07,Thian,P2AE_PBA_HTA,PBA 13A400,
P2AE-INT-f7776d91-2b9a02ef,P2AE-INT-f7776d91,,8e6b4946,➕ Saisie du jour,1274.0,,1274.0,2026-06-23,ATACORA,ATA_Nat_01,Kotopounga,P2AE_Cable_BT,PRC 50mm²,
P2AE-INT-a477df2e-a5e30257,P2AE-INT-a477df2e,,8e6b4946,➕ Saisie du jour,877.0,,877.0,2026-06-24,ATACORA,ATA_Nat_01,Kotopounga,P2AE_Cable_BT,PRC 50mm²,
P2AE-INT-c5373a5d-28cd84ce,P2AE-INT-c5373a5d,,8e6b4946,➕ Saisie du jour,911.0,,911.0,2026-06-25,ATACORA,ATA_Nat_01,Kotopounga,P2AE_Cable_BT,PRC 50mm²,
P2AE-INT-9df6c883-6720ffeb,P2AE-INT-9df6c883,,f03cfc0b,➕ Saisie du jour,46.0,,46.0,2026-06-26,BORGOU,BOR_Par_05,Bahmora,P2AE_Fouille_HTA,Fouille réseau haute tension,
P2AE-INT-910e925e-9e5f076b,P2AE-INT-910e925e,,8e6b4946,➕ Saisie du jour,437.0,,437.0,2026-06-27,ATACORA,ATA_Nat_01,Kotopounga,P2AE_Cable_BT,PRC 50mm²,
P2AE-INT-e1ec6810-f7c254c8,P2AE-INT-e1ec6810,,2ec17c4d,➕ Saisie du jour,12.0,,12.0,2026-06-27,ALIBORI,ALI_Gog_04,Sori-Borowanrou,P2AE_PBA_BT,PBA 9A200,
P2AE-INT-e1ec6810-d6923438,P2AE-INT-e1ec6810,,215ac167,➕ Saisie du jour,14.0,,14.0,2026-06-27,ALIBORI,ALI_Gog_04,Sori-Borowanrou,P2AE_PBA_BT,PBA 9A650,
P2AE-INT-e1ec6810-669cdda8,P2AE-INT-e1ec6810,,9c6af0a4,➕ Saisie du jour,3.0,,3.0,2026-06-27,ALIBORI,ALI_Gog_04,Sori-Borowanrou,P2AE_PBA_BT,PBA 9C650,
P2AE-INT-e1ec6810-599ddd51,P2AE-INT-e1ec6810,,8e6b4946,➕ Saisie du jour,2110.25,,2110.25,2026-06-27,ALIBORI,ALI_Gog_04,Sori-Borowanrou,P2AE_Cable_BT,PRC 50mm²,
P2AE-INT-270700da-0202abcd,P2AE-INT-270700da,,8e6b4946,➕ Saisie du jour,671.0,,671.0,2026-06-29,ATACORA,ATA_Nat_07,Boriyouré,P2AE_Cable_BT,PRC 50mm²,
P2AE-INT-770ce835-46c4dc96,P2AE-INT-770ce835,,8e6b4946,➕ Saisie du jour,872.0,,872.0,2026-05-09,ATACORA,ATA_Nat_14,Sossouna,P2AE_Cable_BT,PRC 50mm²,
P2AE-INT-be108056-77be39c6,P2AE-INT-be108056,,8e6b4946,➕ Saisie du jour,414.0,,414.0,2026-07-01,ATACORA,ATA_Nat_07,Boriyouré,P2AE_Cable_BT,PRC 50mm²,
P2AE-INT-b29e6e51-78d2c898,P2AE-INT-b29e6e51,,f03cfc0b,➕ Saisie du jour,66.0,,66.0,2026-07-01,BORGOU,BOR_Par_04,Guerma,P2AE_Fouille_HTA,Fouille réseau haute tension,
P2AE-INT-588fa75a-aa9cf864,P2AE-INT-588fa75a,,59dc5a38,➕ Saisie du jour,571.0,,571.0,2026-07-02,ATACORA,ATA_Nat_06,Perma-centre,P2AE_Cable_BT,PRC 70mm²,
P2AE-INT-588fa75a-dab300f8,P2AE-INT-588fa75a,,8e6b4946,➕ Saisie du jour,564.0,,564.0,2026-07-02,ATACORA,ATA_Nat_06,Perma-centre,P2AE_Cable_BT,PRC 50mm²,
P2AE-INT-994bc61c-29d7d75a,P2AE-INT-994bc61c,,e221b25e,➕ Saisie du jour,35.0,,35.0,2026-07-03,BORGOU,BOR_Par_06,Bawé,P2AE_Fouille_BT,Fouille réseau basse tension,
P2AE-INT-ec1fab18-bb3a9189,P2AE-INT-ec1fab18,,2ec17c4d,🎯 Cumul total à date,,208.0,29.0,2026-07-02,BORGOU,BOR_Par_06,Bawé,P2AE_PBA_BT,PBA 9A200,
P2AE-INT-ec1fab18-0c87d891,P2AE-INT-ec1fab18,,215ac167,🎯 Cumul total à date,,156.0,23.0,2026-07-02,BORGOU,BOR_Par_06,Bawé,P2AE_PBA_BT,PBA 9A650,
P2AE-INT-ec1fab18-f1485e41,P2AE-INT-ec1fab18,,9c6af0a4,🎯 Cumul total à date,,46.0,7.0,2026-07-02,BORGOU,BOR_Par_06,Bawé,P2AE_PBA_BT,PBA 9C650,
P2AE-INT-f41b2d58-93f2115f,P2AE-INT-f41b2d58,,2ec17c4d,🎯 Cumul total à date,,215.0,34.0,2026-07-02,BORGOU,BOR_Par_04,Guerma,P2AE_PBA_BT,PBA 9A200,
P2AE-INT-f41b2d58-e2557c66,P2AE-INT-f41b2d58,,215ac167,🎯 Cumul total à date,,117.0,20.0,2026-07-02,BORGOU,BOR_Par_04,Guerma,P2AE_PBA_BT,PBA 9A650,
P2AE-INT-f41b2d58-d6e622d0,P2AE-INT-f41b2d58,,9c6af0a4,🎯 Cumul total à date,,16.0,8.0,2026-07-02,BORGOU,BOR_Par_04,Guerma,P2AE_PBA_BT,PBA 9C650,
P2AE-INT-f41b2d58-80d34311,P2AE-INT-f41b2d58,,29ef61f5,🎯 Cumul total à date,,8.0,8.0,2026-07-02,BORGOU,BOR_Par_04,Guerma,P2AE_PBA_BT,PBA 11C650,
P2AE-INT-ba4de335-4b77adff,P2AE-INT-ba4de335,,26e8ec03,🎯 Cumul total à date,,4.0,4.0,2026-07-02,BORGOU,BOR_Par_04,Guerma,P2AE_PBA_HTA,PBA 11C650,
P2AE-INT-ba4de335-00087fc9,P2AE-INT-ba4de335,,cd39f595,🎯 Cumul total à date,,20.0,20.0,2026-07-02,BORGOU,BOR_Par_04,Guerma,P2AE_PBA_HTA,PBA 13A400,
P2AE-INT-ba4de335-58afd329,P2AE-INT-ba4de335,,058e9b6a,🎯 Cumul total à date,,2.0,2.0,2026-07-02,BORGOU,BOR_Par_04,Guerma,P2AE_PBA_HTA,PBA 11A1250,
P2AE-INT-ba4de335-d3e5cc94,P2AE-INT-ba4de335,,46cfa5f8,🎯 Cumul total à date,,1.0,1.0,2026-07-02,BORGOU,BOR_Par_04,Guerma,P2AE_PBA_HTA,PBA 12A800,
P2AE-INT-f357e36f-afa0f9ce,P2AE-INT-f357e36f,,59dc5a38,➕ Saisie du jour,742.0,,742.0,2026-07-04,ATACORA,ATA_Nat_06,Perma-centre,P2AE_Cable_BT,PRC 70mm²,
P2AE-INT-f357e36f-eba5b8f9,P2AE-INT-f357e36f,,8e6b4946,➕ Saisie du jour,100.0,,100.0,2026-07-04,ATACORA,ATA_Nat_06,Perma-centre,P2AE_Cable_BT,PRC 50mm²,
P2AE-INT-d8a65a6a-941e653e,P2AE-INT-d8a65a6a,,26e8ec03,🎯 Cumul total à date,,3.0,3.0,2026-05-30,BORGOU,BOR_Par_08,Kpérou-Guéra,P2AE_PBA_HTA,PBA 11C650,
P2AE-INT-a68d1e08-b3856d4f,P2AE-INT-a68d1e08,,f03cfc0b,➕ Saisie du jour,32.0,,32.0,2026-07-04,BORGOU,BOR_Par_06,Bawé,P2AE_Fouille_HTA,Fouille réseau haute tension,
P2AE-INT-79a8a2b6-6df6c8a4,P2AE-INT-79a8a2b6,,e221b25e,➕ Saisie du jour,15.0,,15.0,2026-07-04,BORGOU,BOR_Par_06,Bawé,P2AE_Fouille_BT,Fouille réseau basse tension,
P2AE-INT-e1ec6810-6a2cecc2,P2AE-INT-e1ec6810,,59dc5a38,➕ Saisie du jour,573.0,,573.0,2026-06-27,ALIBORI,ALI_Gog_04,Sori-Borowanrou,P2AE_Cable_BT,PRC 70mm²,
P2AE-INT-c2a72b43-2c6d71dd,P2AE-INT-c2a72b43,,2ec17c4d,➕ Saisie du jour,3.0,,3.0,2026-06-27,ALIBORI,ALI_Gog_05,Sori-Kpankpanrou,P2AE_PBA_BT,PBA 9A200,
P2AE-INT-c2a72b43-c253ce83,P2AE-INT-c2a72b43,,215ac167,➕ Saisie du jour,14.0,,14.0,2026-06-27,ALIBORI,ALI_Gog_05,Sori-Kpankpanrou,P2AE_PBA_BT,PBA 9A650,
P2AE-INT-c2a72b43-febe9f1d,P2AE-INT-c2a72b43,,8e6b4946,➕ Saisie du jour,252.76,,252.76,2026-06-27,ALIBORI,ALI_Gog_05,Sori-Kpankpanrou,P2AE_Cable_BT,PRC 50mm²,
P2AE-INT-c2a72b43-f4e26c5f,P2AE-INT-c2a72b43,,9c6af0a4,➕ Saisie du jour,2.0,,2.0,2026-06-27,ALIBORI,ALI_Gog_05,Sori-Kpankpanrou,P2AE_PBA_BT,PBA 9C650,
P2AE-INT-c2a72b43-4ca5a10e,P2AE-INT-c2a72b43,,59dc5a38,➕ Saisie du jour,1061.7,,1061.7,2026-06-27,ALIBORI,ALI_Gog_05,Sori-Kpankpanrou,P2AE_Cable_BT,PRC 70mm²,
P2AE-INT-1f4f6139-276927a9,P2AE-INT-1f4f6139,,2ec17c4d,➕ Saisie du jour,15.0,,15.0,2026-07-04,ALIBORI,ALI_Gog_04,Sori-Borowanrou,P2AE_PBA_BT,PBA 9A200,
P2AE-INT-1f4f6139-2cbef375,P2AE-INT-1f4f6139,,215ac167,➕ Saisie du jour,13.0,,13.0,2026-07-04,ALIBORI,ALI_Gog_04,Sori-Borowanrou,P2AE_PBA_BT,PBA 9A650,
P2AE-INT-1f4f6139-c35df7f1,P2AE-INT-1f4f6139,,9c6af0a4,➕ Saisie du jour,1.0,,1.0,2026-07-04,ALIBORI,ALI_Gog_04,Sori-Borowanrou,P2AE_PBA_BT,PBA 9C650,
P2AE-INT-1f4f6139-d27033d7,P2AE-INT-1f4f6139,,8e6b4946,➕ Saisie du jour,530.65,,530.65,2026-07-04,ALIBORI,ALI_Gog_04,Sori-Borowanrou,P2AE_Cable_BT,PRC 50mm²,
P2AE-INT-1f4f6139-91056838,P2AE-INT-1f4f6139,,59dc5a38,➕ Saisie du jour,326.26,,326.26,2026-07-04,ALIBORI,ALI_Gog_04,Sori-Borowanrou,P2AE_Cable_BT,PRC 70mm²,
P2AE-INT-80755125-9c2488af,P2AE-INT-80755125,,2ec17c4d,➕ Saisie du jour,3.0,,3.0,2026-07-04,ALIBORI,ALI_Gog_05,Sori-Kpankpanrou,P2AE_PBA_BT,PBA 9A200,
P2AE-INT-80755125-c8128ef8,P2AE-INT-80755125,,215ac167,➕ Saisie du jour,7.0,,7.0,2026-07-04,ALIBORI,ALI_Gog_05,Sori-Kpankpanrou,P2AE_PBA_BT,PBA 9A650,
P2AE-INT-80755125-d38ff044,P2AE-INT-80755125,,9c6af0a4,➕ Saisie du jour,1.0,,1.0,2026-07-04,ALIBORI,ALI_Gog_05,Sori-Kpankpanrou,P2AE_PBA_BT,PBA 9C650,
P2AE-INT-ddafcaad-e908f291,P2AE-INT-ddafcaad,,215ac167,🎯 Cumul total à date,,281.0,61.0,2026-07-04,BORGOU,BOR_Par_07,Thian,P2AE_PBA_BT,PBA 9A650,
P2AE-INT-15396266-bd9046d2,P2AE-INT-15396266,,2ec17c4d,🎯 Cumul total à date,,220.0,12.0,2026-07-04,BORGOU,BOR_Par_06,Bawé,P2AE_PBA_BT,PBA 9A200,
P2AE-INT-15396266-f494b0e6,P2AE-INT-15396266,,215ac167,🎯 Cumul total à date,,174.0,18.0,2026-07-04,BORGOU,BOR_Par_06,Bawé,P2AE_PBA_BT,PBA 9A650,
P2AE-INT-15396266-9f0b8624,P2AE-INT-15396266,,9c6af0a4,🎯 Cumul total à date,,54.0,8.0,2026-07-04,BORGOU,BOR_Par_06,Bawé,P2AE_PBA_BT,PBA 9C650,
P2AE-INT-751fbeed-bce563f2,P2AE-INT-751fbeed,,8e6b4946,➕ Saisie du jour,1329.0,,1329.0,2026-07-06,ATACORA,ATA_Nat_06,Perma-centre,P2AE_Cable_BT,PRC 50mm²,
P2AE-INT-c277e8ff-688c4a08,P2AE-INT-c277e8ff,,59dc5a38,➕ Saisie du jour,45.0,,45.0,2026-07-07,ATACORA,ATA_Nat_06,Perma-centre,P2AE_Cable_BT,PRC 70mm²,
P2AE-INT-c277e8ff-a0e08c01,P2AE-INT-c277e8ff,,8e6b4946,➕ Saisie du jour,650.0,,650.0,2026-07-07,ATACORA,ATA_Nat_06,Perma-centre,P2AE_Cable_BT,PRC 50mm²,
P2AE-INT-98eafe4c-5f9f6ee4,P2AE-INT-98eafe4c,,59dc5a38,➕ Saisie du jour,426.0,,426.0,2026-07-08,ATACORA,ATA_Nat_06,Perma-centre,P2AE_Cable_BT,PRC 70mm²,
P2AE-INT-98eafe4c-63864cbb,P2AE-INT-98eafe4c,,8e6b4946,➕ Saisie du jour,713.0,,713.0,2026-07-08,ATACORA,ATA_Nat_06,Perma-centre,P2AE_Cable_BT,PRC 50mm²,
P2AE-INT-870ce805-8f0f587d,P2AE-INT-870ce805,,8ae558c8,➕ Saisie du jour,2.0,,2.0,2026-07-09,ATACORA,ATA_Nat_05,Ouroubouga,P2AE_TFO,Transformateur 160 kVA,
P2AE-INT-08d27cab-f52ea1db,P2AE-INT-08d27cab,,8ae558c8,➕ Saisie du jour,1.0,,1.0,2026-07-09,ATACORA,ATA_Nat_03,Yimporima,P2AE_TFO,Transformateur 160 kVA,
P2AE-INT-2b3de211-2e0807a5,P2AE-INT-2b3de211,,8ae558c8,➕ Saisie du jour,1.0,,1.0,2026-07-09,ATACORA,ATA_Nat_02,Winkè,P2AE_TFO,Transformateur 160 kVA,
P2AE-INT-be9ccf5b-a406c7ba,P2AE-INT-be9ccf5b,,21f4f4d7,➕ Saisie du jour,2.0,,2.0,2026-07-09,ATACORA,ATA_Nat_06,Perma-centre,P2AE_IACM,IACM,
P2AE-INT-301ac9d7-754aa359,P2AE-INT-301ac9d7,,59dc5a38,➕ Saisie du jour,6275.0,,6275.0,2026-07-12,BORGOU,BOR_Par_08,Kpérou-Guéra,P2AE_Cable_BT,PRC 70mm²,
P2AE-INT-301ac9d7-f8c80573,P2AE-INT-301ac9d7,,8e6b4946,➕ Saisie du jour,11884.0,,11884.0,2026-07-12,BORGOU,BOR_Par_08,Kpérou-Guéra,P2AE_Cable_BT,PRC 50mm²,
P2AE-INT-a72a1489-7a454ef5,P2AE-INT-a72a1489,,2ec17c4d,➕ Saisie du jour,6.0,,6.0,2026-07-12,BORGOU,BOR_Par_08,Kpérou-Guéra,P2AE_PBA_BT,PBA 9A200,
P2AE-INT-a72a1489-c3fe54fa,P2AE-INT-a72a1489,,215ac167,➕ Saisie du jour,2.0,,2.0,2026-07-12,BORGOU,BOR_Par_08,Kpérou-Guéra,P2AE_PBA_BT,PBA 9A650,
P2AE-INT-a72a1489-673c87d8,P2AE-INT-a72a1489,,9c6af0a4,➕ Saisie du jour,1.0,,1.0,2026-07-12,BORGOU,BOR_Par_08,Kpérou-Guéra,P2AE_PBA_BT,PBA 9C650,
P2AE-INT-f2f69f6c-c2bc1f96,P2AE-INT-f2f69f6c,,d6344558,➕ Saisie du jour,15.0,,15.0,2026-07-12,BORGOU,BOR_Par_08,Kpérou-Guéra,P2AE_PBA_HTA,PBA 13C800,
P2AE-INT-0f58e1bb-207dad33,P2AE-INT-0f58e1bb,,2ec17c4d,➕ Saisie du jour,6.0,,6.0,2026-07-12,BORGOU,BOR_Par_07,Thian,P2AE_PBA_BT,PBA 9A200,
P2AE-INT-0f58e1bb-b04ba475,P2AE-INT-0f58e1bb,,215ac167,➕ Saisie du jour,20.0,,20.0,2026-07-12,BORGOU,BOR_Par_07,Thian,P2AE_PBA_BT,PBA 9A650,
P2AE-INT-0f58e1bb-2168cf80,P2AE-INT-0f58e1bb,,9c6af0a4,➕ Saisie du jour,3.0,,3.0,2026-07-12,BORGOU,BOR_Par_07,Thian,P2AE_PBA_BT,PBA 9C650,
P2AE-INT-413fa501-76df0c66,P2AE-INT-413fa501,,d6344558,➕ Saisie du jour,11.0,,11.0,2026-07-12,BORGOU,BOR_Par_07,Thian,P2AE_PBA_HTA,PBA 13C800,
P2AE-INT-413fa501-fa328ad0,P2AE-INT-413fa501,,50dc40e9,➕ Saisie du jour,1.0,,1.0,2026-07-12,BORGOU,BOR_Par_07,Thian,P2AE_PBA_HTA,PBA 13C1250,
P2AE-INT-c3c93f20-8e3ead68,P2AE-INT-c3c93f20,,2ec17c4d,➕ Saisie du jour,21.0,,21.0,2026-07-12,BORGOU,BOR_Par_02,Banikani-Rose-croix,P2AE_PBA_BT,PBA 9A200,
P2AE-INT-c3c93f20-6fc5515c,P2AE-INT-c3c93f20,,215ac167,➕ Saisie du jour,14.0,,14.0,2026-07-12,BORGOU,BOR_Par_02,Banikani-Rose-croix,P2AE_PBA_BT,PBA 9A650,
P2AE-INT-c3c93f20-74d1f36a,P2AE-INT-c3c93f20,,9c6af0a4,➕ Saisie du jour,3.0,,3.0,2026-07-12,BORGOU,BOR_Par_02,Banikani-Rose-croix,P2AE_PBA_BT,PBA 9C650,
P2AE-INT-a3f2e6f9-cb2d54a5,P2AE-INT-a3f2e6f9,,2ec17c4d,➕ Saisie du jour,12.0,,12.0,2026-07-12,BORGOU,BOR_Dal_03,Komiguéa,P2AE_PBA_BT,PBA 9A200,
P2AE-INT-a3f2e6f9-76ee1fc5,P2AE-INT-a3f2e6f9,,215ac167,➕ Saisie du jour,16.0,,16.0,2026-07-12,BORGOU,BOR_Dal_03,Komiguéa,P2AE_PBA_BT,PBA 9A650,
P2AE-INT-a3f2e6f9-47a12441,P2AE-INT-a3f2e6f9,,9c6af0a4,➕ Saisie du jour,1.0,,1.0,2026-07-12,BORGOU,BOR_Dal_03,Komiguéa,P2AE_PBA_BT,PBA 9C650,
P2AE-INT-1ddc2844-f4ee692c,P2AE-INT-1ddc2844,,e9e0a228,➕ Saisie du jour,105.11,,105.11,2026-07-09,ATACORA,ATA_Nat_06,Perma-centre,P2AE_Cable_HTA,ASTER 54mm²,
P2AE-INT-28d73f07-2bc14fda,P2AE-INT-28d73f07,,e9e0a228,➕ Saisie du jour,49.94,,49.94,2026-07-11,ATACORA,ATA_Nat_06,Perma-centre,P2AE_Cable_HTA,ASTER 54mm²,
P2AE-INT-4aa32f39-6076664d,P2AE-INT-4aa32f39,,21f4f4d7,➕ Saisie du jour,1.0,,1.0,2026-07-11,ATACORA,ATA_Nat_06,Perma-centre,P2AE_IACM,IACM,
P2AE-INT-3b51716a-86fb8345,P2AE-INT-3b51716a,,002f1a3d,➕ Saisie du jour,13.0,,13.0,2026-07-11,ATACORA,ATA_Nat_11,Tchrimina,P2AE_Terre,Mise à la terre,
P2AE-INT-bb136210-a4c24d02,P2AE-INT-bb136210,,8ae558c8,➕ Saisie du jour,1.0,,1.0,2026-07-11,ATACORA,ATA_Nat_11,Tchrimina,P2AE_TFO,Transformateur 160 kVA,
P2AE-INT-4b6fb534-d7f9744d,P2AE-INT-4b6fb534,,8ae558c8,➕ Saisie du jour,2.0,,2.0,2026-07-11,ATACORA,ATA_Nat_03,Yimporima,P2AE_TFO,Transformateur 160 kVA,
P2AE-INT-58bd6ab0-f3713719,P2AE-INT-58bd6ab0,,8ae558c8,➕ Saisie du jour,1.0,,1.0,2026-07-11,ATACORA,ATA_Nat_12,Kantchagoutamou,P2AE_TFO,Transformateur 160 kVA,
P2AE-INT-80755125-759fb0af,P2AE-INT-80755125,,8e6b4946,➕ Saisie du jour,517.44,,517.44,2026-07-04,ALIBORI,ALI_Gog_05,Sori-Kpankpanrou,P2AE_Cable_BT,PRC 50mm²,
P2AE-INT-adb3d579-981b1488,P2AE-INT-adb3d579,,e9e0a228,➕ Saisie du jour,165.63,,165.63,2026-07-11,ALIBORI,ALI_Gog_04,Sori-Borowanrou,P2AE_Cable_HTA,ASTER 54mm²,
P2AE-INT-adb3d579-eeff29d9,P2AE-INT-adb3d579,,21f4f4d7,➕ Saisie du jour,1.0,,1.0,2026-07-11,ALIBORI,ALI_Gog_04,Sori-Borowanrou,P2AE_IACM,IACM,
P2AE-INT-adb3d579-23845140,P2AE-INT-adb3d579,,8e6b4946,➕ Saisie du jour,2392.0,,2392.0,2026-07-11,ALIBORI,ALI_Gog_04,Sori-Borowanrou,P2AE_Cable_BT,PRC 50mm²,
P2AE-INT-3648a4d0-c7401b8b,P2AE-INT-3648a4d0,,8e6b4946,➕ Saisie du jour,293.16,,293.16,2026-07-11,ALIBORI,ALI_Gog_05,Sori-Kpankpanrou,P2AE_Cable_BT,PRC 50mm²,
P2AE-INT-7749bda3-11993fa1,P2AE-INT-7749bda3,,8e6b4946,➕ Saisie du jour,4694.0,,4694.0,2026-07-11,DONGA,DON_Bas_02,Oké-Igboélé,P2AE_Cable_BT,PRC 50mm²,
P2AE-INT-1542ff5a-fa513ae9,P2AE-INT-1542ff5a,,2ec17c4d,➕ Saisie du jour,23.0,,23.0,2026-07-11,DONGA,DON_Bas_02,Oké-Igboélé,P2AE_PBA_BT,PBA 9A200,
P2AE-INT-1542ff5a-76b6bdcf,P2AE-INT-1542ff5a,,215ac167,➕ Saisie du jour,7.0,,7.0,2026-07-11,DONGA,DON_Bas_02,Oké-Igboélé,P2AE_PBA_BT,PBA 9A650,
P2AE-INT-1542ff5a-575c941b,P2AE-INT-1542ff5a,,9c6af0a4,➕ Saisie du jour,3.0,,3.0,2026-07-11,DONGA,DON_Bas_02,Oké-Igboélé,P2AE_PBA_BT,PBA 9C650,
P2AE-INT-a84f4f45-50c662fe,P2AE-INT-a84f4f45,,058e9b6a,➕ Saisie du jour,2.0,,2.0,2026-07-11,DONGA,DON_Bas_02,Oké-Igboélé,P2AE_PBA_HTA,PBA 11A1250,
P2AE-INT-a84f4f45-6c8af01c,P2AE-INT-a84f4f45,,46cfa5f8,➕ Saisie du jour,2.0,,2.0,2026-07-11,DONGA,DON_Bas_02,Oké-Igboélé,P2AE_PBA_HTA,PBA 12A800,
P2AE-INT-a84f4f45-3e77872a,P2AE-INT-a84f4f45,,cd39f595,➕ Saisie du jour,12.0,,12.0,2026-07-11,DONGA,DON_Bas_02,Oké-Igboélé,P2AE_PBA_HTA,PBA 13A400,
P2AE-INT-8f64d785-39785c52,P2AE-INT-8f64d785,,e221b25e,➕ Saisie du jour,77.0,,77.0,2026-07-11,DONGA,DON_Bas_01,Partago,P2AE_Fouille_BT,Fouille réseau basse tension,
P2AE-INT-8f64d785-2ca783dc,P2AE-INT-8f64d785,,2ec17c4d,➕ Saisie du jour,38.0,,38.0,2026-07-11,DONGA,DON_Bas_01,Partago,P2AE_PBA_BT,PBA 9A200,
P2AE-INT-7a43e980-eb9c54bc,P2AE-INT-7a43e980,,e221b25e,➕ Saisie du jour,86.0,,86.0,2026-07-13,BORGOU,BOR_Dal_01,Yankoï,P2AE_Fouille_BT,Fouille réseau basse tension,
P2AE-INT-9afed8e7-db2b3934,P2AE-INT-9afed8e7,,f03cfc0b,➕ Saisie du jour,14.0,,14.0,2026-07-13,BORGOU,BOR_Dal_01,Yankoï,P2AE_Fouille_HTA,Fouille réseau haute tension,
P2AE-INT-7c2bba61-2435cf2a,P2AE-INT-7c2bba61,,002f1a3d,➕ Saisie du jour,15.0,,15.0,2026-07-13,ATACORA,ATA_Nat_11,Tchrimina,P2AE_Terre,Mise à la terre,
P2AE-INT-b6b97223-5691e08c,P2AE-INT-b6b97223,,21f4f4d7,➕ Saisie du jour,1.0,,1.0,2026-07-13,ATACORA,ATA_Nat_14,Sossouna,P2AE_IACM,IACM,
P2AE-INT-b6b97223-f35b1b3e,P2AE-INT-b6b97223,,e9e0a228,➕ Saisie du jour,25.0,,25.0,2026-07-13,ATACORA,ATA_Nat_14,Sossouna,P2AE_Cable_HTA,ASTER 54mm²,
P2AE-INT-d30c41a0-0df87889,P2AE-INT-d30c41a0,,f03cfc0b,➕ Saisie du jour,6.0,,6.0,2026-07-15,BORGOU,BOR_Par_04,Guerma,P2AE_Fouille_HTA,Fouille réseau haute tension,
P2AE-INT-d30c41a0-1b0b29b3,P2AE-INT-d30c41a0,,e221b25e,➕ Saisie du jour,20.0,,20.0,2026-07-15,BORGOU,BOR_Par_04,Guerma,P2AE_Fouille_BT,Fouille réseau basse tension,
P2AE-INT-629399c8-1338dd55,P2AE-INT-629399c8,,002f1a3d,➕ Saisie du jour,13.0,,13.0,2026-07-14,ATACORA,ATA_Nat_11,Tchrimina,P2AE_Terre,Mise à la terre,
P2AE-INT-e69f4b30-ea44aae9,P2AE-INT-e69f4b30,,002f1a3d,➕ Saisie du jour,11.0,,11.0,2026-07-15,ATACORA,ATA_Nat_11,Tchrimina,P2AE_Terre,Mise à la terre,
P2AE-INT-251fe76b-9bea6038,P2AE-INT-251fe76b,,002f1a3d,➕ Saisie du jour,9.0,,9.0,2026-07-15,ATACORA,ATA_Nat_02,Winkè,P2AE_Terre,Mise à la terre,
P2AE-INT-f1da82c8-2b724823,P2AE-INT-f1da82c8,,d6344558,➕ Saisie du jour,3.0,,3.0,2026-07-16,ATACORA,ATA_Nat_03,Yimporima,P2AE_PBA_HTA,PBA 13C800,
P2AE-INT-f1da82c8-654a7252,P2AE-INT-f1da82c8,,50dc40e9,➕ Saisie du jour,1.0,,1.0,2026-07-16,ATACORA,ATA_Nat_03,Yimporima,P2AE_PBA_HTA,PBA 13C1250,
P2AE-INT-f1da82c8-b1c062f9,P2AE-INT-f1da82c8,,cd39f595,➕ Saisie du jour,3.0,,3.0,2026-07-16,ATACORA,ATA_Nat_03,Yimporima,P2AE_PBA_HTA,PBA 13A400,
P2AE-INT-688714c8-6eb74e63,P2AE-INT-688714c8,,2ec17c4d,➕ Saisie du jour,2.0,,2.0,2026-07-16,ATACORA,ATA_Nat_03,Yimporima,P2AE_PBA_BT,PBA 9A200,
P2AE-INT-688714c8-13903b2c,P2AE-INT-688714c8,,215ac167,➕ Saisie du jour,2.0,,2.0,2026-07-16,ATACORA,ATA_Nat_03,Yimporima,P2AE_PBA_BT,PBA 9A650,
P2AE-INT-ced3dfe2-f19d0675,P2AE-INT-ced3dfe2,,002f1a3d,➕ Saisie du jour,16.0,,16.0,2026-07-16,ATACORA,ATA_Nat_02,Winkè,P2AE_Terre,Mise à la terre,
P2AE-INT-5bbf100e-d9a697cd,P2AE-INT-5bbf100e,,e9e0a228,➕ Saisie du jour,446.0,,446.0,2026-07-17,ATACORA,ATA_Nat_03,Yimporima,P2AE_Cable_HTA,ASTER 54mm²,
P2AE-INT-f6cde47d-c2bbd195,P2AE-INT-f6cde47d,,d6344558,➕ Saisie du jour,5.0,,5.0,2026-07-17,ATACORA,ATA_Nat_04,Kantaborifa,P2AE_PBA_HTA,PBA 13C800,
P2AE-INT-f6cde47d-29877251,P2AE-INT-f6cde47d,,cd39f595,➕ Saisie du jour,1.0,,1.0,2026-07-17,ATACORA,ATA_Nat_04,Kantaborifa,P2AE_PBA_HTA,PBA 13A400,
P2AE-INT-f6cde47d-3ae69be9,P2AE-INT-f6cde47d,,058e9b6a,➕ Saisie du jour,1.0,,1.0,2026-07-17,ATACORA,ATA_Nat_04,Kantaborifa,P2AE_PBA_HTA,PBA 11A1250,
P2AE-INT-88038bff-8fd03419,P2AE-INT-88038bff,,29ef61f5,➕ Saisie du jour,3.0,,3.0,2026-07-18,ATACORA,ATA_Nat_04,Kantaborifa,P2AE_PBA_BT,PBA 11C650,
P2AE-INT-88038bff-c2d62a6b,P2AE-INT-88038bff,,d6344558,➕ Saisie du jour,1.0,,1.0,2026-07-18,ATACORA,ATA_Nat_04,Kantaborifa,P2AE_PBA_HTA,PBA 13C800,
P2AE-INT-88038bff-35291aa5,P2AE-INT-88038bff,,e290ece0,➕ Saisie du jour,1.0,,1.0,2026-07-18,ATACORA,ATA_Nat_04,Kantaborifa,P2AE_PBA_HTA,PBA 12A1250,1.0
P2AE-INT-1c4bb5f3-c2bd714e,P2AE-INT-1c4bb5f3,,2ec17c4d,➕ Saisie du jour,2.0,,2.0,2026-07-18,ATACORA,ATA_Nat_04,Kantaborifa,P2AE_PBA_BT,PBA 9A200,
P2AE-INT-1c4bb5f3-1613b719,P2AE-INT-1c4bb5f3,,215ac167,➕ Saisie du jour,6.0,,6.0,2026-07-18,ATACORA,ATA_Nat_04,Kantaborifa,P2AE_PBA_BT,PBA 9A650,
P2AE-INT-9d6651e8-4e65fbac,P2AE-INT-9d6651e8,,e9e0a228,➕ Saisie du jour,773.0,,773.0,2026-07-18,ATACORA,ATA_Nat_03,Yimporima,P2AE_Cable_HTA,ASTER 54mm²,
P2AE-INT-c69aabee-02fc7e40,P2AE-INT-c69aabee,,59dc5a38,➕ Saisie du jour,4285.3,,4285.3,2026-07-18,BORGOU,BOR_Par_08,Kpérou-Guéra,P2AE_Cable_BT,PRC 70mm²,
P2AE-INT-c69aabee-3a759f50,P2AE-INT-c69aabee,,8e6b4946,➕ Saisie du jour,2910.65,,2910.65,2026-07-18,BORGOU,BOR_Par_08,Kpérou-Guéra,P2AE_Cable_BT,PRC 50mm²,
P2AE-INT-c69aabee-ae7ef968,P2AE-INT-c69aabee,,29ef61f5,➕ Saisie du jour,2.0,,2.0,2026-07-18,BORGOU,BOR_Par_08,Kpérou-Guéra,P2AE_PBA_BT,PBA 11C650,
P2AE-INT-f7857d69-e15fa939,P2AE-INT-f7857d69,,59dc5a38,➕ Saisie du jour,2420.0,,2420.0,2026-07-18,BORGOU,BOR_Par_03,Zongo,P2AE_Cable_BT,PRC 70mm²,
P2AE-INT-f7857d69-60c9bffb,P2AE-INT-f7857d69,,8e6b4946,➕ Saisie du jour,3235.0,,3235.0,2026-07-18,BORGOU,BOR_Par_03,Zongo,P2AE_Cable_BT,PRC 50mm²,
P2AE-INT-9f72b724-ad268e57,P2AE-INT-9f72b724,,cd39f595,➕ Saisie du jour,2.0,,2.0,2026-07-18,BORGOU,BOR_Par_03,Zongo,P2AE_PBA_HTA,PBA 13A400,
P2AE-INT-9f72b724-1ed5cf3a,P2AE-INT-9f72b724,,26e8ec03,➕ Saisie du jour,1.0,,1.0,2026-07-18,BORGOU,BOR_Par_03,Zongo,P2AE_PBA_HTA,PBA 11C650,
P2AE-INT-9f72b724-779f3c41,P2AE-INT-9f72b724,,058e9b6a,➕ Saisie du jour,1.0,,1.0,2026-07-18,BORGOU,BOR_Par_03,Zongo,P2AE_PBA_HTA,PBA 11A1250,
P2AE-INT-9f72b724-f89e52c2,P2AE-INT-9f72b724,,d6344558,➕ Saisie du jour,3.0,,3.0,2026-07-18,BORGOU,BOR_Par_03,Zongo,P2AE_PBA_HTA,PBA 13C800,
P2AE-INT-9f72b724-a988d058,P2AE-INT-9f72b724,,46cfa5f8,➕ Saisie du jour,1.0,,1.0,2026-07-18,BORGOU,BOR_Par_03,Zongo,P2AE_PBA_HTA,PBA 12A800,
P2AE-INT-b698b6cc-fc38a861,P2AE-INT-b698b6cc,,8e6b4946,➕ Saisie du jour,1112.0,,1112.0,2026-07-18,BORGOU,BOR_Tcha_04,Barérou,P2AE_Cable_BT,PRC 50mm²,
P2AE-INT-8c51c433-1b6254ea,P2AE-INT-8c51c433,,59dc5a38,➕ Saisie du jour,325.55,,325.55,2026-07-18,BORGOU,BOR_Tcha_01,Kpakpanin,P2AE_Cable_BT,PRC 70mm²,
P2AE-INT-8c51c433-843fbfa8,P2AE-INT-8c51c433,,8e6b4946,➕ Saisie du jour,3432.65,,3432.65,2026-07-18,BORGOU,BOR_Tcha_01,Kpakpanin,P2AE_Cable_BT,PRC 50mm²,
P2AE-INT-8c51c433-f975c344,P2AE-INT-8c51c433,,2ec17c4d,➕ Saisie du jour,7.0,,7.0,2026-07-18,BORGOU,BOR_Tcha_01,Kpakpanin,P2AE_PBA_BT,PBA 9A200,
P2AE-INT-8c51c433-e6399846,P2AE-INT-8c51c433,,215ac167,➕ Saisie du jour,2.0,,2.0,2026-07-18,BORGOU,BOR_Tcha_01,Kpakpanin,P2AE_PBA_BT,PBA 9A650,
P2AE-INT-662d5cab-6a1584ce,P2AE-INT-662d5cab,,8e6b4946,➕ Saisie du jour,958.0,,958.0,2026-07-18,BORGOU,BOR_Tcha_02,Sakana-Kpéba,P2AE_Cable_BT,PRC 50mm²,
P2AE-INT-662d5cab-57dd32c7,P2AE-INT-662d5cab,,2ec17c4d,➕ Saisie du jour,2.0,,2.0,2026-07-18,BORGOU,BOR_Tcha_02,Sakana-Kpéba,P2AE_PBA_BT,PBA 9A200,
P2AE-INT-1f92204c-1ff7e60a,P2AE-INT-1f92204c,,2ec17c4d,➕ Saisie du jour,50.0,,50.0,2026-07-18,BORGOU,BOR_Dal_01,Yankoï,P2AE_PBA_BT,PBA 9A200,
P2AE-INT-1f92204c-8ae48820,P2AE-INT-1f92204c,,215ac167,➕ Saisie du jour,24.0,,24.0,2026-07-18,BORGOU,BOR_Dal_01,Yankoï,P2AE_PBA_BT,PBA 9A650,
P2AE-INT-1f92204c-21fcbb95,P2AE-INT-1f92204c,,9c6af0a4,➕ Saisie du jour,8.0,,8.0,2026-07-18,BORGOU,BOR_Dal_01,Yankoï,P2AE_PBA_BT,PBA 9C650,
P2AE-INT-fbb0142d-309efb74,P2AE-INT-fbb0142d,,2ec17c4d,➕ Saisie du jour,32.0,,32.0,2026-07-18,BORGOU,BOR_Par_04,Guerma,P2AE_PBA_BT,PBA 9A200,
P2AE-INT-fbb0142d-873db5d1,P2AE-INT-fbb0142d,,215ac167,➕ Saisie du jour,26.0,,26.0,2026-07-18,BORGOU,BOR_Par_04,Guerma,P2AE_PBA_BT,PBA 9A650,
P2AE-INT-fbb0142d-73eeb861,P2AE-INT-fbb0142d,,9c6af0a4,➕ Saisie du jour,10.0,,10.0,2026-07-18,BORGOU,BOR_Par_04,Guerma,P2AE_PBA_BT,PBA 9C650,
P2AE-INT-876dce4e-97857146,P2AE-INT-876dce4e,,2ec17c4d,➕ Saisie du jour,1.0,,1.0,2026-07-18,DONGA,DON_Bas_01,Partago,P2AE_PBA_BT,PBA 9A200,
P2AE-INT-25fcfd4d-5f6b119b,P2AE-INT-25fcfd4d,,8e6b4946,➕ Saisie du jour,558.98,,558.98,2026-07-18,DONGA,DON_Bas_02,Oké-Igboélé,P2AE_Cable_BT,PRC 50mm²,
P2AE-INT-5f553a0c-53b4b0ac,P2AE-INT-5f553a0c,,e221b25e,➕ Saisie du jour,105.0,,105.0,2026-07-18,DONGA,DON_Bas_03,Akaradè,P2AE_Fouille_BT,Fouille réseau basse tension,
P2AE-INT-5f553a0c-47a7139c,P2AE-INT-5f553a0c,,2ec17c4d,➕ Saisie du jour,82.0,,82.0,2026-07-18,DONGA,DON_Bas_03,Akaradè,P2AE_PBA_BT,PBA 9A200,
P2AE-INT-5f553a0c-a8fce3a1,P2AE-INT-5f553a0c,,9c6af0a4,➕ Saisie du jour,3.0,,3.0,2026-07-18,DONGA,DON_Bas_03,Akaradè,P2AE_PBA_BT,PBA 9C650,
P2AE-INT-e9eecd19-7a662ca2,P2AE-INT-e9eecd19,,e221b25e,➕ Saisie du jour,5.0,,5.0,2026-07-18,DONGA,DON_Bas_04,Tchimbéri,P2AE_Fouille_BT,Fouille réseau basse tension,
P2AE-INT-e9eecd19-9c1390ee,P2AE-INT-e9eecd19,,2ec17c4d,➕ Saisie du jour,5.0,,5.0,2026-07-18,DONGA,DON_Bas_04,Tchimbéri,P2AE_PBA_BT,PBA 9A200,
P2AE-INT-c0a68b03-0e8b3140,P2AE-INT-c0a68b03,,215ac167,➕ Saisie du jour,2.0,,2.0,2026-07-18,DONGA,DON_Djo_01,Founga,P2AE_PBA_BT,PBA 9A650,
P2AE-INT-c0a68b03-5976da84,P2AE-INT-c0a68b03,,59dc5a38,➕ Saisie du jour,1975.45,,1975.45,2026-07-18,DONGA,DON_Djo_01,Founga,P2AE_Cable_BT,PRC 70mm²,
P2AE-INT-c0a68b03-34696f1d,P2AE-INT-c0a68b03,,8e6b4946,➕ Saisie du jour,9680.24,,9680.24,2026-07-18,DONGA,DON_Djo_01,Founga,P2AE_Cable_BT,PRC 50mm²,
P2AE-INT-dd66b388-ff9b64a6,P2AE-INT-dd66b388,,2ec17c4d,➕ Saisie du jour,7.0,,7.0,2026-07-18,ALIBORI,ALI_Gog_05,Sori-Kpankpanrou,P2AE_PBA_BT,PBA 9A200,
P2AE-INT-dd66b388-8fde7761,P2AE-INT-dd66b388,,215ac167,➕ Saisie du jour,7.0,,7.0,2026-07-18,ALIBORI,ALI_Gog_05,Sori-Kpankpanrou,P2AE_PBA_BT,PBA 9A650,
P2AE-INT-dd66b388-610c7959,P2AE-INT-dd66b388,,9c6af0a4,➕ Saisie du jour,2.0,,2.0,2026-07-18,ALIBORI,ALI_Gog_05,Sori-Kpankpanrou,P2AE_PBA_BT,PBA 9C650,
P2AE-INT-dd66b388-033e7cc0,P2AE-INT-dd66b388,,59dc5a38,➕ Saisie du jour,1263.28,,1263.28,2026-07-18,ALIBORI,ALI_Gog_05,Sori-Kpankpanrou,P2AE_Cable_BT,PRC 70mm²,
P2AE-INT-dd66b388-f6af9d75,P2AE-INT-dd66b388,,8e6b4946,➕ Saisie du jour,1446.61,,1446.61,2026-07-18,ALIBORI,ALI_Gog_05,Sori-Kpankpanrou,P2AE_Cable_BT,PRC 50mm²,
P2AE-INT-8a172616-76795247,P2AE-INT-8a172616,,d6344558,➕ Saisie du jour,2.0,,2.0,2026-07-18,ALIBORI,ALI_Gog_05,Sori-Kpankpanrou,P2AE_PBA_HTA,PBA 13C800,
P2AE-INT-8a172616-24c314f0,P2AE-INT-8a172616,,e9e0a228,➕ Saisie du jour,366.9,,366.9,2026-07-18,ALIBORI,ALI_Gog_05,Sori-Kpankpanrou,P2AE_Cable_HTA,ASTER 54mm²,
P2AE-INT-8a172616-cf5b9597,P2AE-INT-8a172616,,21f4f4d7,➕ Saisie du jour,1.0,,1.0,2026-07-18,ALIBORI,ALI_Gog_05,Sori-Kpankpanrou,P2AE_IACM,IACM,
P2AE-INT-b7f6aa72-d4d97594,P2AE-INT-b7f6aa72,,e221b25e,➕ Saisie du jour,4.0,,4.0,2026-07-18,ALIBORI,ALI_Gog_04,Sori-Borowanrou,P2AE_Fouille_BT,Fouille réseau basse tension,
P2AE-INT-79e6c0ca-2cb75acf,P2AE-INT-79e6c0ca,,f03cfc0b,➕ Saisie du jour,12.0,,12.0,2026-07-23,BORGOU,BOR_Par_01,Assagbinin-Baka,P2AE_Fouille_HTA,Fouille réseau haute tension,
P2AE-INT-79e6c0ca-3d68acb4,P2AE-INT-79e6c0ca,,e221b25e,➕ Saisie du jour,37.0,,37.0,2026-07-23,BORGOU,BOR_Par_01,Assagbinin-Baka,P2AE_Fouille_BT,Fouille réseau basse tension,
P2AE-INT-50ef3fa0-e18b26ff,P2AE-INT-50ef3fa0,,e221b25e,➕ Saisie du jour,37.0,,37.0,2026-07-25,BORGOU,BOR_Par_01,Assagbinin-Baka,P2AE_Fouille_BT,Fouille réseau basse tension,
P2AE-INT-42971635-4c2b4ad4,P2AE-INT-42971635,,f03cfc0b,➕ Saisie du jour,7.0,,7.0,2026-07-25,BORGOU,BOR_Par_03,Zongo,P2AE_Fouille_HTA,Fouille réseau haute tension,
P2AE-INT-98768547-f9812c78,P2AE-INT-98768547,,2ec17c4d,➕ Saisie du jour,33.0,,33.0,2026-07-26,BORGOU,BOR_Par_05,Bahmora,P2AE_PBA_BT,PBA 9A200,
P2AE-INT-98768547-5d7a729e,P2AE-INT-98768547,,215ac167,➕ Saisie du jour,12.0,,12.0,2026-07-26,BORGOU,BOR_Par_05,Bahmora,P2AE_PBA_BT,PBA 9A650,
P2AE-INT-98768547-9b38eec4,P2AE-INT-98768547,,9c6af0a4,➕ Saisie du jour,7.0,,7.0,2026-07-26,BORGOU,BOR_Par_05,Bahmora,P2AE_PBA_BT,PBA 9C650,
P2AE-INT-98768547-ec6095ce,P2AE-INT-98768547,,26e8ec03,➕ Saisie du jour,3.0,,3.0,2026-07-26,BORGOU,BOR_Par_05,Bahmora,P2AE_PBA_HTA,PBA 11C650,
P2AE-INT-98768547-5c0bfcc0,P2AE-INT-98768547,,058e9b6a,➕ Saisie du jour,3.0,,3.0,2026-07-26,BORGOU,BOR_Par_05,Bahmora,P2AE_PBA_HTA,PBA 11A1250,
P2AE-INT-98768547-567355ae,P2AE-INT-98768547,,46cfa5f8,➕ Saisie du jour,3.0,,3.0,2026-07-26,BORGOU,BOR_Par_05,Bahmora,P2AE_PBA_HTA,PBA 12A800,
P2AE-INT-888aceac-b48231eb,P2AE-INT-888aceac,,2ec17c4d,➕ Saisie du jour,10.0,,10.0,2026-07-26,BORGOU,BOR_Par_02,Banikani-Rose-croix,P2AE_PBA_BT,PBA 9A200,
P2AE-INT-888aceac-0d1f890d,P2AE-INT-888aceac,,215ac167,➕ Saisie du jour,9.0,,9.0,2026-07-26,BORGOU,BOR_Par_02,Banikani-Rose-croix,P2AE_PBA_BT,PBA 9A650,
P2AE-INT-888aceac-cbc57330,P2AE-INT-888aceac,,9c6af0a4,➕ Saisie du jour,2.0,,2.0,2026-07-26,BORGOU,BOR_Par_02,Banikani-Rose-croix,P2AE_PBA_BT,PBA 9C650,
P2AE-INT-3328a353-de3822e9,P2AE-INT-3328a353,,2ec17c4d,➕ Saisie du jour,5.0,,5.0,2026-07-26,BORGOU,BOR_Par_04,Guerma,P2AE_PBA_BT,PBA 9A200,
P2AE-INT-3328a353-dc94d5fc,P2AE-INT-3328a353,,215ac167,➕ Saisie du jour,3.0,,3.0,2026-07-26,BORGOU,BOR_Par_04,Guerma,P2AE_PBA_BT,PBA 9A650,
P2AE-INT-774c2c43-649a774e,P2AE-INT-774c2c43,,2ec17c4d,➕ Saisie du jour,45.0,,45.0,2026-07-26,BORGOU,BOR_Par_01,Assagbinin-Baka,P2AE_PBA_BT,PBA 9A200,
P2AE-INT-774c2c43-7c430ffd,P2AE-INT-774c2c43,,215ac167,➕ Saisie du jour,33.0,,33.0,2026-07-26,BORGOU,BOR_Par_01,Assagbinin-Baka,P2AE_PBA_BT,PBA 9A650,
P2AE-INT-774c2c43-ca31374e,P2AE-INT-774c2c43,,9c6af0a4,➕ Saisie du jour,6.0,,6.0,2026-07-26,BORGOU,BOR_Par_01,Assagbinin-Baka,P2AE_PBA_BT,PBA 9C650,
P2AE-INT-e28e0669-62ac7f87,P2AE-INT-e28e0669,,8e6b4946,➕ Saisie du jour,640.43,,640.43,2026-07-26,BORGOU,BOR_Par_08,Kpérou-Guéra,P2AE_Cable_BT,PRC 50mm²,
P2AE-INT-e28e0669-1402240b,P2AE-INT-e28e0669,,630f858d,➕ Saisie du jour,1361.0,,1361.0,2026-07-26,BORGOU,BOR_Par_08,Kpérou-Guéra,P2AE_Cable_HTA,ASTER 75mm²,
P2AE-INT-e28e0669-62a46583,P2AE-INT-e28e0669,,e9e0a228,➕ Saisie du jour,624.25,,624.25,2026-07-26,BORGOU,BOR_Par_08,Kpérou-Guéra,P2AE_Cable_HTA,ASTER 54mm²,
P2AE-INT-f477cca0-0b48356a,P2AE-INT-f477cca0,,e9e0a228,➕ Saisie du jour,292.0,,292.0,2026-07-26,BORGOU,BOR_Par_03,Zongo,P2AE_Cable_HTA,ASTER 54mm²,
P2AE-INT-6b2eba92-ef933268,P2AE-INT-6b2eba92,,f03cfc0b,🎯 Cumul total à date,,5.0,4.0,2026-07-01,ALIBORI,ALI_Gog_04,Sori-Borowanrou,P2AE_Fouille_HTA,Fouille réseau haute tension,
P2AE-INT-6b2eba92-5235c097,P2AE-INT-6b2eba92,,e221b25e,🎯 Cumul total à date,,295.0,86.0,2026-07-01,ALIBORI,ALI_Gog_04,Sori-Borowanrou,P2AE_Fouille_BT,Fouille réseau basse tension,
P2AE-INT-46127ca1-152eb9d7,P2AE-INT-46127ca1,,f03cfc0b,🎯 Cumul total à date,,10.0,3.0,2026-07-01,ALIBORI,ALI_Gog_05,Sori-Kpankpanrou,P2AE_Fouille_HTA,Fouille réseau haute tension,
P2AE-INT-46127ca1-99dfdd06,P2AE-INT-46127ca1,,e221b25e,🎯 Cumul total à date,,211.0,64.0,2026-07-01,ALIBORI,ALI_Gog_05,Sori-Kpankpanrou,P2AE_Fouille_BT,Fouille réseau basse tension,
P2AE-INT-62eaadf7-e3f6639f,P2AE-INT-62eaadf7,,f03cfc0b,🎯 Cumul total à date,,14.0,5.0,2026-07-01,ALIBORI,ALI_Kan_02,Albarika,P2AE_Fouille_HTA,Fouille réseau haute tension,
P2AE-INT-62eaadf7-bd76bf07,P2AE-INT-62eaadf7,,e221b25e,🎯 Cumul total à date,,238.0,22.0,2026-07-01,ALIBORI,ALI_Kan_02,Albarika,P2AE_Fouille_BT,Fouille réseau basse tension,
P2AE-INT-a7cd933a-3b29430f,P2AE-INT-a7cd933a,,f03cfc0b,🎯 Cumul total à date,,5.0,1.0,2026-07-01,ALIBORI,ALI_Kan_03,Kéféré-Senté,P2AE_Fouille_HTA,Fouille réseau haute tension,
P2AE-INT-a7cd933a-fc2079e5,P2AE-INT-a7cd933a,,e221b25e,🎯 Cumul total à date,,18.0,2.0,2026-07-01,ALIBORI,ALI_Kan_03,Kéféré-Senté,P2AE_Fouille_BT,Fouille réseau basse tension,
P2AE-INT-14c071a8-1ae21052,P2AE-INT-14c071a8,,f03cfc0b,🎯 Cumul total à date,,11.0,2.0,2026-07-01,ALIBORI,ALI_Kan_04,Ganssoso-Gbiga,P2AE_Fouille_HTA,Fouille réseau haute tension,
P2AE-INT-21b4a478-eaba66fd,P2AE-INT-21b4a478,,2ec17c4d,➕ Saisie du jour,2.0,,2.0,2026-07-25,ALIBORI,ALI_Gog_05,Sori-Kpankpanrou,P2AE_PBA_BT,PBA 9A200,
P2AE-INT-21b4a478-76de165d,P2AE-INT-21b4a478,,215ac167,➕ Saisie du jour,2.0,,2.0,2026-07-25,ALIBORI,ALI_Gog_05,Sori-Kpankpanrou,P2AE_PBA_BT,PBA 9A650,
P2AE-INT-21b4a478-c3f0c588,P2AE-INT-21b4a478,,59dc5a38,➕ Saisie du jour,465.14,,465.14,2026-07-25,ALIBORI,ALI_Gog_05,Sori-Kpankpanrou,P2AE_Cable_BT,PRC 70mm²,
P2AE-INT-21b4a478-ff1b363a,P2AE-INT-21b4a478,,8e6b4946,➕ Saisie du jour,1412.39,,1412.39,2026-07-25,ALIBORI,ALI_Gog_05,Sori-Kpankpanrou,P2AE_Cable_BT,PRC 50mm²,
P2AE-INT-21b4a478-88078514,P2AE-INT-21b4a478,,8ae558c8,➕ Saisie du jour,1.0,,1.0,2026-07-25,ALIBORI,ALI_Gog_05,Sori-Kpankpanrou,P2AE_TFO,Transformateur 160 kVA,
P2AE-INT-e010c1b8-6663c052,P2AE-INT-e010c1b8,,2ec17c4d,➕ Saisie du jour,5.0,,5.0,2026-07-25,ALIBORI,ALI_Gog_04,Sori-Borowanrou,P2AE_PBA_BT,PBA 9A200,
P2AE-INT-e010c1b8-f40a5640,P2AE-INT-e010c1b8,,215ac167,➕ Saisie du jour,1.0,,1.0,2026-07-25,ALIBORI,ALI_Gog_04,Sori-Borowanrou,P2AE_PBA_BT,PBA 9A650,
P2AE-INT-e010c1b8-b9f38386,P2AE-INT-e010c1b8,,9c6af0a4,➕ Saisie du jour,1.0,,1.0,2026-07-25,ALIBORI,ALI_Gog_04,Sori-Borowanrou,P2AE_PBA_BT,PBA 9C650,
P2AE-INT-e010c1b8-6c3f132e,P2AE-INT-e010c1b8,,59dc5a38,➕ Saisie du jour,525.77,,525.77,2026-07-25,ALIBORI,ALI_Gog_04,Sori-Borowanrou,P2AE_Cable_BT,PRC 70mm²,
P2AE-INT-e010c1b8-1d637480,P2AE-INT-e010c1b8,,8e6b4946,➕ Saisie du jour,197.4,,197.4,2026-07-25,ALIBORI,ALI_Gog_04,Sori-Borowanrou,P2AE_Cable_BT,PRC 50mm²,
P2AE-INT-e010c1b8-fc3376e1,P2AE-INT-e010c1b8,,058e9b6a,➕ Saisie du jour,1.0,,1.0,2026-07-25,ALIBORI,ALI_Gog_04,Sori-Borowanrou,P2AE_PBA_HTA,PBA 11A1250,
P2AE-INT-e010c1b8-4d3b14fb,P2AE-INT-e010c1b8,,46cfa5f8,➕ Saisie du jour,1.0,,1.0,2026-07-25,ALIBORI,ALI_Gog_04,Sori-Borowanrou,P2AE_PBA_HTA,PBA 12A800,
P2AE-INT-e010c1b8-44a2a3ed,P2AE-INT-e010c1b8,,cd39f595,➕ Saisie du jour,3.0,,3.0,2026-07-25,ALIBORI,ALI_Gog_04,Sori-Borowanrou,P2AE_PBA_HTA,PBA 13A400,
P2AE-INT-e010c1b8-4ca2033c,P2AE-INT-e010c1b8,,d6344558,➕ Saisie du jour,4.0,,4.0,2026-07-25,ALIBORI,ALI_Gog_04,Sori-Borowanrou,P2AE_PBA_HTA,PBA 13C800,
P2AE-INT-e010c1b8-c31dad21,P2AE-INT-e010c1b8,,50dc40e9,➕ Saisie du jour,1.0,,1.0,2026-07-25,ALIBORI,ALI_Gog_04,Sori-Borowanrou,P2AE_PBA_HTA,PBA 13C1250,
P2AE-INT-e010c1b8-cab2204a,P2AE-INT-e010c1b8,,e9e0a228,➕ Saisie du jour,304.12,,304.12,2026-07-25,ALIBORI,ALI_Gog_04,Sori-Borowanrou,P2AE_Cable_HTA,ASTER 54mm²,
P2AE-INT-e010c1b8-0b89c3bf,P2AE-INT-e010c1b8,,21f4f4d7,➕ Saisie du jour,1.0,,1.0,2026-07-25,ALIBORI,ALI_Gog_04,Sori-Borowanrou,P2AE_IACM,IACM,
P2AE-INT-e010c1b8-adf61cdd,P2AE-INT-e010c1b8,,152ada8c,➕ Saisie du jour,1.0,,1.0,2026-07-25,ALIBORI,ALI_Gog_04,Sori-Borowanrou,P2AE_TFO,Transformateur 100 kVA,1.0
P2AE-INT-20ceeb6c-ee8f4fc1,P2AE-INT-20ceeb6c,,e221b25e,➕ Saisie du jour,18.0,,18.0,2026-07-28,BORGOU,BOR_Par_05,Bahmora,P2AE_Fouille_BT,Fouille réseau basse tension,
P2AE-INT-49303d39-7ebcb550,P2AE-INT-49303d39,,f03cfc0b,➕ Saisie du jour,2.0,,2.0,2026-07-28,BORGOU,BOR_Par_04,Guerma,P2AE_Fouille_HTA,Fouille réseau haute tension,
P2AE-INT-cb8de198-5e0a3fca,P2AE-INT-cb8de198,,2ec17c4d,🎯 Cumul total à date,,110.0,-1.0,2026-07-24,DONGA,DON_Bas_02,Oké-Igboélé,P2AE_PBA_BT,PBA 9A200,
P2AE-INT-cb8de198-a766a7a0,P2AE-INT-cb8de198,,9c6af0a4,🎯 Cumul total à date,,23.0,1.0,2026-07-24,DONGA,DON_Bas_02,Oké-Igboélé,P2AE_PBA_BT,PBA 9C650,
P2AE-INT-03a22bc1-101ee437,P2AE-INT-03a22bc1,,2ec17c4d,🎯 Cumul total à date,,414.0,-1.0,2026-07-24,DONGA,DON_Djo_01,Founga,P2AE_PBA_BT,PBA 9A200,
P2AE-INT-03a22bc1-bd5ede2b,P2AE-INT-03a22bc1,,215ac167,🎯 Cumul total à date,,208.0,1.0,2026-07-24,DONGA,DON_Djo_01,Founga,P2AE_PBA_BT,PBA 9A650,
P2AE-INT-7c85446b-1ef91361,P2AE-INT-7c85446b,,526229bb,🎯 Cumul total à date,,1.0,1.0,2026-07-19,ATACORA,ATA_Nat_01,Kotopounga,P2AE_PBA_BT,PBA 9C800,
P2AE-INT-00fe8a6b-1721c76f,P2AE-INT-00fe8a6b,,2ec17c4d,🎯 Cumul total à date,,288.0,1.0,2026-07-19,ATACORA,ATA_Nat_03,Yimporima,P2AE_PBA_BT,PBA 9A200,
P2AE-INT-00fe8a6b-46eadbc6,P2AE-INT-00fe8a6b,,215ac167,🎯 Cumul total à date,,211.0,2.0,2026-07-19,ATACORA,ATA_Nat_03,Yimporima,P2AE_PBA_BT,PBA 9A650,
P2AE-INT-cf375989-944ff6ac,P2AE-INT-cf375989,,215ac167,🎯 Cumul total à date,,48.0,-1.0,2026-07-19,ATACORA,ATA_Nat_14,Sossouna,P2AE_PBA_BT,PBA 9A650,
P2AE-INT-c9664941-ad4f4833,P2AE-INT-c9664941,,2ec17c4d,🎯 Cumul total à date,,248.0,-4.0,2026-07-24,BORGOU,BOR_Par_04,Guerma,P2AE_PBA_BT,PBA 9A200,
P2AE-INT-c9664941-a0627787,P2AE-INT-c9664941,,215ac167,🎯 Cumul total à date,,144.0,-2.0,2026-07-24,BORGOU,BOR_Par_04,Guerma,P2AE_PBA_BT,PBA 9A650,
P2AE-INT-c9664941-fa7822b9,P2AE-INT-c9664941,,29ef61f5,🎯 Cumul total à date,,16.0,8.0,2026-07-24,BORGOU,BOR_Par_04,Guerma,P2AE_PBA_BT,PBA 11C650,
P2AE-INT-1956af92-7bfe6e8f,P2AE-INT-1956af92,,215ac167,🎯 Cumul total à date,,41.0,0.0,2026-07-24,BORGOU,BOR_Tcha_01,Kpakpanin,P2AE_PBA_BT,PBA 9A650,
P2AE-INT-c9664941-417a8d77,P2AE-INT-c9664941,,058e9b6a,🎯 Cumul total à date,,3.0,1.0,2026-07-24,BORGOU,BOR_Par_04,Guerma,P2AE_PBA_HTA,PBA 11A1250,
P2AE-INT-c9664941-fffede59,P2AE-INT-c9664941,,46cfa5f8,🎯 Cumul total à date,,2.0,1.0,2026-07-24,BORGOU,BOR_Par_04,Guerma,P2AE_PBA_HTA,PBA 12A800,
P2AE-INT-7c85446b-94d79915,P2AE-INT-7c85446b,,d6344558,🎯 Cumul total à date,,4.0,1.0,2026-07-19,ATACORA,ATA_Nat_01,Kotopounga,P2AE_PBA_HTA,PBA 13C800,
P2AE-INT-00fe8a6b-70e8af6b,P2AE-INT-00fe8a6b,,d6344558,🎯 Cumul total à date,,23.0,1.0,2026-07-19,ATACORA,ATA_Nat_03,Yimporima,P2AE_PBA_HTA,PBA 13C800,
P2AE-INT-03a22bc1-1e60b2e7,P2AE-INT-03a22bc1,,cd39f595,🎯 Cumul total à date,,21.0,1.0,2026-07-24,DONGA,DON_Djo_01,Founga,P2AE_PBA_HTA,PBA 13A400,
P2AE-INT-19a1b1b0-fcca556b,P2AE-INT-19a1b1b0,,2ec17c4d,➕ Saisie du jour,42.0,,42.0,2026-07-25,DONGA,DON_Djo_01,Founga,P2AE_PBA_BT,PBA 9A200,
P2AE-INT-19a1b1b0-75031f99,P2AE-INT-19a1b1b0,,215ac167,➕ Saisie du jour,16.0,,16.0,2026-07-25,DONGA,DON_Djo_01,Founga,P2AE_PBA_BT,PBA 9A650,
P2AE-INT-ab7890f3-04f7c27a,P2AE-INT-ab7890f3,,2ec17c4d,➕ Saisie du jour,42.0,,42.0,2026-07-24,DONGA,DON_Djo_01,Founga,P2AE_PBA_BT,PBA 9A200,
P2AE-INT-ab7890f3-670bb200,P2AE-INT-ab7890f3,,215ac167,➕ Saisie du jour,16.0,,16.0,2026-07-24,DONGA,DON_Djo_01,Founga,P2AE_PBA_BT,PBA 9A650,
P2AE-INT-7d76860f-7c11cba1,P2AE-INT-7d76860f,,2ec17c4d,➕ Saisie du jour,36.0,,36.0,2026-07-25,DONGA,DON_Oua_04,Talina,P2AE_PBA_BT,PBA 9A200,
P2AE-INT-7d76860f-29e18f66,P2AE-INT-7d76860f,,215ac167,➕ Saisie du jour,1.0,,1.0,2026-07-25,DONGA,DON_Oua_04,Talina,P2AE_PBA_BT,PBA 9A650,
P2AE-INT-a4bc1449-8f74b4ba,P2AE-INT-a4bc1449,,2ec17c4d,➕ Saisie du jour,21.0,,21.0,2026-07-25,DONGA,DON_Oua_03,Itchodè,P2AE_PBA_BT,PBA 9A200,
P2AE-INT-a4bc1449-ad7d6fed,P2AE-INT-a4bc1449,,215ac167,➕ Saisie du jour,3.0,,3.0,2026-07-25,DONGA,DON_Oua_03,Itchodè,P2AE_PBA_BT,PBA 9A650,
P2AE-INT-a4bc1449-04172dc8,P2AE-INT-a4bc1449,,e221b25e,➕ Saisie du jour,24.0,,24.0,2026-07-25,DONGA,DON_Oua_03,Itchodè,P2AE_Fouille_BT,Fouille réseau basse tension,
P2AE-INT-b0bed2c6-c307beac,P2AE-INT-b0bed2c6,,2ec17c4d,➕ Saisie du jour,25.0,,25.0,2026-07-25,DONGA,DON_Oua_02,Komtcha,P2AE_PBA_BT,PBA 9A200,
P2AE-INT-b0bed2c6-e81b33bb,P2AE-INT-b0bed2c6,,2ec17c4d,➕ Saisie du jour,25.0,,25.0,2026-07-25,DONGA,DON_Oua_02,Komtcha,P2AE_PBA_BT,PBA 9A200,
P2AE-INT-45e236c7-5fa8c45d,P2AE-INT-45e236c7,,e221b25e,➕ Saisie du jour,39.0,,39.0,2026-07-25,DONGA,DON_Oua_01,Bohomdo,P2AE_Fouille_BT,Fouille réseau basse tension,
P2AE-INT-45e236c7-e0dca84d,P2AE-INT-45e236c7,,2ec17c4d,➕ Saisie du jour,22.0,,22.0,2026-07-25,DONGA,DON_Oua_01,Bohomdo,P2AE_PBA_BT,PBA 9A200,
P2AE-INT-b63cc1dd-b962562c,P2AE-INT-b63cc1dd,,2ec17c4d,➕ Saisie du jour,5.0,,5.0,2026-07-25,ATACORA,ATA_Nat_07,Boriyouré,P2AE_PBA_BT,PBA 9A200,
P2AE-INT-b63cc1dd-928f381d,P2AE-INT-b63cc1dd,,215ac167,➕ Saisie du jour,2.0,,2.0,2026-07-25,ATACORA,ATA_Nat_07,Boriyouré,P2AE_PBA_BT,PBA 9A650,
P2AE-INT-b63cc1dd-1b78d204,P2AE-INT-b63cc1dd,,9c6af0a4,➕ Saisie du jour,3.0,,3.0,2026-07-25,ATACORA,ATA_Nat_07,Boriyouré,P2AE_PBA_BT,PBA 9C650,
P2AE-INT-b63cc1dd-ea2c92a5,P2AE-INT-b63cc1dd,,26e8ec03,➕ Saisie du jour,1.0,,1.0,2026-07-25,ATACORA,ATA_Nat_07,Boriyouré,P2AE_PBA_HTA,PBA 11C650,
P2AE-INT-b63cc1dd-0bb7ae59,P2AE-INT-b63cc1dd,,058e9b6a,➕ Saisie du jour,1.0,,1.0,2026-07-25,ATACORA,ATA_Nat_07,Boriyouré,P2AE_PBA_HTA,PBA 11A1250,
P2AE-INT-b63cc1dd-cb002b05,P2AE-INT-b63cc1dd,,d6344558,➕ Saisie du jour,3.0,,3.0,2026-07-25,ATACORA,ATA_Nat_07,Boriyouré,P2AE_PBA_HTA,PBA 13C800,
P2AE-INT-b63cc1dd-c6124ce4,P2AE-INT-b63cc1dd,,cd39f595,➕ Saisie du jour,2.0,,2.0,2026-07-25,ATACORA,ATA_Nat_07,Boriyouré,P2AE_PBA_HTA,PBA 13A400,
P2AE-INT-b63cc1dd-13d85feb,P2AE-INT-b63cc1dd,,46cfa5f8,➕ Saisie du jour,1.0,,1.0,2026-07-25,ATACORA,ATA_Nat_07,Boriyouré,P2AE_PBA_HTA,PBA 12A800,
P2AE-INT-194a2771-14ad8800,P2AE-INT-194a2771,,2ec17c4d,➕ Saisie du jour,3.0,,3.0,2026-07-25,ATACORA,ATA_Nat_03,Yimporima,P2AE_PBA_BT,PBA 9A200,
P2AE-INT-194a2771-233eb8e8,P2AE-INT-194a2771,,215ac167,➕ Saisie du jour,8.0,,8.0,2026-07-25,ATACORA,ATA_Nat_03,Yimporima,P2AE_PBA_BT,PBA 9A650,
P2AE-INT-194a2771-bed695d4,P2AE-INT-194a2771,,d6344558,➕ Saisie du jour,1.0,,1.0,2026-07-25,ATACORA,ATA_Nat_03,Yimporima,P2AE_PBA_HTA,PBA 13C800,
P2AE-INT-194a2771-307bf975,P2AE-INT-194a2771,,cd39f595,➕ Saisie du jour,3.0,,3.0,2026-07-25,ATACORA,ATA_Nat_03,Yimporima,P2AE_PBA_HTA,PBA 13A400,
P2AE-INT-3ffef83d-3d58b867,P2AE-INT-3ffef83d,,2ec17c4d,➕ Saisie du jour,1.0,,1.0,2026-07-25,ATACORA,ATA_Nat_04,Kantaborifa,P2AE_PBA_BT,PBA 9A200,
P2AE-INT-3ffef83d-39549888,P2AE-INT-3ffef83d,,26e8ec03,➕ Saisie du jour,1.0,,1.0,2026-07-25,ATACORA,ATA_Nat_04,Kantaborifa,P2AE_PBA_HTA,PBA 11C650,
P2AE-INT-9028f4d8-7b1e237b,P2AE-INT-9028f4d8,,2ec17c4d,➕ Saisie du jour,1.0,,1.0,2026-07-25,ATACORA,ATA_Nat_12,Kantchagoutamou,P2AE_PBA_BT,PBA 9A200,
P2AE-INT-9028f4d8-f441a448,P2AE-INT-9028f4d8,,215ac167,➕ Saisie du jour,1.0,,1.0,2026-07-25,ATACORA,ATA_Nat_12,Kantchagoutamou,P2AE_PBA_BT,PBA 9A650,
P2AE-INT-c0a4b626-62b43804,P2AE-INT-c0a4b626,,058e9b6a,➕ Saisie du jour,1.0,,1.0,2026-07-25,ATACORA,ATA_Nat_14,Sossouna,P2AE_PBA_HTA,PBA 11A1250,
P2AE-INT-651849f8-2fc2c1be,P2AE-INT-651849f8,,630f858d,➕ Saisie du jour,941.0,,941.0,2026-07-25,ATACORA,ATA_Nat_03,Yimporima,P2AE_Cable_HTA,ASTER 75mm²,
P2AE-INT-651849f8-8d43ebb8,P2AE-INT-651849f8,,59dc5a38,➕ Saisie du jour,1750.0,,1750.0,2026-07-25,ATACORA,ATA_Nat_03,Yimporima,P2AE_Cable_BT,PRC 70mm²,
P2AE-INT-651849f8-1e02090c,P2AE-INT-651849f8,,8e6b4946,➕ Saisie du jour,385.0,,385.0,2026-07-25,ATACORA,ATA_Nat_03,Yimporima,P2AE_Cable_BT,PRC 50mm²,
P2AE-INT-c51944d7-0c63b1d8,P2AE-INT-c51944d7,,8e6b4946,➕ Saisie du jour,1170.0,,1170.0,2026-07-25,ATACORA,ATA_Nat_04,Kantaborifa,P2AE_Cable_BT,PRC 50mm²,
P2AE-INT-c51944d7-795fae42,P2AE-INT-c51944d7,,e9e0a228,➕ Saisie du jour,334.0,,334.0,2026-07-25,ATACORA,ATA_Nat_04,Kantaborifa,P2AE_Cable_HTA,ASTER 54mm²,
P2AE-INT-8b57755d-2f3fc0f4,P2AE-INT-8b57755d,,2ec17c4d,➕ Saisie du jour,1.0,,1.0,2026-07-27,ATACORA,ATA_Nat_05,Ouroubouga,P2AE_PBA_BT,PBA 9A200,
P2AE-INT-8b57755d-502bb865,P2AE-INT-8b57755d,,9c6af0a4,➕ Saisie du jour,1.0,,1.0,2026-07-27,ATACORA,ATA_Nat_05,Ouroubouga,P2AE_PBA_BT,PBA 9C650,
P2AE-INT-7bedab05-ab06834c,P2AE-INT-7bedab05,,215ac167,➕ Saisie du jour,1.0,,1.0,2026-07-27,ATACORA,ATA_Nat_11,Tchrimina,P2AE_PBA_BT,PBA 9A650,
P2AE-INT-c8b43a1d-cb39e2b6,P2AE-INT-c8b43a1d,,8e6b4946,➕ Saisie du jour,1406.71,,1406.71,2026-07-27,ATACORA,ATA_Nat_03,Yimporima,P2AE_Cable_BT,PRC 50mm²,
P2AE-INT-38e97c89-5ebe4439,P2AE-INT-38e97c89,,8e6b4946,➕ Saisie du jour,515.24,,515.24,2026-07-28,ATACORA,ATA_Nat_03,Yimporima,P2AE_Cable_BT,PRC 50mm²,
P2AE-INT-38e97c89-6577a0f3,P2AE-INT-38e97c89,,215ac167,➕ Saisie du jour,1.0,,1.0,2026-07-28,ATACORA,ATA_Nat_03,Yimporima,P2AE_PBA_BT,PBA 9A650,
P2AE-INT-65ca90d2-198cc1d9,P2AE-INT-65ca90d2,,2ec17c4d,➕ Saisie du jour,2.0,,2.0,2026-07-28,ATACORA,ATA_Nat_04,Kantaborifa,P2AE_PBA_BT,PBA 9A200,
P2AE-INT-65ca90d2-8af7590d,P2AE-INT-65ca90d2,,215ac167,➕ Saisie du jour,1.0,,1.0,2026-07-28,ATACORA,ATA_Nat_04,Kantaborifa,P2AE_PBA_BT,PBA 9A650,
P2AE-INT-65ca90d2-dd6f2e36,P2AE-INT-65ca90d2,,9c6af0a4,➕ Saisie du jour,1.0,,1.0,2026-07-28,ATACORA,ATA_Nat_04,Kantaborifa,P2AE_PBA_BT,PBA 9C650,
P2AE-INT-8dffc34b-805dc293,P2AE-INT-8dffc34b,,8e6b4946,➕ Saisie du jour,527.52,,527.52,2026-07-29,ATACORA,ATA_Nat_05,Ouroubouga,P2AE_Cable_BT,PRC 50mm²,
P2AE-INT-fd486ceb-03a858c1,P2AE-INT-fd486ceb,,8e6b4946,➕ Saisie du jour,753.55,,753.55,2026-07-30,ATACORA,ATA_Nat_05,Ouroubouga,P2AE_Cable_BT,PRC 50mm²,
P2AE-INT-2a1889d2-cefedbc6,P2AE-INT-2a1889d2,,59dc5a38,➕ Saisie du jour,691.0,,691.0,2026-07-30,ATACORA,ATA_Nat_04,Kantaborifa,P2AE_Cable_BT,PRC 70mm²,
P2AE-INT-090611c1-ed19f983,P2AE-INT-090611c1,,002f1a3d,➕ Saisie du jour,8.0,,8.0,2026-07-30,ATACORA,ATA_Nat_13,Sountchirantikou,P2AE_Terre,Mise à la terre,
P2AE-INT-bb6f7171-65a33e8f,P2AE-INT-bb6f7171,,2ec17c4d,➕ Saisie du jour,3.0,,3.0,2026-07-31,ATACORA,ATA_Nat_05,Ouroubouga,P2AE_PBA_BT,PBA 9A200,
P2AE-INT-bb6f7171-fd209276,P2AE-INT-bb6f7171,,215ac167,➕ Saisie du jour,1.0,,1.0,2026-07-31,ATACORA,ATA_Nat_05,Ouroubouga,P2AE_PBA_BT,PBA 9A650,
P2AE-INT-a1109581-279bf7a9,P2AE-INT-a1109581,,2ec17c4d,➕ Saisie du jour,1.0,,1.0,2026-07-31,ATACORA,ATA_Nat_04,Kantaborifa,P2AE_PBA_BT,PBA 9A200,
P2AE-INT-a1109581-267eed54,P2AE-INT-a1109581,,59dc5a38,➕ Saisie du jour,626.0,,626.0,2026-07-31,ATACORA,ATA_Nat_04,Kantaborifa,P2AE_Cable_BT,PRC 70mm²,
P2AE-INT-a1109581-7a99cfd1,P2AE-INT-a1109581,,8e6b4946,➕ Saisie du jour,615.0,,615.0,2026-07-31,ATACORA,ATA_Nat_04,Kantaborifa,P2AE_Cable_BT,PRC 50mm²,
P2AE-INT-acff09ef-74f03bc1,P2AE-INT-acff09ef,,2ec17c4d,➕ Saisie du jour,14.0,,14.0,2026-08-01,BORGOU,BOR_Par_01,Assagbinin-Baka,P2AE_PBA_BT,PBA 9A200,
P2AE-INT-acff09ef-2b865650,P2AE-INT-acff09ef,,215ac167,➕ Saisie du jour,11.0,,11.0,2026-08-01,BORGOU,BOR_Par_01,Assagbinin-Baka,P2AE_PBA_BT,PBA 9A650,
P2AE-INT-acff09ef-0d18d2af,P2AE-INT-acff09ef,,9c6af0a4,➕ Saisie du jour,4.0,,4.0,2026-08-01,BORGOU,BOR_Par_01,Assagbinin-Baka,P2AE_PBA_BT,PBA 9C650,
P2AE-INT-99b85065-d5fab540,P2AE-INT-99b85065,,2ec17c4d,➕ Saisie du jour,5.0,,5.0,2026-08-01,BORGOU,BOR_Tcha_03,Kpessou,P2AE_PBA_BT,PBA 9A200,
P2AE-INT-99b85065-cc267eb6,P2AE-INT-99b85065,,215ac167,➕ Saisie du jour,22.0,,22.0,2026-08-01,BORGOU,BOR_Tcha_03,Kpessou,P2AE_PBA_BT,PBA 9A650,
P2AE-INT-99b85065-1abec266,P2AE-INT-99b85065,,9c6af0a4,➕ Saisie du jour,6.0,,6.0,2026-08-01,BORGOU,BOR_Tcha_03,Kpessou,P2AE_PBA_BT,PBA 9C650,
P2AE-INT-99b85065-16b6483a,P2AE-INT-99b85065,,29ef61f5,➕ Saisie du jour,1.0,,1.0,2026-08-01,BORGOU,BOR_Tcha_03,Kpessou,P2AE_PBA_BT,PBA 11C650,1.0
P2AE-INT-b6f05a3d-28a9a87c,P2AE-INT-b6f05a3d,,cd39f595,➕ Saisie du jour,13.0,,13.0,2026-08-01,BORGOU,BOR_Par_04,Guerma,P2AE_PBA_HTA,PBA 13A400,
P2AE-INT-9bc859be-7ad26fd8,P2AE-INT-9bc859be,,2ec17c4d,➕ Saisie du jour,7.0,,7.0,2026-08-01,BORGOU,BOR_Par_06,Bawé,P2AE_PBA_BT,PBA 9A200,
P2AE-INT-9bc859be-bc4eefe1,P2AE-INT-9bc859be,,215ac167,➕ Saisie du jour,17.0,,17.0,2026-08-01,BORGOU,BOR_Par_06,Bawé,P2AE_PBA_BT,PBA 9A650,
P2AE-INT-9bc859be-3f0c5342,P2AE-INT-9bc859be,,9c6af0a4,➕ Saisie du jour,6.0,,6.0,2026-08-01,BORGOU,BOR_Par_06,Bawé,P2AE_PBA_BT,PBA 9C650,
P2AE-INT-9bc859be-e6656956,P2AE-INT-9bc859be,,cd39f595,➕ Saisie du jour,6.0,,6.0,2026-08-01,BORGOU,BOR_Par_06,Bawé,P2AE_PBA_HTA,PBA 13A400,
P2AE-INT-9bc859be-fc701d2c,P2AE-INT-9bc859be,,d6344558,➕ Saisie du jour,10.0,,10.0,2026-08-01,BORGOU,BOR_Par_06,Bawé,P2AE_PBA_HTA,PBA 13C800,
P2AE-INT-9bc859be-de044ff7,P2AE-INT-9bc859be,,50dc40e9,➕ Saisie du jour,1.0,,1.0,2026-08-01,BORGOU,BOR_Par_06,Bawé,P2AE_PBA_HTA,PBA 13C1250,1.0
P2AE-INT-9bc859be-8169ea2b,P2AE-INT-9bc859be,,058e9b6a,➕ Saisie du jour,1.0,,1.0,2026-08-01,BORGOU,BOR_Par_06,Bawé,P2AE_PBA_HTA,PBA 11A1250,
P2AE-INT-9bc859be-22ca3106,P2AE-INT-9bc859be,,26e8ec03,➕ Saisie du jour,1.0,,1.0,2026-08-01,BORGOU,BOR_Par_06,Bawé,P2AE_PBA_HTA,PBA 11C650,1.0
P2AE-INT-9bc859be-bf02d5d9,P2AE-INT-9bc859be,,46cfa5f8,➕ Saisie du jour,1.0,,1.0,2026-08-01,BORGOU,BOR_Par_06,Bawé,P2AE_PBA_HTA,PBA 12A800,
P2AE-INT-91e045b1-a04c2943,P2AE-INT-91e045b1,,59dc5a38,➕ Saisie du jour,1468.0,,1468.0,2026-08-01,BORGOU,BOR_Tcha_03,Kpessou,P2AE_Cable_BT,PRC 70mm²,
P2AE-INT-91e045b1-33e9d085,P2AE-INT-91e045b1,,8e6b4946,➕ Saisie du jour,1150.0,,1150.0,2026-08-01,BORGOU,BOR_Tcha_03,Kpessou,P2AE_Cable_BT,PRC 50mm²,
P2AE-INT-ae04c01b-972f25ae,P2AE-INT-ae04c01b,,2ec17c4d,🎯 Cumul total à date,,288.0,207.0,2026-07-24,ATACORA,ATA_Nat_03,Yimporima,P2AE_PBA_BT,PBA 9A200,
P2AE-INT-ae04c01b-566c9520,P2AE-INT-ae04c01b,,215ac167,🎯 Cumul total à date,,211.0,147.0,2026-07-24,ATACORA,ATA_Nat_03,Yimporima,P2AE_PBA_BT,PBA 9A650,
P2AE-INT-ae04c01b-bdf0d231,P2AE-INT-ae04c01b,,d6344558,🎯 Cumul total à date,23.0,23.0,17.0,2026-07-24,ATACORA,ATA_Nat_03,Yimporima,P2AE_PBA_HTA,PBA 13C800,
P2AE-INT-5cbca10b-a86899cb,P2AE-INT-5cbca10b,,d6344558,🎯 Cumul total à date,,4.0,0.0,2026-07-24,ATACORA,ATA_Nat_01,Kotopounga,P2AE_PBA_HTA,PBA 13C800,
P2AE-INT-5cbca10b-48478d36,P2AE-INT-5cbca10b,,526229bb,🎯 Cumul total à date,,1.0,0.0,2026-07-24,ATACORA,ATA_Nat_01,Kotopounga,P2AE_PBA_BT,PBA 9C800,
P2AE-INT-5c5a0e40-aa1b1dd8,P2AE-INT-5c5a0e40,,215ac167,🎯 Cumul total à date,,48.0,0.0,2026-07-24,ATACORA,ATA_Nat_14,Sossouna,P2AE_PBA_BT,PBA 9A650,
P2AE-INT-e1977f06-4ba593da,P2AE-INT-e1977f06,,8e6b4946,➕ Saisie du jour,437.0,,437.0,2026-08-01,ATACORA,ATA_Nat_05,Ouroubouga,P2AE_Cable_BT,PRC 50mm²,
P2AE-INT-10f1a98f-7cd3aa6a,P2AE-INT-10f1a98f,,d6344558,➕ Saisie du jour,1.0,,1.0,2026-08-02,ATACORA,ATA_Nat_12,Kantchagoutamou,P2AE_PBA_HTA,PBA 13C800,
P2AE-INT-2247040a-de3fe3b5,P2AE-INT-2247040a,,2ec17c4d,➕ Saisie du jour,9.0,,9.0,2026-08-01,DONGA,DON_Oua_04,Talina,P2AE_PBA_BT,PBA 9A200,
P2AE-INT-534ac321-464fa6c6,P2AE-INT-534ac321,,2ec17c4d,➕ Saisie du jour,6.0,,6.0,2026-08-01,DONGA,DON_Oua_03,Itchodè,P2AE_PBA_BT,PBA 9A200,
P2AE-INT-534ac321-3f6174d7,P2AE-INT-534ac321,,215ac167,➕ Saisie du jour,1.0,,1.0,2026-08-01,DONGA,DON_Oua_03,Itchodè,P2AE_PBA_BT,PBA 9A650,
P2AE-INT-81a29572-91b01b52,P2AE-INT-81a29572,,2ec17c4d,➕ Saisie du jour,11.0,,11.0,2026-08-01,DONGA,DON_Djo_01,Founga,P2AE_PBA_BT,PBA 9A200,
P2AE-INT-81a29572-3e23f84f,P2AE-INT-81a29572,,215ac167,➕ Saisie du jour,2.0,,2.0,2026-08-01,DONGA,DON_Djo_01,Founga,P2AE_PBA_BT,PBA 9A650,
P2AE-INT-81a29572-a50b1106,P2AE-INT-81a29572,,9c6af0a4,➕ Saisie du jour,2.0,,2.0,2026-08-01,DONGA,DON_Djo_01,Founga,P2AE_PBA_BT,PBA 9C650,
P2AE-INT-81a29572-27e4ea53,P2AE-INT-81a29572,,cd39f595,➕ Saisie du jour,2.0,,2.0,2026-08-01,DONGA,DON_Djo_01,Founga,P2AE_PBA_HTA,PBA 13A400,
P2AE-INT-0ce9277c-e2e4bd59,P2AE-INT-0ce9277c,,2ec17c4d,➕ Saisie du jour,2.0,,2.0,2026-08-01,DONGA,DON_Bas_01,Partago,P2AE_PBA_BT,PBA 9A200,
P2AE-INT-0ce9277c-31aee969,P2AE-INT-0ce9277c,,215ac167,➕ Saisie du jour,23.0,,23.0,2026-08-01,DONGA,DON_Bas_01,Partago,P2AE_PBA_BT,PBA 9A650,
P2AE-INT-b7d6cb5b-96f4694b,P2AE-INT-b7d6cb5b,,2ec17c4d,➕ Saisie du jour,1.0,,1.0,2026-08-01,DONGA,DON_Bas_02,Oké-Igboélé,P2AE_PBA_BT,PBA 9A200,
P2AE-INT-b7d6cb5b-6d7fee11,P2AE-INT-b7d6cb5b,,215ac167,➕ Saisie du jour,5.0,,5.0,2026-08-01,DONGA,DON_Bas_02,Oké-Igboélé,P2AE_PBA_BT,PBA 9A650,
P2AE-INT-b7d6cb5b-580c9496,P2AE-INT-b7d6cb5b,,526229bb,➕ Saisie du jour,1.0,,1.0,2026-08-01,DONGA,DON_Bas_02,Oké-Igboélé,P2AE_PBA_BT,PBA 9C800,1.0
P2AE-INT-b7d6cb5b-826d52ab,P2AE-INT-b7d6cb5b,,29ef61f5,➕ Saisie du jour,2.0,,2.0,2026-08-01,DONGA,DON_Bas_02,Oké-Igboélé,P2AE_PBA_BT,PBA 11C650,
P2AE-INT-b7d6cb5b-1e8ddc5f,P2AE-INT-b7d6cb5b,,26e8ec03,➕ Saisie du jour,2.0,,2.0,2026-08-01,DONGA,DON_Bas_02,Oké-Igboélé,P2AE_PBA_HTA,PBA 11C650,
P2AE-INT-b7d6cb5b-9e683ecd,P2AE-INT-b7d6cb5b,,d6344558,➕ Saisie du jour,8.0,,8.0,2026-08-01,DONGA,DON_Bas_02,Oké-Igboélé,P2AE_PBA_HTA,PBA 13C800,
P2AE-INT-b7d6cb5b-a3d98884,P2AE-INT-b7d6cb5b,,50dc40e9,➕ Saisie du jour,1.0,,1.0,2026-08-01,DONGA,DON_Bas_02,Oké-Igboélé,P2AE_PBA_HTA,PBA 13C1250,
P2AE-INT-b7d6cb5b-9dcfec31,P2AE-INT-b7d6cb5b,,cd39f595,➕ Saisie du jour,7.0,,7.0,2026-08-01,DONGA,DON_Bas_02,Oké-Igboélé,P2AE_PBA_HTA,PBA 13A400,
P2AE-INT-3e158e21-24d278a0,P2AE-INT-3e158e21,,f03cfc0b,🎯 Cumul total à date,32.0,32.0,-29.0,2026-08-01,DONGA,DON_Djo_01,Founga,P2AE_Fouille_HTA,Fouille réseau haute tension,
P2AE-INT-d21ba072-b6ea858b,P2AE-INT-d21ba072,,e221b25e,🎯 Cumul total à date,46.0,46.0,46.0,2026-08-01,DONGA,DON_Oua_04,Talina,P2AE_Fouille_BT,Fouille réseau basse tension,
P2AE-INT-9d7b7058-43391569,P2AE-INT-9d7b7058,,e221b25e,🎯 Cumul total à date,,50.0,50.0,2026-08-02,DONGA,DON_Oua_02,Komtcha,P2AE_Fouille_BT,Fouille réseau basse tension,
P2AE-INT-7a8ea13f-268b9de9,P2AE-INT-7a8ea13f,,f03cfc0b,🎯 Cumul total à date,,15.0,10.0,2026-08-02,ALIBORI,ALI_Gog_04,Sori-Borowanrou,P2AE_Fouille_HTA,Fouille réseau haute tension,
P2AE-INT-7a8ea13f-a6c4ef49,P2AE-INT-7a8ea13f,,e221b25e,🎯 Cumul total à date,,302.0,3.0,2026-08-02,ALIBORI,ALI_Gog_04,Sori-Borowanrou,P2AE_Fouille_BT,Fouille réseau basse tension,
P2AE-INT-d57adecd-bdbbba8e,P2AE-INT-d57adecd,,f03cfc0b,🎯 Cumul total à date,,34.0,34.0,2026-08-02,DONGA,DON_Bas_02,Oké-Igboélé,P2AE_Fouille_HTA,Fouille réseau haute tension,
P2AE-INT-3c9a390f-d581e07f,P2AE-INT-3c9a390f,,e221b25e,🎯 Cumul total à date,,31.0,7.0,2026-08-02,DONGA,DON_Oua_03,Itchodè,P2AE_Fouille_BT,Fouille réseau basse tension,
P2AE-INT-e800a0b0-4b43eb9b,P2AE-INT-e800a0b0,,e221b25e,🎯 Cumul total à date,,215.0,4.0,2026-08-02,ALIBORI,ALI_Gog_05,Sori-Kpankpanrou,P2AE_Fouille_BT,Fouille réseau basse tension,
P2AE-INT-61ac84ef-ef3085f0,P2AE-INT-61ac84ef,,f03cfc0b,🎯 Cumul total à date,,51.0,18.0,2026-08-02,BORGOU,BOR_Par_08,Kpérou-Guéra,P2AE_Fouille_HTA,Fouille réseau haute tension,
P2AE-INT-61ac84ef-13887294,P2AE-INT-61ac84ef,,e221b25e,🎯 Cumul total à date,,580.0,93.0,2026-08-02,BORGOU,BOR_Par_08,Kpérou-Guéra,P2AE_Fouille_BT,Fouille réseau basse tension,
P2AE-INT-a179d2aa-dd211ccf,P2AE-INT-a179d2aa,,f03cfc0b,🎯 Cumul total à date,,8.0,1.0,2026-08-02,BORGOU,BOR_Par_03,Zongo,P2AE_Fouille_HTA,Fouille réseau haute tension,
P2AE-INT-a179d2aa-a7e14e51,P2AE-INT-a179d2aa,,e221b25e,🎯 Cumul total à date,,146.0,8.0,2026-08-02,BORGOU,BOR_Par_03,Zongo,P2AE_Fouille_BT,Fouille réseau basse tension,
P2AE-INT-acdc900f-f097b561,P2AE-INT-acdc900f,a9ef7a981,f03cfc0b,🎯 Cumul total à date,,39.0,29.0,2026-08-02,BORGOU,BOR_Par_09,Okédama,P2AE_Fouille_HTA,Fouille réseau haute tension,
P2AE-INT-acdc900f-56f02c2c,P2AE-INT-acdc900f,a9ef7a981,e221b25e,🎯 Cumul total à date,,728.0,48.0,2026-08-02,BORGOU,BOR_Par_09,Okédama,P2AE_Fouille_BT,Fouille réseau basse tension,
P2AE-INT-2f10bf7e-7d812cd1,P2AE-INT-2f10bf7e,,29ef61f5,➕ Saisie du jour,1.0,,1.0,2026-08-01,BORGOU,BOR_Par_04,Guerma,P2AE_PBA_BT,PBA 11C650,
P2AE-INT-2f10bf7e-f9ed5ec4,P2AE-INT-2f10bf7e,,2ec17c4d,➕ Saisie du jour,8.0,8.0,8.0,2026-08-01,BORGOU,BOR_Par_04,Guerma,P2AE_PBA_BT,PBA 9A200,
P2AE-INT-2f10bf7e-810600f3,P2AE-INT-2f10bf7e,,215ac167,➕ Saisie du jour,1.0,,1.0,2026-08-01,BORGOU,BOR_Par_04,Guerma,P2AE_PBA_BT,PBA 9A650,
P2AE-INT-2f10bf7e-287658a7,P2AE-INT-2f10bf7e,,058e9b6a,➕ Saisie du jour,1.0,,1.0,2026-08-01,BORGOU,BOR_Par_04,Guerma,P2AE_PBA_HTA,PBA 11A1250,
P2AE-INT-2f10bf7e-c1fedfbf,P2AE-INT-2f10bf7e,,cd39f595,➕ Saisie du jour,1.0,,1.0,2026-08-01,BORGOU,BOR_Par_04,Guerma,P2AE_PBA_HTA,PBA 13A400,
P2AE-INT-2f10bf7e-40523908,P2AE-INT-2f10bf7e,,46cfa5f8,➕ Saisie du jour,1.0,,1.0,2026-08-01,BORGOU,BOR_Par_04,Guerma,P2AE_PBA_HTA,PBA 12A800,
P2AE-INT-89a7dd5b-406e68ee,P2AE-INT-89a7dd5b,,2ec17c4d,➕ Saisie du jour,1.0,,1.0,2026-08-01,BORGOU,BOR_Par_06,Bawé,P2AE_PBA_BT,PBA 9A200,
P2AE-INT-89a7dd5b-647c771c,P2AE-INT-89a7dd5b,,9c6af0a4,➕ Saisie du jour,2.0,,2.0,2026-08-01,BORGOU,BOR_Par_06,Bawé,P2AE_PBA_BT,PBA 9C650,
P2AE-INT-89a7dd5b-377ee585,P2AE-INT-89a7dd5b,,cd39f595,➕ Saisie du jour,6.0,,6.0,2026-08-01,BORGOU,BOR_Par_06,Bawé,P2AE_PBA_HTA,PBA 13A400,
P2AE-INT-89a7dd5b-af694e63,P2AE-INT-89a7dd5b,,058e9b6a,➕ Saisie du jour,1.0,,1.0,2026-08-01,BORGOU,BOR_Par_06,Bawé,P2AE_PBA_HTA,PBA 11A1250,
P2AE-INT-89a7dd5b-9f948f90,P2AE-INT-89a7dd5b,,46cfa5f8,➕ Saisie du jour,1.0,,1.0,2026-08-01,BORGOU,BOR_Par_06,Bawé,P2AE_PBA_HTA,PBA 12A800,
P2AE-INT-77c5f55d-3874b813,P2AE-INT-77c5f55d,,e221b25e,🎯 Cumul total à date,,481.0,59.0,2026-08-02,BORGOU,BOR_Par_06,Bawé,P2AE_Fouille_BT,Fouille réseau basse tension,
P2AE-INT-cb726c99-0d142a01,P2AE-INT-cb726c99,f64fbc641,fbeef696,➕ Saisie du jour,13.0,,13.0,2026-08-05,ATACORA,ATA_Nat_10,Yokossi,P2AE_EP,EP,
P2AE-INT-ad12d351-695ca13e,P2AE-INT-ad12d351,f64fbc641,fbeef696,➕ Saisie du jour,21.0,,21.0,2026-08-05,ATACORA,ATA_Nat_13,Sountchirantikou,P2AE_EP,EP,
P2AE-INT-ed238182-d9d39be7,P2AE-INT-ed238182,c3a68e3f1,fbeef696,➕ Saisie du jour,47.0,,47.0,2026-07-21,ALIBORI,ALI_Gog_04,Sori-Borowanrou,P2AE_EP,EP,
P2AE-INT-86a4fbfa-a3808ee1,P2AE-INT-86a4fbfa,c3a68e3f1,fbeef696,➕ Saisie du jour,78.0,,78.0,2026-07-21,ALIBORI,ALI_Gog_05,Sori-Kpankpanrou,P2AE_EP,EP,
P2AE-INT-53b1fe17-6ea7cd05,P2AE-INT-53b1fe17,2ec17c4d1,fbeef696,➕ Saisie du jour,53.0,,53.0,2026-07-21,ALIBORI,ALI_Kan_02,Albarika,P2AE_EP,EP,
P2AE-INT-9ad4a22a-c0af723b,P2AE-INT-9ad4a22a,2ec17c4d1,fbeef696,➕ Saisie du jour,67.0,,67.0,2026-07-21,ALIBORI,ALI_Kan_04,Ganssoso-Gbiga,P2AE_EP,EP,
P2AE-INT-53b1fe17-c79936c1,P2AE-INT-53b1fe17,2ec17c4d1,002f1a3d,🎯 Cumul total à date,33.0,33.0,0.0,2026-07-21,ALIBORI,ALI_Kan_02,Albarika,P2AE_Terre,Mise à la terre,
P2AE-INT-9ad4a22a-ada1401f,P2AE-INT-9ad4a22a,2ec17c4d1,002f1a3d,🎯 Cumul total à date,,48.0,10.0,2026-07-21,ALIBORI,ALI_Kan_04,Ganssoso-Gbiga,P2AE_Terre,Mise à la terre,
P2AE-INT-182608d2-8ac296b6,P2AE-INT-182608d2,2ec17c4d1,002f1a3d,🎯 Cumul total à date,,16.0,16.0,2026-07-21,ALIBORI,ALI_Kan_01,Kandi-fô,P2AE_Terre,Mise à la terre,
P2AE-INT-abfd65d7-b9f135f5,P2AE-INT-abfd65d7,,d6344558,➕ Saisie du jour,5.0,,5.0,2026-08-06,ATACORA,ATA_Nat_01,Kotopounga,P2AE_PBA_HTA,PBA 13C800,
P2AE-INT-abfd65d7-8c1816f0,P2AE-INT-abfd65d7,,cd39f595,➕ Saisie du jour,7.0,,7.0,2026-08-06,ATACORA,ATA_Nat_01,Kotopounga,P2AE_PBA_HTA,PBA 13A400,
P2AE-INT-abfd65d7-5a45a751,P2AE-INT-abfd65d7,,46cfa5f8,➕ Saisie du jour,1.0,,1.0,2026-08-06,ATACORA,ATA_Nat_01,Kotopounga,P2AE_PBA_HTA,PBA 12A800,
P2AE-INT-abfd65d7-4315b645,P2AE-INT-abfd65d7,,9c6af0a4,➕ Saisie du jour,1.0,,1.0,2026-08-06,ATACORA,ATA_Nat_01,Kotopounga,P2AE_PBA_BT,PBA 9C650,
P2AE-INT-abfd65d7-9e3f81a0,P2AE-INT-abfd65d7,,2ec17c4d,➕ Saisie du jour,1.0,,1.0,2026-08-06,ATACORA,ATA_Nat_01,Kotopounga,P2AE_PBA_BT,PBA 9A200,
P2AE-INT-f723f4ec-88f20eb5,P2AE-INT-f723f4ec,a9ef7a981,2ec17c4d,➕ Saisie du jour,2.0,,2.0,2026-08-06,BORGOU,BOR_Par_04,Guerma,P2AE_PBA_BT,PBA 9A200,
P2AE-INT-f723f4ec-7d0ad0de,P2AE-INT-f723f4ec,a9ef7a981,215ac167,➕ Saisie du jour,10.0,,10.0,2026-08-06,BORGOU,BOR_Par_04,Guerma,P2AE_PBA_BT,PBA 9A650,
P2AE-INT-f723f4ec-e897c58b,P2AE-INT-f723f4ec,a9ef7a981,9c6af0a4,➕ Saisie du jour,1.0,,1.0,2026-08-06,BORGOU,BOR_Par_04,Guerma,P2AE_PBA_BT,PBA 9C650,
P2AE-INT-6e603b22-5ce86357,P2AE-INT-6e603b22,a9ef7a981,2ec17c4d,➕ Saisie du jour,5.0,,5.0,2026-08-06,BORGOU,BOR_Par_05,Bahmora,P2AE_PBA_BT,PBA 9A200,
P2AE-INT-6e603b22-a40cd74f,P2AE-INT-6e603b22,a9ef7a981,215ac167,➕ Saisie du jour,15.0,,15.0,2026-08-06,BORGOU,BOR_Par_05,Bahmora,P2AE_PBA_BT,PBA 9A650,
P2AE-INT-6e603b22-ff66a6dc,P2AE-INT-6e603b22,a9ef7a981,9c6af0a4,➕ Saisie du jour,2.0,,2.0,2026-08-06,BORGOU,BOR_Par_05,Bahmora,P2AE_PBA_BT,PBA 9C650,
P2AE-INT-6e603b22-5b4a6fc6,P2AE-INT-6e603b22,a9ef7a981,cd39f595,➕ Saisie du jour,26.0,,26.0,2026-08-06,BORGOU,BOR_Par_05,Bahmora,P2AE_PBA_HTA,PBA 13A400,
P2AE-INT-6e603b22-39fecffc,P2AE-INT-6e603b22,a9ef7a981,29ef61f5,➕ Saisie du jour,1.0,,1.0,2026-08-06,BORGOU,BOR_Par_05,Bahmora,P2AE_PBA_BT,PBA 11C650,
P2AE-INT-6e603b22-1f57aa2f,P2AE-INT-6e603b22,a9ef7a981,d6344558,➕ Saisie du jour,12.0,,12.0,2026-08-06,BORGOU,BOR_Par_05,Bahmora,P2AE_PBA_HTA,PBA 13C800,
P2AE-INT-8b88b602-7054db3a,P2AE-INT-8b88b602,a9ef7a981,2ec17c4d,➕ Saisie du jour,4.0,,4.0,2026-08-06,BORGOU,BOR_Par_02,Banikani-Rose-croix,P2AE_PBA_BT,PBA 9A200,
P2AE-INT-8b88b602-73c11c28,P2AE-INT-8b88b602,a9ef7a981,215ac167,➕ Saisie du jour,2.0,,2.0,2026-08-06,BORGOU,BOR_Par_02,Banikani-Rose-croix,P2AE_PBA_BT,PBA 9A650,
P2AE-INT-cd7691c0-0fb95b16,P2AE-INT-cd7691c0,a9ef7a981,cd39f595,➕ Saisie du jour,14.0,,14.0,2026-08-06,BORGOU,BOR_Par_09,Okédama,P2AE_PBA_HTA,PBA 13A400,
P2AE-INT-cd7691c0-f5e5b580,P2AE-INT-cd7691c0,a9ef7a981,2ec17c4d,➕ Saisie du jour,10.0,,10.0,2026-08-06,BORGOU,BOR_Par_09,Okédama,P2AE_PBA_BT,PBA 9A200,
P2AE-INT-cd7691c0-a346f608,P2AE-INT-cd7691c0,a9ef7a981,215ac167,➕ Saisie du jour,8.0,,8.0,2026-08-06,BORGOU,BOR_Par_09,Okédama,P2AE_PBA_BT,PBA 9A650,
P2AE-INT-cd7691c0-47db483a,P2AE-INT-cd7691c0,a9ef7a981,9c6af0a4,➕ Saisie du jour,2.0,,2.0,2026-08-06,BORGOU,BOR_Par_09,Okédama,P2AE_PBA_BT,PBA 9C650,
P2AE-INT-cd7691c0-5265f85b,P2AE-INT-cd7691c0,a9ef7a981,26e8ec03,➕ Saisie du jour,2.0,,2.0,2026-08-06,BORGOU,BOR_Par_09,Okédama,P2AE_PBA_HTA,PBA 11C650,
P2AE-INT-cd7691c0-6bb5eafc,P2AE-INT-cd7691c0,a9ef7a981,d6344558,➕ Saisie du jour,4.0,,4.0,2026-08-06,BORGOU,BOR_Par_09,Okédama,P2AE_PBA_HTA,PBA 13C800,
P2AE-INT-cd7691c0-a86bee37,P2AE-INT-cd7691c0,a9ef7a981,058e9b6a,➕ Saisie du jour,2.0,,2.0,2026-08-06,BORGOU,BOR_Par_09,Okédama,P2AE_PBA_HTA,PBA 11A1250,
P2AE-INT-cd7691c0-1da16cf1,P2AE-INT-cd7691c0,a9ef7a981,46cfa5f8,➕ Saisie du jour,1.0,,1.0,2026-08-06,BORGOU,BOR_Par_09,Okédama,P2AE_PBA_HTA,PBA 12A800,
P2AE-INT-d86c7f27-e0ef475f,P2AE-INT-d86c7f27,215bc1671,2ec17c4d,➕ Saisie du jour,11.0,,11.0,2026-08-06,DONGA,DON_Djo_01,Founga,P2AE_PBA_BT,PBA 9A200,
P2AE-INT-d86c7f27-b5d6860e,P2AE-INT-d86c7f27,215bc1671,215ac167,➕ Saisie du jour,7.0,,7.0,2026-08-06,DONGA,DON_Djo_01,Founga,P2AE_PBA_BT,PBA 9A650,
P2AE-INT-d86c7f27-aac44c4c,P2AE-INT-d86c7f27,215bc1671,9c6af0a4,➕ Saisie du jour,2.0,,2.0,2026-08-06,DONGA,DON_Djo_01,Founga,P2AE_PBA_BT,PBA 9C650,
P2AE-INT-d86c7f27-fa4dd44a,P2AE-INT-d86c7f27,215bc1671,26e8ec03,➕ Saisie du jour,4.0,,4.0,2026-08-06,DONGA,DON_Djo_01,Founga,P2AE_PBA_HTA,PBA 11C650,
P2AE-INT-d86c7f27-aca41120,P2AE-INT-d86c7f27,215bc1671,058e9b6a,➕ Saisie du jour,1.0,,1.0,2026-08-06,DONGA,DON_Djo_01,Founga,P2AE_PBA_HTA,PBA 11A1250,
P2AE-INT-d86c7f27-ea06ab0a,P2AE-INT-d86c7f27,215bc1671,cd39f595,➕ Saisie du jour,4.0,,4.0,2026-08-06,DONGA,DON_Djo_01,Founga,P2AE_PBA_HTA,PBA 13A400,
P2AE-INT-d86c7f27-18f00e51,P2AE-INT-d86c7f27,215bc1671,d6344558,➕ Saisie du jour,5.0,,5.0,2026-08-06,DONGA,DON_Djo_01,Founga,P2AE_PBA_HTA,PBA 13C800,
P2AE-INT-d86c7f27-c64db69e,P2AE-INT-d86c7f27,215bc1671,50dc40e9,➕ Saisie du jour,3.0,,3.0,2026-08-06,DONGA,DON_Djo_01,Founga,P2AE_PBA_HTA,PBA 13C1250,
P2AE-INT-5192f4b4-ee9a8c17,P2AE-INT-5192f4b4,,2ec17c4d,➕ Saisie du jour,6.0,,6.0,2026-08-06,DONGA,DON_Bas_01,Partago,P2AE_PBA_BT,PBA 9A200,
P2AE-INT-5192f4b4-5160eff9,P2AE-INT-5192f4b4,526229bb1,215ac167,➕ Saisie du jour,20.0,,20.0,2026-08-06,DONGA,DON_Bas_01,Partago,P2AE_PBA_BT,PBA 9A650,
P2AE-INT-5192f4b4-350d6f7d,P2AE-INT-5192f4b4,526229bb1,26e8ec03,➕ Saisie du jour,1.0,,1.0,2026-08-06,DONGA,DON_Bas_01,Partago,P2AE_PBA_HTA,PBA 11C650,
P2AE-INT-5192f4b4-747536f5,P2AE-INT-5192f4b4,526229bb1,058e9b6a,➕ Saisie du jour,1.0,,1.0,2026-08-06,DONGA,DON_Bas_01,Partago,P2AE_PBA_HTA,PBA 11A1250,
P2AE-INT-5192f4b4-702816a6,P2AE-INT-5192f4b4,526229bb1,46cfa5f8,➕ Saisie du jour,1.0,,1.0,2026-08-06,DONGA,DON_Bas_01,Partago,P2AE_PBA_HTA,PBA 12A800,
P2AE-INT-8c450fe0-f6ee05bc,P2AE-INT-8c450fe0,526229bb1,215ac167,➕ Saisie du jour,44.0,,44.0,2026-08-06,DONGA,DON_Bas_03,Akaradè,P2AE_PBA_BT,PBA 9A650,
P2AE-INT-703d00e4-32885d3a,P2AE-INT-703d00e4,a9ef7a981,21f4f4d7,➕ Saisie du jour,3.0,,3.0,2026-08-01,BORGOU,BOR_Par_08,Kpérou-Guéra,P2AE_IACM,IACM,
P2AE-INT-e989dad0-86a83eef,P2AE-INT-e989dad0,,21f4f4d7,➕ Saisie du jour,1.0,,1.0,2026-08-01,BORGOU,BOR_Par_03,Zongo,P2AE_IACM,IACM,
P2AE-INT-6ffd3f8d-2b34b00a,P2AE-INT-6ffd3f8d,f64fbc641,fbeef696,➕ Saisie du jour,8.0,,8.0,2026-08-07,ATACORA,ATA_Nat_13,Sountchirantikou,P2AE_EP,EP,
P2AE-INT-6ffd3f8d-bc28f1e8,P2AE-INT-6ffd3f8d,f64fbc641,002f1a3d,➕ Saisie du jour,14.0,,14.0,2026-08-07,ATACORA,ATA_Nat_13,Sountchirantikou,P2AE_Terre,Mise à la terre,
P2AE-INT-9c557446-885ec835,P2AE-INT-9c557446,f64fbc641,002f1a3d,➕ Saisie du jour,9.0,,9.0,2026-08-08,ATACORA,ATA_Nat_10,Yokossi,P2AE_Terre,Mise à la terre,
P2AE-INT-dcc901cc-9c91ccd8,P2AE-INT-dcc901cc,a9ef7a981,2ec17c4d,➕ Saisie du jour,12.0,,12.0,2026-08-09,BORGOU,BOR_Par_04,Guerma,P2AE_PBA_BT,PBA 9A200,
P2AE-INT-dcc901cc-68f73a63,P2AE-INT-dcc901cc,a9ef7a981,215ac167,➕ Saisie du jour,7.0,,7.0,2026-08-09,BORGOU,BOR_Par_04,Guerma,P2AE_PBA_BT,PBA 9A650,
P2AE-INT-dcc901cc-b171c63f,P2AE-INT-dcc901cc,a9ef7a981,29ef61f5,➕ Saisie du jour,1.0,,1.0,2026-08-09,BORGOU,BOR_Par_04,Guerma,P2AE_PBA_BT,PBA 11C650,
P2AE-INT-dcc901cc-b7e391be,P2AE-INT-dcc901cc,a9ef7a981,cd39f595,➕ Saisie du jour,6.0,,6.0,2026-08-09,BORGOU,BOR_Par_04,Guerma,P2AE_PBA_HTA,PBA 13A400,
P2AE-INT-0f177d2d-2053ba94,P2AE-INT-0f177d2d,a9ef7a981,2ec17c4d,➕ Saisie du jour,2.0,,2.0,2026-08-09,BORGOU,BOR_Par_08,Kpérou-Guéra,P2AE_PBA_BT,PBA 9A200,
P2AE-INT-0f177d2d-0f2f54eb,P2AE-INT-0f177d2d,a9ef7a981,215ac167,➕ Saisie du jour,1.0,,1.0,2026-08-09,BORGOU,BOR_Par_08,Kpérou-Guéra,P2AE_PBA_BT,PBA 9A650,
P2AE-INT-0f177d2d-bfdc7fa0,P2AE-INT-0f177d2d,a9ef7a981,8e6b4946,➕ Saisie du jour,263.66,,263.66,2026-08-09,BORGOU,BOR_Par_08,Kpérou-Guéra,P2AE_Cable_BT,PRC 50mm²,
P2AE-INT-bcd5b057-a4c8d56d,P2AE-INT-bcd5b057,a9ef7a981,2ec17c4d,➕ Saisie du jour,12.0,,12.0,2026-08-09,BORGOU,BOR_Par_09,Okédama,P2AE_PBA_BT,PBA 9A200,
P2AE-INT-bcd5b057-4d57b6da,P2AE-INT-bcd5b057,a9ef7a981,215ac167,➕ Saisie du jour,11.0,,11.0,2026-08-09,BORGOU,BOR_Par_09,Okédama,P2AE_PBA_BT,PBA 9A650,
P2AE-INT-bcd5b057-13b7ddbf,P2AE-INT-bcd5b057,a9ef7a981,9c6af0a4,➕ Saisie du jour,1.0,,1.0,2026-08-09,BORGOU,BOR_Par_09,Okédama,P2AE_PBA_BT,PBA 9C650,
P2AE-INT-bcd5b057-9616adf7,P2AE-INT-bcd5b057,a9ef7a981,29ef61f5,➕ Saisie du jour,4.0,,4.0,2026-08-09,BORGOU,BOR_Par_09,Okédama,P2AE_PBA_BT,PBA 11C650,
P2AE-INT-bcd5b057-5d907ab3,P2AE-INT-bcd5b057,a9ef7a981,d6344558,➕ Saisie du jour,2.0,,2.0,2026-08-09,BORGOU,BOR_Par_09,Okédama,P2AE_PBA_HTA,PBA 13C800,
P2AE-INT-bcd5b057-6bba8d31,P2AE-INT-bcd5b057,a9ef7a981,058e9b6a,➕ Saisie du jour,2.0,,2.0,2026-08-09,BORGOU,BOR_Par_09,Okédama,P2AE_PBA_HTA,PBA 11A1250,
P2AE-INT-bcd5b057-01dde4ae,P2AE-INT-bcd5b057,a9ef7a981,46cfa5f8,➕ Saisie du jour,2.0,,2.0,2026-08-09,BORGOU,BOR_Par_09,Okédama,P2AE_PBA_HTA,PBA 12A800,
P2AE-INT-a0755146-070e217e,P2AE-INT-a0755146,c3a68e3f1,2ec17c4d,➕ Saisie du jour,10.0,,10.0,2026-08-09,ALIBORI,ALI_Gog_03,Bagou-Yankpanou,P2AE_PBA_BT,PBA 9A200,
P2AE-INT-a0755146-1ab7280e,P2AE-INT-a0755146,c3a68e3f1,215ac167,➕ Saisie du jour,12.0,,12.0,2026-08-09,ALIBORI,ALI_Gog_03,Bagou-Yankpanou,P2AE_PBA_BT,PBA 9A650,
P2AE-INT-a0755146-a9657888,P2AE-INT-a0755146,c3a68e3f1,9c6af0a4,➕ Saisie du jour,5.0,,5.0,2026-08-09,ALIBORI,ALI_Gog_03,Bagou-Yankpanou,P2AE_PBA_BT,PBA 9C650,
P2AE-INT-c13d78ad-db1b35ce,P2AE-INT-c13d78ad,9c6af0a41,215ac167,➕ Saisie du jour,5.0,,5.0,2026-08-09,DONGA,DON_Oua_04,Talina,P2AE_PBA_BT,PBA 9A650,
P2AE-INT-af271126-102f234c,P2AE-INT-af271126,9c6af0a41,215ac167,➕ Saisie du jour,23.0,,23.0,2026-08-09,DONGA,DON_Oua_03,Itchodè,P2AE_PBA_BT,PBA 9A650,
P2AE-INT-61cd9cb6-268562a0,P2AE-INT-61cd9cb6,f64fbc641,21f4f4d7,➕ Saisie du jour,1.0,,1.0,2026-08-10,ATACORA,ATA_Nat_01,Kotopounga,P2AE_IACM,IACM,
P2AE-INT-61cd9cb6-3e3516c8,P2AE-INT-61cd9cb6,f64fbc641,a4425df9,➕ Saisie du jour,1.0,,1.0,2026-08-10,ATACORA,ATA_Nat_01,Kotopounga,P2AE_DMT,Point Double DMT-CC,
P2AE-INT-34fdffec-90dc16d1,P2AE-INT-34fdffec,f64fbc641,e9e0a228,➕ Saisie du jour,49.72,,49.72,2026-08-10,ATACORA,ATA_Nat_01,Kotopounga,P2AE_Cable_HTA,ASTER 54mm²,
P2AE-INT-b7757d7f-0875ff95,P2AE-INT-b7757d7f,f64fbc641,59dc5a38,➕ Saisie du jour,207.0,,207.0,2026-08-10,ATACORA,ATA_Nat_03,Yimporima,P2AE_Cable_BT,PRC 70mm²,
P2AE-INT-f4175d8a-6bdcda95,P2AE-INT-f4175d8a,f64fbc641,002f1a3d,➕ Saisie du jour,8.0,,8.0,2026-08-10,ATACORA,ATA_Nat_10,Yokossi,P2AE_Terre,Mise à la terre,
P2AE-INT-b311ea5c-a2dce5aa,P2AE-INT-b311ea5c,f64fbc641,cd39f595,➕ Saisie du jour,4.0,,4.0,2026-08-10,ATACORA,ATA_Nat_12,Kantchagoutamou,P2AE_PBA_HTA,PBA 13A400,
P2AE-INT-b311ea5c-b384c02e,P2AE-INT-b311ea5c,f64fbc641,d6344558,➕ Saisie du jour,4.0,,4.0,2026-08-10,ATACORA,ATA_Nat_12,Kantchagoutamou,P2AE_PBA_HTA,PBA 13C800,
P2AE-INT-c66aa883-4df48708,P2AE-INT-c66aa883,f64fbc641,d6344558,➕ Saisie du jour,1.0,,1.0,2026-08-11,ATACORA,ATA_Nat_05,Ouroubouga,P2AE_PBA_HTA,PBA 13C800,
P2AE-INT-c66aa883-908b3d91,P2AE-INT-c66aa883,f64fbc641,46cfa5f8,➕ Saisie du jour,1.0,,1.0,2026-08-11,ATACORA,ATA_Nat_05,Ouroubouga,P2AE_PBA_HTA,PBA 12A800,
P2AE-INT-c66aa883-10c77df3,P2AE-INT-c66aa883,f64fbc641,9c6af0a4,➕ Saisie du jour,1.0,,1.0,2026-08-11,ATACORA,ATA_Nat_05,Ouroubouga,P2AE_PBA_BT,PBA 9C650,
P2AE-INT-98cc639e-5424a566,P2AE-INT-98cc639e,f64fbc641,d6344558,➕ Saisie du jour,2.0,,2.0,2026-08-11,ATACORA,ATA_Nat_07,Boriyouré,P2AE_PBA_HTA,PBA 13C800,
P2AE-INT-6f250713-90a2782e,P2AE-INT-6f250713,f64fbc641,d6344558,➕ Saisie du jour,1.0,,1.0,2026-08-11,ATACORA,ATA_Nat_02,Winkè,P2AE_PBA_HTA,PBA 13C800,
P2AE-INT-8127343a-bc8ec054,P2AE-INT-8127343a,f64fbc641,d6344558,➕ Saisie du jour,1.0,,1.0,2026-08-11,ATACORA,ATA_Nat_02,Winkè,P2AE_PBA_HTA,PBA 13C800,
P2AE-INT-7169c602-a96d8a67,P2AE-INT-7169c602,f64fbc641,d6344558,➕ Saisie du jour,1.0,,1.0,2026-08-11,ATACORA,ATA_Nat_04,Kantaborifa,P2AE_PBA_HTA,PBA 13C800,
P2AE-INT-3f0687d2-460add60,P2AE-INT-3f0687d2,f64fbc641,002f1a3d,➕ Saisie du jour,3.0,,3.0,2026-08-12,ATACORA,ATA_Nat_11,Tchrimina,P2AE_Terre,Mise à la terre,
P2AE-INT-0b1e1b56-4e1b1386,P2AE-INT-0b1e1b56,f64fbc641,215ac167,➕ Saisie du jour,2.0,,2.0,2026-08-12,ATACORA,ATA_Nat_03,Yimporima,P2AE_PBA_BT,PBA 9A650,
P2AE-INT-1a5ab013-49d6e586,P2AE-INT-1a5ab013,f64fbc641,215ac167,➕ Saisie du jour,2.0,,2.0,2026-08-12,ATACORA,ATA_Nat_09,Dassakaté,P2AE_PBA_BT,PBA 9A650,
P2AE-INT-0dcf5df5-0df3eb5a,P2AE-INT-0dcf5df5,f64fbc641,215ac167,➕ Saisie du jour,2.0,,2.0,2026-08-12,ATACORA,ATA_Nat_05,Ouroubouga,P2AE_PBA_BT,PBA 9A650,
P2AE-INT-1543be51-899f5b53,P2AE-INT-1543be51,f64fbc641,002f1a3d,➕ Saisie du jour,2.0,,2.0,2026-08-13,ATACORA,ATA_Nat_03,Yimporima,P2AE_Terre,Mise à la terre,
P2AE-INT-e5756e20-51e52a25,P2AE-INT-e5756e20,f64fbc641,002f1a3d,➕ Saisie du jour,1.0,,1.0,2026-08-13,ATACORA,ATA_Nat_11,Tchrimina,P2AE_Terre,Mise à la terre,
P2AE-INT-d574e3bb-7022a627,P2AE-INT-d574e3bb,f64fbc641,e9e0a228,➕ Saisie du jour,84.91,,84.91,2026-08-12,ATACORA,ATA_Nat_01,Kotopounga,P2AE_Cable_HTA,ASTER 54mm²,
P2AE-INT-28c8bd14-c533c7ed,P2AE-INT-28c8bd14,f64fbc641,e9e0a228,➕ Saisie du jour,102.0,,102.0,2026-08-13,ATACORA,ATA_Nat_01,Kotopounga,P2AE_Cable_HTA,ASTER 54mm²,
P2AE-INT-516d9513-9bbe0e88,P2AE-INT-516d9513,a9ef7a981,f03cfc0b,🎯 Cumul total à date,,47.0,1.0,2026-08-02,BORGOU,BOR_Par_05,Bahmora,P2AE_Fouille_HTA,Fouille réseau haute tension,
P2AE-INT-516d9513-a374d743,P2AE-INT-516d9513,a9ef7a981,e221b25e,🎯 Cumul total à date,,406.0,51.0,2026-08-02,BORGOU,BOR_Par_05,Bahmora,P2AE_Fouille_BT,Fouille réseau basse tension,
P2AE-INT-cd5e6a3e-1da6daef,P2AE-INT-cd5e6a3e,f64fbc641,d6344558,➕ Saisie du jour,1.0,,1.0,2026-08-14,ATACORA,ATA_Nat_08,Ouroubonna,P2AE_PBA_HTA,PBA 13C800,
P2AE-INT-cd5e6a3e-86f3ea2a,P2AE-INT-cd5e6a3e,f64fbc641,e9e0a228,➕ Saisie du jour,80.0,,80.0,2026-08-14,ATACORA,ATA_Nat_08,Ouroubonna,P2AE_Cable_HTA,ASTER 54mm²,
P2AE-INT-ee22de79-61e80b60,P2AE-INT-ee22de79,f64fbc641,59dc5a38,➕ Saisie du jour,616.0,,616.0,2026-08-14,ATACORA,ATA_Nat_12,Kantchagoutamou,P2AE_Cable_BT,PRC 70mm²,
P2AE-INT-9dceb5b5-4d60ce11,P2AE-INT-9dceb5b5,f64fbc641,8e6b4946,➕ Saisie du jour,543.0,,543.0,2026-08-15,ATACORA,ATA_Nat_12,Kantchagoutamou,P2AE_Cable_BT,PRC 50mm²,
P2AE-INT-9dceb5b5-2f630ca3,P2AE-INT-9dceb5b5,f64fbc641,002f1a3d,➕ Saisie du jour,9.0,,9.0,2026-08-15,ATACORA,ATA_Nat_12,Kantchagoutamou,P2AE_Terre,Mise à la terre,
P2AE-INT-99540c4a-d53ed336,P2AE-INT-99540c4a,29ef61f51,2ec17c4d,➕ Saisie du jour,18.0,,18.0,2026-08-15,BORGOU,BOR_Dal_02,Tounré,P2AE_PBA_BT,PBA 9A200,
P2AE-INT-99540c4a-fd8c22be,P2AE-INT-99540c4a,29ef61f51,215ac167,➕ Saisie du jour,20.0,,20.0,2026-08-15,BORGOU,BOR_Dal_02,Tounré,P2AE_PBA_BT,PBA 9A650,
P2AE-INT-99540c4a-d7adb32a,P2AE-INT-99540c4a,29ef61f51,26e8ec03,➕ Saisie du jour,1.0,,1.0,2026-08-15,BORGOU,BOR_Dal_02,Tounré,P2AE_PBA_HTA,PBA 11C650,1.0
P2AE-INT-99540c4a-1a71f91b,P2AE-INT-99540c4a,29ef61f51,058e9b6a,➕ Saisie du jour,1.0,,1.0,2026-08-15,BORGOU,BOR_Dal_02,Tounré,P2AE_PBA_HTA,PBA 11A1250,
P2AE-INT-99540c4a-52314bf2,P2AE-INT-99540c4a,29ef61f51,46cfa5f8,➕ Saisie du jour,1.0,,1.0,2026-08-15,BORGOU,BOR_Dal_02,Tounré,P2AE_PBA_HTA,PBA 12A800,
P2AE-INT-99540c4a-959d2103,P2AE-INT-99540c4a,29ef61f51,cd39f595,➕ Saisie du jour,4.0,,4.0,2026-08-15,BORGOU,BOR_Dal_02,Tounré,P2AE_PBA_HTA,PBA 13A400,
P2AE-INT-99540c4a-ccaae6ec,P2AE-INT-99540c4a,29ef61f51,d6344558,➕ Saisie du jour,3.0,,3.0,2026-08-15,BORGOU,BOR_Dal_02,Tounré,P2AE_PBA_HTA,PBA 13C800,
P2AE-INT-01ecf346-51e0127c,P2AE-INT-01ecf346,a9ef7a981,2ec17c4d,➕ Saisie du jour,21.0,,21.0,2026-08-15,BORGOU,BOR_Par_07,Thian,P2AE_PBA_BT,PBA 9A200,
P2AE-INT-01ecf346-41424675,P2AE-INT-01ecf346,a9ef7a981,215ac167,➕ Saisie du jour,21.0,,21.0,2026-08-15,BORGOU,BOR_Par_07,Thian,P2AE_PBA_BT,PBA 9A650,
P2AE-INT-01ecf346-020d31d1,P2AE-INT-01ecf346,a9ef7a981,9c6af0a4,➕ Saisie du jour,4.0,,4.0,2026-08-15,BORGOU,BOR_Par_07,Thian,P2AE_PBA_BT,PBA 9C650,
P2AE-INT-01ecf346-ef66a0a4,P2AE-INT-01ecf346,a9ef7a981,29ef61f5,➕ Saisie du jour,1.0,,1.0,2026-08-15,BORGOU,BOR_Par_07,Thian,P2AE_PBA_BT,PBA 11C650,
P2AE-INT-01ecf346-a673000a,P2AE-INT-01ecf346,a9ef7a981,e290ece0,➕ Saisie du jour,1.0,,1.0,2026-08-15,BORGOU,BOR_Par_07,Thian,P2AE_PBA_HTA,PBA 12A1250,1.0
P2AE-INT-01ecf346-e370cfbe,P2AE-INT-01ecf346,a9ef7a981,d6344558,➕ Saisie du jour,3.0,,3.0,2026-08-15,BORGOU,BOR_Par_07,Thian,P2AE_PBA_HTA,PBA 13C800,
P2AE-INT-01ecf346-b50bf560,P2AE-INT-01ecf346,a9ef7a981,cd39f595,➕ Saisie du jour,3.0,,3.0,2026-08-15,BORGOU,BOR_Par_07,Thian,P2AE_PBA_HTA,PBA 13A400,
P2AE-INT-01ecf346-833d4c88,P2AE-INT-01ecf346,a9ef7a981,50dc40e9,➕ Saisie du jour,1.0,,1.0,2026-08-15,BORGOU,BOR_Par_07,Thian,P2AE_PBA_HTA,PBA 13C1250,
P2AE-INT-6ef36aed-ddd5a03c,P2AE-INT-6ef36aed,29ef61f51,2ec17c4d,➕ Saisie du jour,15.0,,15.0,2026-08-15,BORGOU,BOR_Dal_03,Komiguéa,P2AE_PBA_BT,PBA 9A200,
P2AE-INT-6ef36aed-411616ea,P2AE-INT-6ef36aed,29ef61f51,215ac167,➕ Saisie du jour,37.0,,37.0,2026-08-15,BORGOU,BOR_Dal_03,Komiguéa,P2AE_PBA_BT,PBA 9A650,
P2AE-INT-6ef36aed-f0ccb302,P2AE-INT-6ef36aed,29ef61f51,9c6af0a4,➕ Saisie du jour,6.0,,6.0,2026-08-15,BORGOU,BOR_Dal_03,Komiguéa,P2AE_PBA_BT,PBA 9C650,
P2AE-INT-ffe06ee0-be0cec01,P2AE-INT-ffe06ee0,c3a68e3f1,2ec17c4d,➕ Saisie du jour,23.0,,23.0,2026-08-16,ALIBORI,ALI_Gog_01,Wara,P2AE_PBA_BT,PBA 9A200,
P2AE-INT-ffe06ee0-13cbe98d,P2AE-INT-ffe06ee0,c3a68e3f1,215ac167,➕ Saisie du jour,11.0,,11.0,2026-08-16,ALIBORI,ALI_Gog_01,Wara,P2AE_PBA_BT,PBA 9A650,
P2AE-INT-ffe06ee0-c6f79b0e,P2AE-INT-ffe06ee0,c3a68e3f1,9c6af0a4,➕ Saisie du jour,4.0,,4.0,2026-08-16,ALIBORI,ALI_Gog_01,Wara,P2AE_PBA_BT,PBA 9C650,
P2AE-INT-ffe06ee0-10b1ef78,P2AE-INT-ffe06ee0,c3a68e3f1,46cfa5f8,➕ Saisie du jour,5.0,,5.0,2026-08-16,ALIBORI,ALI_Gog_01,Wara,P2AE_PBA_HTA,PBA 12A800,
P2AE-INT-ffe06ee0-d2ae9c52,P2AE-INT-ffe06ee0,c3a68e3f1,152ada8c,➕ Saisie du jour,1.0,,1.0,2026-08-16,ALIBORI,ALI_Gog_01,Wara,P2AE_TFO,Transformateur 100 kVA,
P2AE-INT-ffe06ee0-c002fb55,P2AE-INT-ffe06ee0,c3a68e3f1,21f4f4d7,➕ Saisie du jour,1.0,,1.0,2026-08-16,ALIBORI,ALI_Gog_01,Wara,P2AE_IACM,IACM,
P2AE-INT-ffe06ee0-381bca4d,P2AE-INT-ffe06ee0,c3a68e3f1,002f1a3d,➕ Saisie du jour,10.0,,10.0,2026-08-16,ALIBORI,ALI_Gog_01,Wara,P2AE_Terre,Mise à la terre,
P2AE-INT-ffe06ee0-97e1d676,P2AE-INT-ffe06ee0,c3a68e3f1,e221b25e,🎯 Cumul total à date,,94.0,36.0,2026-08-16,ALIBORI,ALI_Gog_01,Wara,P2AE_Fouille_BT,Fouille réseau basse tension,
P2AE-INT-ffe06ee0-fb14b1ce,P2AE-INT-ffe06ee0,c3a68e3f1,f03cfc0b,🎯 Cumul total à date,,5.0,4.0,2026-08-16,ALIBORI,ALI_Gog_01,Wara,P2AE_Fouille_HTA,Fouille réseau haute tension,
P2AE-INT-ffe06ee0-14454277,P2AE-INT-ffe06ee0,c3a68e3f1,e9e0a228,➕ Saisie du jour,75.0,,75.0,2026-08-16,ALIBORI,ALI_Gog_01,Wara,P2AE_Cable_HTA,ASTER 54mm²,
P2AE-INT-319909bc-7285ffd3,P2AE-INT-319909bc,f64fbc641,fbeef696,➕ Saisie du jour,19.0,,19.0,2026-08-17,ATACORA,ATA_Nat_02,Winkè,P2AE_EP,EP,
P2AE-INT-319909bc-cf0b2566,P2AE-INT-319909bc,f64fbc641,002f1a3d,➕ Saisie du jour,9.0,,9.0,2026-08-17,ATACORA,ATA_Nat_02,Winkè,P2AE_Terre,Mise à la terre,
P2AE-INT-bd90b1eb-6f58b40a,P2AE-INT-bd90b1eb,,2ec17c4d,➕ Saisie du jour,1.0,,1.0,2026-08-18,ATACORA,ATA_Nat_06,Perma-centre,P2AE_PBA_BT,PBA 9A200,
P2AE-INT-bd90b1eb-41d63226,P2AE-INT-bd90b1eb,,215ac167,➕ Saisie du jour,5.0,,5.0,2026-08-18,ATACORA,ATA_Nat_06,Perma-centre,P2AE_PBA_BT,PBA 9A650,
P2AE-INT-bd90b1eb-46752095,P2AE-INT-bd90b1eb,,29ef61f5,➕ Saisie du jour,1.0,,1.0,2026-08-18,ATACORA,ATA_Nat_06,Perma-centre,P2AE_PBA_BT,PBA 11C650,
P2AE-INT-bd90b1eb-d4d5280c,P2AE-INT-bd90b1eb,,058e9b6a,➕ Saisie du jour,1.0,,1.0,2026-08-18,ATACORA,ATA_Nat_06,Perma-centre,P2AE_PBA_HTA,PBA 11A1250,
P2AE-INT-bb51f6cd-2b5c133f,P2AE-INT-bb51f6cd,215bc1671,d6344558,➕ Saisie du jour,1.0,,1.0,2026-08-15,DONGA,DON_Djo_01,Founga,P2AE_PBA_HTA,PBA 13C800,
P2AE-INT-953100bf-ea27d0ed,P2AE-INT-953100bf,215bc1671,26e8ec03,➕ Saisie du jour,1.0,,1.0,2026-08-15,DONGA,DON_Djo_05,Danogou,P2AE_PBA_HTA,PBA 11C650,
P2AE-INT-eb76d3e5-9da12f71,P2AE-INT-eb76d3e5,215bc1671,2ec17c4d,➕ Saisie du jour,6.0,,6.0,2026-08-15,DONGA,DON_Djo_04,Nagatchori,P2AE_PBA_BT,PBA 9A200,
P2AE-INT-eb76d3e5-b971bf8c,P2AE-INT-eb76d3e5,215bc1671,215ac167,➕ Saisie du jour,9.0,,9.0,2026-08-15,DONGA,DON_Djo_04,Nagatchori,P2AE_PBA_BT,PBA 9A650,
P2AE-INT-eb76d3e5-0918327a,P2AE-INT-eb76d3e5,215bc1671,26e8ec03,➕ Saisie du jour,1.0,,1.0,2026-08-15,DONGA,DON_Djo_04,Nagatchori,P2AE_PBA_HTA,PBA 11C650,
P2AE-INT-eb76d3e5-b4be37b7,P2AE-INT-eb76d3e5,215bc1671,d6344558,➕ Saisie du jour,8.0,,8.0,2026-08-15,DONGA,DON_Djo_04,Nagatchori,P2AE_PBA_HTA,PBA 13C800,
P2AE-INT-eb76d3e5-cdc5b856,P2AE-INT-eb76d3e5,215bc1671,cd39f595,➕ Saisie du jour,12.0,,12.0,2026-08-15,DONGA,DON_Djo_04,Nagatchori,P2AE_PBA_HTA,PBA 13A400,
P2AE-INT-eb76d3e5-ba6f7b12,P2AE-INT-eb76d3e5,215bc1671,46cfa5f8,➕ Saisie du jour,1.0,,1.0,2026-08-15,DONGA,DON_Djo_04,Nagatchori,P2AE_PBA_HTA,PBA 12A800,
P2AE-INT-239ef2d3-62c4b810,P2AE-INT-239ef2d3,9c6af0a41,2ec17c4d,➕ Saisie du jour,6.0,,6.0,2026-08-15,DONGA,DON_Oua_04,Talina,P2AE_PBA_BT,PBA 9A200,
P2AE-INT-239ef2d3-395648a6,P2AE-INT-239ef2d3,9c6af0a41,215ac167,➕ Saisie du jour,42.0,,42.0,2026-08-15,DONGA,DON_Oua_04,Talina,P2AE_PBA_BT,PBA 9A650,
P2AE-INT-239ef2d3-7a4390d9,P2AE-INT-239ef2d3,9c6af0a41,26e8ec03,➕ Saisie du jour,2.0,,2.0,2026-08-15,DONGA,DON_Oua_04,Talina,P2AE_PBA_HTA,PBA 11C650,
P2AE-INT-239ef2d3-60d10b8f,P2AE-INT-239ef2d3,9c6af0a41,46cfa5f8,➕ Saisie du jour,2.0,,2.0,2026-08-15,DONGA,DON_Oua_04,Talina,P2AE_PBA_HTA,PBA 12A800,
P2AE-INT-374bd5b4-0965df8a,P2AE-INT-374bd5b4,9c6af0a41,2ec17c4d,➕ Saisie du jour,3.0,,3.0,2026-08-15,DONGA,DON_Oua_03,Itchodè,P2AE_PBA_BT,PBA 9A200,
P2AE-INT-374bd5b4-0a241300,P2AE-INT-374bd5b4,9c6af0a41,215ac167,➕ Saisie du jour,26.0,,26.0,2026-08-15,DONGA,DON_Oua_03,Itchodè,P2AE_PBA_BT,PBA 9A650,
P2AE-INT-374bd5b4-980c14a5,P2AE-INT-374bd5b4,9c6af0a41,26e8ec03,➕ Saisie du jour,1.0,,1.0,2026-08-15,DONGA,DON_Oua_03,Itchodè,P2AE_PBA_HTA,PBA 11C650,
P2AE-INT-374bd5b4-50e2092f,P2AE-INT-374bd5b4,9c6af0a41,46cfa5f8,➕ Saisie du jour,1.0,,1.0,2026-08-15,DONGA,DON_Oua_03,Itchodè,P2AE_PBA_HTA,PBA 12A800,
P2AE-INT-3d3a4f84-3bc70ae8,P2AE-INT-3d3a4f84,9c6af0a41,215ac167,➕ Saisie du jour,8.0,,8.0,2026-08-15,DONGA,DON_Oua_02,Komtcha,P2AE_PBA_BT,PBA 9A650,
P2AE-INT-3d3a4f84-9c4bae33,P2AE-INT-3d3a4f84,9c6af0a41,26e8ec03,➕ Saisie du jour,1.0,,1.0,2026-08-15,DONGA,DON_Oua_02,Komtcha,P2AE_PBA_HTA,PBA 11C650,
P2AE-INT-3d3a4f84-f57c378e,P2AE-INT-3d3a4f84,9c6af0a41,46cfa5f8,➕ Saisie du jour,1.0,,1.0,2026-08-15,DONGA,DON_Oua_02,Komtcha,P2AE_PBA_HTA,PBA 12A800,
P2AE-INT-61ac2ccd-28a33c5a,P2AE-INT-61ac2ccd,9c6af0a41,2ec17c4d,➕ Saisie du jour,8.0,,8.0,2026-08-15,DONGA,DON_Oua_01,Bohomdo,P2AE_PBA_BT,PBA 9A200,
P2AE-INT-61ac2ccd-da5a1a81,P2AE-INT-61ac2ccd,9c6af0a41,215ac167,➕ Saisie du jour,8.0,,8.0,2026-08-15,DONGA,DON_Oua_01,Bohomdo,P2AE_PBA_BT,PBA 9A650,
P2AE-INT-61ac2ccd-38f7e61a,P2AE-INT-61ac2ccd,9c6af0a41,29ef61f5,➕ Saisie du jour,1.0,,1.0,2026-08-15,DONGA,DON_Oua_01,Bohomdo,P2AE_PBA_BT,PBA 11C650,
P2AE-INT-61ac2ccd-13479431,P2AE-INT-61ac2ccd,9c6af0a41,46cfa5f8,➕ Saisie du jour,1.0,,1.0,2026-08-15,DONGA,DON_Oua_01,Bohomdo,P2AE_PBA_HTA,PBA 12A800,
P2AE-INT-61ac2ccd-082db798,P2AE-INT-61ac2ccd,215bc1671,29ef61f5,➕ Saisie du jour,1.0,,1.0,2026-08-15,DONGA,DON_Oua_01,Bohomdo,P2AE_PBA_BT,PBA 11C650,
P2AE-INT-507af9bc-70d265b6,P2AE-INT-507af9bc,f64fbc641,59dc5a38,➕ Saisie du jour,72.0,,72.0,2026-08-19,ATACORA,ATA_Nat_02,Winkè,P2AE_Cable_BT,PRC 70mm²,
P2AE-INT-507af9bc-789f035c,P2AE-INT-507af9bc,f64fbc641,fbeef696,➕ Saisie du jour,27.0,,27.0,2026-08-19,ATACORA,ATA_Nat_02,Winkè,P2AE_EP,EP,
P2AE-INT-5134363e-39cebbc0,P2AE-INT-5134363e,f64fbc641,cd39f595,➕ Saisie du jour,15.0,,15.0,2026-08-20,ATACORA,ATA_Nat_06,Perma-centre,P2AE_PBA_HTA,PBA 13A400,1.0
P2AE-INT-5134363e-48898b2b,P2AE-INT-5134363e,f64fbc641,d6344558,➕ Saisie du jour,2.0,,2.0,2026-08-20,ATACORA,ATA_Nat_06,Perma-centre,P2AE_PBA_HTA,PBA 13C800,
P2AE-INT-5134363e-848a1773,P2AE-INT-5134363e,f64fbc641,e9e0a228,➕ Saisie du jour,25.1,,25.1,2026-08-20,ATACORA,ATA_Nat_06,Perma-centre,P2AE_Cable_HTA,ASTER 54mm²,
P2AE-INT-8464fab9-ce8368df,P2AE-INT-8464fab9,f64fbc641,a4425df9,➕ Saisie du jour,1.0,,1.0,2026-08-17,ATACORA,ATA_Nat_02,Winkè,P2AE_DMT,Point Double DMT-CC,
P2AE-INT-7c3ab1f3-dbe76e95,P2AE-INT-7c3ab1f3,f64fbc641,e9e0a228,➕ Saisie du jour,49.0,,49.0,2026-08-21,ATACORA,ATA_Nat_04,Kantaborifa,P2AE_Cable_HTA,ASTER 54mm²,
P2AE-INT-7c3ab1f3-148f6c34,P2AE-INT-7c3ab1f3,f64fbc641,8e6b4946,➕ Saisie du jour,250.0,,250.0,2026-08-21,ATACORA,ATA_Nat_04,Kantaborifa,P2AE_Cable_BT,PRC 50mm²,
P2AE-INT-c430c1a6-ac86f3e0,P2AE-INT-c430c1a6,f64fbc641,fbeef696,➕ Saisie du jour,2.0,,2.0,2026-08-21,ATACORA,ATA_Nat_10,Yokossi,P2AE_EP,EP,
P2AE-INT-1feabdfc-bee1daaf,P2AE-INT-1feabdfc,f64fbc641,d6344558,➕ Saisie du jour,2.0,,2.0,2026-08-22,ATACORA,ATA_Nat_03,Yimporima,P2AE_PBA_HTA,PBA 13C800,
P2AE-INT-1feabdfc-8b4bbd5a,P2AE-INT-1feabdfc,f64fbc641,cd39f595,➕ Saisie du jour,4.0,,4.0,2026-08-22,ATACORA,ATA_Nat_03,Yimporima,P2AE_PBA_HTA,PBA 13A400,
P2AE-INT-1feabdfc-f87306cb,P2AE-INT-1feabdfc,f64fbc641,8e6b4946,➕ Saisie du jour,291.02,,291.02,2026-08-22,ATACORA,ATA_Nat_03,Yimporima,P2AE_Cable_BT,PRC 50mm²,
P2AE-INT-e9229c4b-916b79cf,P2AE-INT-e9229c4b,f64fbc641,002f1a3d,➕ Saisie du jour,9.0,,9.0,2026-08-22,ATACORA,ATA_Nat_04,Kantaborifa,P2AE_Terre,Mise à la terre,
P2AE-INT-e9229c4b-8015d88e,P2AE-INT-e9229c4b,f64fbc641,cd39f595,🎯 Cumul total à date,,2.0,1.0,2026-08-22,ATACORA,ATA_Nat_04,Kantaborifa,P2AE_PBA_HTA,PBA 13A400,
P2AE-INT-1d53587f-871b2817,P2AE-INT-1d53587f,f64fbc641,21f4f4d7,➕ Saisie du jour,1.0,,1.0,2026-08-11,ATACORA,ATA_Nat_08,Ouroubonna,P2AE_IACM,IACM,
P2AE-INT-dd301979-888fb98f,P2AE-INT-dd301979,c3a68e3f1,2ec17c4d,➕ Saisie du jour,4.0,,4.0,2026-08-22,ALIBORI,ALI_Gog_01,Wara,P2AE_PBA_BT,PBA 9A200,
P2AE-INT-dd301979-aab80895,P2AE-INT-dd301979,c3a68e3f1,215ac167,➕ Saisie du jour,5.0,,5.0,2026-08-22,ALIBORI,ALI_Gog_01,Wara,P2AE_PBA_BT,PBA 9A650,
P2AE-INT-dd301979-eba2d500,P2AE-INT-dd301979,c3a68e3f1,9c6af0a4,➕ Saisie du jour,5.0,,5.0,2026-08-22,ALIBORI,ALI_Gog_01,Wara,P2AE_PBA_BT,PBA 9C650,
P2AE-INT-dd301979-db1542db,P2AE-INT-dd301979,c3a68e3f1,8e6b4946,➕ Saisie du jour,3659.33,,3659.33,2026-08-22,ALIBORI,ALI_Gog_01,Wara,P2AE_Cable_BT,PRC 50mm²,
P2AE-INT-dd301979-95bc8c71,P2AE-INT-dd301979,c3a68e3f1,59dc5a38,➕ Saisie du jour,133.0,,133.0,2026-08-22,ALIBORI,ALI_Gog_01,Wara,P2AE_Cable_BT,PRC 70mm²,
P2AE-INT-dd301979-3677f94e,P2AE-INT-dd301979,c3a68e3f1,002f1a3d,➕ Saisie du jour,2.0,,2.0,2026-08-22,ALIBORI,ALI_Gog_01,Wara,P2AE_Terre,Mise à la terre,
P2AE-INT-dd301979-aa845495,P2AE-INT-dd301979,c3a68e3f1,fbeef696,➕ Saisie du jour,40.0,,40.0,2026-08-22,ALIBORI,ALI_Gog_01,Wara,P2AE_EP,EP,
P2AE-INT-dd301979-2123bd03,P2AE-INT-dd301979,c3a68e3f1,e221b25e,🎯 Cumul total à date,,110.0,16.0,2026-08-22,ALIBORI,ALI_Gog_01,Wara,P2AE_Fouille_BT,Fouille réseau basse tension,
P2AE-INT-dd301979-3269e5f0,P2AE-INT-dd301979,c3a68e3f1,f03cfc0b,🎯 Cumul total à date,,7.0,2.0,2026-08-22,ALIBORI,ALI_Gog_01,Wara,P2AE_Fouille_HTA,Fouille réseau haute tension,
P2AE-INT-a1180159-9968f499,P2AE-INT-a1180159,a9ef7a981,2ec17c4d,➕ Saisie du jour,10.0,,10.0,2026-08-22,BORGOU,BOR_Par_02,Banikani-Rose-croix,P2AE_PBA_BT,PBA 9A200,
P2AE-INT-a1180159-0a4566f1,P2AE-INT-a1180159,a9ef7a981,215ac167,➕ Saisie du jour,15.0,,15.0,2026-08-22,BORGOU,BOR_Par_02,Banikani-Rose-croix,P2AE_PBA_BT,PBA 9A650,
P2AE-INT-a1180159-1525d375,P2AE-INT-a1180159,a9ef7a981,9c6af0a4,➕ Saisie du jour,2.0,,2.0,2026-08-22,BORGOU,BOR_Par_02,Banikani-Rose-croix,P2AE_PBA_BT,PBA 9C650,
P2AE-INT-a1180159-839ef6ce,P2AE-INT-a1180159,a9ef7a981,058e9b6a,➕ Saisie du jour,1.0,,1.0,2026-08-22,BORGOU,BOR_Par_02,Banikani-Rose-croix,P2AE_PBA_HTA,PBA 11A1250,
P2AE-INT-a1180159-abb7adc6,P2AE-INT-a1180159,a9ef7a981,46cfa5f8,➕ Saisie du jour,1.0,,1.0,2026-08-22,BORGOU,BOR_Par_02,Banikani-Rose-croix,P2AE_PBA_HTA,PBA 12A800,
P2AE-INT-a1180159-73233f1b,P2AE-INT-a1180159,a9ef7a981,cd39f595,➕ Saisie du jour,9.0,,9.0,2026-08-22,BORGOU,BOR_Par_02,Banikani-Rose-croix,P2AE_PBA_HTA,PBA 13A400,
P2AE-INT-a1180159-38ce2c58,P2AE-INT-a1180159,a9ef7a981,d6344558,➕ Saisie du jour,6.0,,6.0,2026-08-22,BORGOU,BOR_Par_02,Banikani-Rose-croix,P2AE_PBA_HTA,PBA 13C800,
P2AE-INT-02db8d7b-0e6433bd,P2AE-INT-02db8d7b,a9ef7a981,2ec17c4d,➕ Saisie du jour,21.0,,21.0,2026-08-22,BORGOU,BOR_Par_07,Thian,P2AE_PBA_BT,PBA 9A200,
P2AE-INT-02db8d7b-cca3b60c,P2AE-INT-02db8d7b,a9ef7a981,215ac167,➕ Saisie du jour,22.0,,22.0,2026-08-22,BORGOU,BOR_Par_07,Thian,P2AE_PBA_BT,PBA 9A650,
P2AE-INT-6a122d66-b6d20b1a,P2AE-INT-6a122d66,a9ef7a981,2ec17c4d,➕ Saisie du jour,10.0,,10.0,2026-08-22,BORGOU,BOR_Par_04,Guerma,P2AE_PBA_BT,PBA 9A200,
P2AE-INT-6a122d66-81409c64,P2AE-INT-6a122d66,a9ef7a981,215ac167,➕ Saisie du jour,17.0,,17.0,2026-08-22,BORGOU,BOR_Par_04,Guerma,P2AE_PBA_BT,PBA 9A650,
P2AE-INT-3bdc2d47-cad51ec5,P2AE-INT-3bdc2d47,a9ef7a981,2ec17c4d,➕ Saisie du jour,1.0,,1.0,2026-08-22,BORGOU,BOR_Par_08,Kpérou-Guéra,P2AE_PBA_BT,PBA 9A200,
P2AE-INT-3bdc2d47-f9a87f94,P2AE-INT-3bdc2d47,a9ef7a981,9c6af0a4,➕ Saisie du jour,1.0,,1.0,2026-08-22,BORGOU,BOR_Par_08,Kpérou-Guéra,P2AE_PBA_BT,PBA 9C650,
P2AE-INT-3bdc2d47-17bf12c2,P2AE-INT-3bdc2d47,a9ef7a981,d6344558,➕ Saisie du jour,2.0,,2.0,2026-08-22,BORGOU,BOR_Par_08,Kpérou-Guéra,P2AE_PBA_HTA,PBA 13C800,
P2AE-INT-3bdc2d47-9c8f1598,P2AE-INT-3bdc2d47,a9ef7a981,8e6b4946,➕ Saisie du jour,550.54,,550.54,2026-08-22,BORGOU,BOR_Par_08,Kpérou-Guéra,P2AE_Cable_BT,PRC 50mm²,
P2AE-INT-3bdc2d47-b76f419f,P2AE-INT-3bdc2d47,a9ef7a981,630f858d,➕ Saisie du jour,43.1,,43.1,2026-08-22,BORGOU,BOR_Par_08,Kpérou-Guéra,P2AE_Cable_HTA,ASTER 75mm²,
P2AE-INT-32e7b2cc-caa3af90,P2AE-INT-32e7b2cc,a9ef7a981,215ac167,➕ Saisie du jour,3.0,,3.0,2026-08-22,BORGOU,BOR_Par_09,Okédama,P2AE_PBA_BT,PBA 9A650,
P2AE-INT-3bdc2d47-ce25b90a,P2AE-INT-3bdc2d47,a9ef7a981,a4425df9,➕ Saisie du jour,3.0,,3.0,2026-08-22,BORGOU,BOR_Par_08,Kpérou-Guéra,P2AE_DMT,Point Double DMT-CC,
P2AE-INT-37204b56-74ade75d,P2AE-INT-37204b56,526229bb1,2ec17c4d,➕ Saisie du jour,12.0,,12.0,2026-08-22,DONGA,DON_Bas_01,Partago,P2AE_PBA_BT,PBA 9A200,
P2AE-INT-37204b56-c0c593fa,P2AE-INT-37204b56,526229bb1,215ac167,➕ Saisie du jour,9.0,,9.0,2026-08-22,DONGA,DON_Bas_01,Partago,P2AE_PBA_BT,PBA 9A650,
P2AE-INT-03d61851-3eda15ce,P2AE-INT-03d61851,526229bb1,215ac167,➕ Saisie du jour,7.0,,7.0,2026-08-22,DONGA,DON_Bas_04,Tchimbéri,P2AE_PBA_BT,PBA 9A650,
P2AE-INT-b3903feb-3e9d7e71,P2AE-INT-b3903feb,526229bb1,215ac167,➕ Saisie du jour,3.0,,3.0,2026-08-22,DONGA,DON_Bas_03,Akaradè,P2AE_PBA_BT,PBA 9A650,
P2AE-INT-5c565b79-713a0d0b,P2AE-INT-5c565b79,9c6af0a41,2ec17c4d,➕ Saisie du jour,2.0,,2.0,2026-08-22,DONGA,DON_Oua_04,Talina,P2AE_PBA_BT,PBA 9A200,
P2AE-INT-5c565b79-2ef2d8e9,P2AE-INT-5c565b79,9c6af0a41,215ac167,➕ Saisie du jour,10.0,,10.0,2026-08-22,DONGA,DON_Oua_04,Talina,P2AE_PBA_BT,PBA 9A650,
P2AE-INT-af21ce59-47ba3b5a,P2AE-INT-af21ce59,9c6af0a41,215ac167,➕ Saisie du jour,11.0,,11.0,2026-08-22,DONGA,DON_Oua_02,Komtcha,P2AE_PBA_BT,PBA 9A650,
P2AE-INT-80b23a0a-030fc941,P2AE-INT-80b23a0a,9c6af0a41,2ec17c4d,➕ Saisie du jour,1.0,,1.0,2026-08-22,DONGA,DON_Oua_01,Bohomdo,P2AE_PBA_BT,PBA 9A200,
P2AE-INT-80b23a0a-e0d968e1,P2AE-INT-80b23a0a,9c6af0a41,215ac167,➕ Saisie du jour,22.0,,22.0,2026-08-22,DONGA,DON_Oua_01,Bohomdo,P2AE_PBA_BT,PBA 9A650,
P2AE-INT-4877c19a-e7e4beaa,P2AE-INT-4877c19a,215bc1671,215ac167,➕ Saisie du jour,1.0,,1.0,2026-08-22,DONGA,DON_Djo_04,Nagatchori,P2AE_PBA_BT,PBA 9A650,
P2AE-INT-4877c19a-c3570193,P2AE-INT-4877c19a,215bc1671,21f4f4d7,➕ Saisie du jour,1.0,,1.0,2026-08-22,DONGA,DON_Djo_04,Nagatchori,P2AE_IACM,IACM,
P2AE-INT-b74dad4a-9246cc3a,P2AE-INT-b74dad4a,215bc1671,21f4f4d7,➕ Saisie du jour,4.0,,4.0,2026-08-22,DONGA,DON_Djo_01,Founga,P2AE_IACM,IACM,
P2AE-INT-d313f8df-67a096fd,P2AE-INT-d313f8df,526229bb1,21f4f4d7,➕ Saisie du jour,2.0,,2.0,2026-08-22,DONGA,DON_Bas_02,Oké-Igboélé,P2AE_IACM,IACM,
