ID_Helper,ID_Objectif,ID_Localite,ID_Tache,Designation,Qte_Prevue,Taches,Poids,Qte_Realisee,Taux_Realisation,Qte_Prevue_Total,Avancement_Pondere,Localite,Nom_Geo_1,Categorie
HC-1,1494a260,ATA_Nat_01,P2AE_PBA_BT,PBA 11C650,2.0,PBA_BT,0.42,2.0,1.0,158.0,0.005316455696202532,Kotopounga,ATACORA,Travaux BT
HC-2,add9a08b,ATA_Nat_01,P2AE_PBA_BT,PBA 9A200,80.0,PBA_BT,0.42,79.0,0.9875,158.0,0.21000000000000002,Kotopounga,ATACORA,Travaux BT
HC-3,f7e22a73,ATA_Nat_01,P2AE_PBA_BT,PBA 9A650,59.0,PBA_BT,0.42,60.0,1.0,158.0,0.15683544303797467,Kotopounga,ATACORA,Travaux BT
HC-4,9daac817,ATA_Nat_01,P2AE_PBA_BT,PBA 9C650,16.0,PBA_BT,0.42,16.0,1.0,158.0,0.042531645569620254,Kotopounga,ATACORA,Travaux BT
HC-5,d32b7c73,ATA_Nat_01,P2AE_PBA_BT,PBA 9C800,1.0,PBA_BT,0.42,1.0,1.0,158.0,0.002658227848101266,Kotopounga,ATACORA,Travaux BT
HC-6,7ca220cf,ATA_Nat_01,P2AE_PBA_HTA,PBA 11A1250,1.0,PBA_HTA,0.3,1.0,1.0,32.0,0.009375,Kotopounga,ATACORA,Travaux HTA
HC-7,f25d8a31,ATA_Nat_01,P2AE_PBA_HTA,PBA 12A800,1.0,PBA_HTA,0.3,1.0,1.0,32.0,0.009375,Kotopounga,ATACORA,Travaux HTA
HC-8,f44df385,ATA_Nat_01,P2AE_PBA_HTA,PBA 13A400,16.0,PBA_HTA,0.3,10.0,0.625,32.0,0.09375,Kotopounga,ATACORA,Travaux HTA
HC-9,2c9bad34,ATA_Nat_01,P2AE_PBA_HTA,PBA 13C800,13.0,PBA_HTA,0.3,9.0,0.6923076923076923,32.0,0.08437499999999999,Kotopounga,ATACORA,Travaux HTA
HC-10,6f531d60,ATA_Nat_01,P2AE_Cable_HTA,ASTER 54mm²,330.0,Cable_HTA,0.3333,236.63,0.7170606060606061,330.0,0.2389963,Kotopounga,ATACORA,Travaux HTA
HC-11,e2b7b307,ATA_Nat_01,P2AE_Cable_BT,PRC 50mm²,5080.0,Cable_BT,0.3111,3499.0,0.6887795275590551,7680.0,0.1417368359375,Kotopounga,ATACORA,Travaux BT
HC-12,4de0fea1,ATA_Nat_01,P2AE_Cable_BT,PRC 70mm²,2600.0,Cable_BT,0.3111,0.0,0.0,7680.0,0.0,Kotopounga,ATACORA,Travaux BT
HC-13,c6dc8cba,ATA_Nat_01,P2AE_DMT,Point Double DMT-CC,1.0,DMT-CC,0.0833,1.0,1.0,1.0,0.0833,Kotopounga,ATACORA,Travaux HTA
HC-14,f4d44e61,ATA_Nat_01,P2AE_IACM,IACM,1.0,IACM,0.0833,1.0,1.0,1.0,0.0833,Kotopounga,ATACORA,Travaux HTA
HC-15,5d1b86a4,ATA_Nat_01,P2AE_TFO,Transformateur 160 kVA,1.0,TFO,0.1667,0.0,0.0,1.0,0.0,Kotopounga,ATACORA,Travaux HTA
HC-16,68f7a4c9,ATA_Nat_01,P2AE_EP,EP,94.0,EP,0.1556,0.0,0.0,94.0,0.0,Kotopounga,ATACORA,Travaux BT
HC-17,98c61d8c,ATA_Nat_01,P2AE_Terre,Mise à la terre,62.0,Terre,0.0667,0.0,0.0,62.0,0.0,Kotopounga,ATACORA,Travaux BT
HC-18,27abf68c,ATA_Nat_01,P2AE_Fouille_HTA,Fouille réseau haute tension,31.0,Fouille_HTA,0.0333,31.0,1.0,31.0,0.0333,Kotopounga,ATACORA,Travaux HTA
HC-19,9d0c29d7,ATA_Nat_01,P2AE_Fouille_BT,Fouille réseau basse tension,159.0,Fouille_BT,0.0467,160.0,1.0,159.0,0.0467,Kotopounga,ATACORA,Travaux BT
HC-20,5e2740ac,ATA_Nat_02,P2AE_PBA_BT,PBA 11C650,2.0,PBA_BT,0.42,2.0,1.0,103.0,0.008155339805825241,Winkè,ATACORA,Travaux BT
HC-21,50d1465a,ATA_Nat_02,P2AE_PBA_BT,PBA 9A200,50.0,PBA_BT,0.42,51.0,1.0,103.0,0.20388349514563106,Winkè,ATACORA,Travaux BT
HC-22,fff89340,ATA_Nat_02,P2AE_PBA_BT,PBA 9A650,48.0,PBA_BT,0.42,48.0,1.0,103.0,0.19572815533980584,Winkè,ATACORA,Travaux BT
HC-23,f72a3fc7,ATA_Nat_02,P2AE_PBA_BT,PBA 9C650,3.0,PBA_BT,0.42,3.0,1.0,103.0,0.012233009708737865,Winkè,ATACORA,Travaux BT
HC-24,a0b7ff24,ATA_Nat_02,P2AE_PBA_HTA,PBA 11A1250,1.0,PBA_HTA,0.3,1.0,1.0,4.0,0.075,Winkè,ATACORA,Travaux HTA
HC-25,b6508e19,ATA_Nat_02,P2AE_PBA_HTA,PBA 12A800,1.0,PBA_HTA,0.3,1.0,1.0,4.0,0.075,Winkè,ATACORA,Travaux HTA
HC-26,a1b7ff24,ATA_Nat_02,P2AE_PBA_HTA,PBA 13C800,1.0,PBA_HTA,0.3,2.0,1.0,4.0,0.075,Winkè,ATACORA,Travaux HTA
HC-27,81c177c4,ATA_Nat_02,P2AE_Cable_HTA,ASTER 54mm²,73.4,Cable_HTA,0.3333,49.0,0.667574931880109,73.4,0.22250272479564032,Winkè,ATACORA,Travaux HTA
HC-28,f68258e6,ATA_Nat_02,P2AE_Cable_BT,PRC 50mm²,2950.0,Cable_BT,0.3111,2980.0,1.0,4180.0,0.21955622009569375,Winkè,ATACORA,Travaux BT
HC-29,fbeae7bf,ATA_Nat_02,P2AE_Cable_BT,PRC 70mm²,1230.0,Cable_BT,0.3111,1374.0,1.0,4180.0,0.0915437799043062,Winkè,ATACORA,Travaux BT
HC-30,7591d1d0,ATA_Nat_02,P2AE_DMT,Point Double DMT-CC,1.0,DMT-CC,0.0833,1.0,1.0,1.0,0.0833,Winkè,ATACORA,Travaux HTA
HC-31,af26eaba,ATA_Nat_02,P2AE_IACM,IACM,1.0,IACM,0.0833,1.0,1.0,1.0,0.0833,Winkè,ATACORA,Travaux HTA
HC-32,937b1e53,ATA_Nat_02,P2AE_TFO,Transformateur 160 kVA,1.0,TFO,0.1667,1.0,1.0,1.0,0.1667,Winkè,ATACORA,Travaux HTA
HC-33,3a692908,ATA_Nat_02,P2AE_EP,EP,46.0,EP,0.1556,46.0,1.0,46.0,0.1556,Winkè,ATACORA,Travaux BT
HC-34,002a8a20,ATA_Nat_02,P2AE_Terre,Mise à la terre,34.0,Terre,0.0667,34.0,1.0,34.0,0.0667,Winkè,ATACORA,Travaux BT
HC-35,6f459a90,ATA_Nat_02,P2AE_Fouille_HTA,Fouille réseau haute tension,3.0,Fouille_HTA,0.0333,3.0,1.0,3.0,0.0333,Winkè,ATACORA,Travaux HTA
HC-36,d2e34d0b,ATA_Nat_02,P2AE_Fouille_BT,Fouille réseau basse tension,104.0,Fouille_BT,0.0467,105.0,1.0,104.0,0.0467,Winkè,ATACORA,Travaux BT
HC-37,4e9fdffe,ATA_Nat_03,P2AE_PBA_BT,PBA 11C650,2.0,PBA_BT,0.42,2.0,1.0,539.0,0.0015584415584415584,Yimporima,ATACORA,Travaux BT
HC-38,c51be165,ATA_Nat_03,P2AE_PBA_BT,PBA 9A200,292.0,PBA_BT,0.42,291.0,0.9965753424657534,539.0,0.22675324675324673,Yimporima,ATACORA,Travaux BT
HC-39,4e9fdgfe,ATA_Nat_03,P2AE_PBA_BT,PBA 9A650,219.0,PBA_BT,0.42,222.0,1.0,539.0,0.17064935064935063,Yimporima,ATACORA,Travaux BT
HC-40,5c92c4a6,ATA_Nat_03,P2AE_PBA_BT,PBA 9C650,26.0,PBA_BT,0.42,23.0,0.8846153846153846,539.0,0.01792207792207792,Yimporima,ATACORA,Travaux BT
HC-41,e0b99835,ATA_Nat_03,P2AE_PBA_HTA,PBA 11A1250,3.0,PBA_HTA,0.3,3.0,1.0,86.0,0.010465116279069767,Yimporima,ATACORA,Travaux HTA
HC-42,c67b9eed,ATA_Nat_03,P2AE_PBA_HTA,PBA 12A800,4.0,PBA_HTA,0.3,3.0,0.75,86.0,0.010465116279069766,Yimporima,ATACORA,Travaux HTA
HC-43,d2c2e4fe,ATA_Nat_03,P2AE_PBA_HTA,PBA 13A400,48.0,PBA_HTA,0.3,38.0,0.7916666666666666,86.0,0.1325581395348837,Yimporima,ATACORA,Travaux HTA
HC-44,6540435b,ATA_Nat_03,P2AE_PBA_HTA,PBA 13C1250,1.0,PBA_HTA,0.3,1.0,1.0,86.0,0.0034883720930232558,Yimporima,ATACORA,Travaux HTA
HC-45,4202c815,ATA_Nat_03,P2AE_PBA_HTA,PBA 13C800,27.0,PBA_HTA,0.3,26.0,0.9629629629629629,86.0,0.09069767441860464,Yimporima,ATACORA,Travaux HTA
HC-46,3c0c9fd1,ATA_Nat_03,P2AE_Cable_HTA,ASTER 54mm²,1500.0,Cable_HTA,0.3333,1502.0,1.0,2850.0,0.17542105263157892,Yimporima,ATACORA,Travaux HTA
HC-47,d315473f,ATA_Nat_03,P2AE_Cable_HTA,ASTER 75mm²,1350.0,Cable_HTA,0.3333,941.0,0.697037037037037,2850.0,0.1100474736842105,Yimporima,ATACORA,Travaux HTA
HC-48,9f11f717,ATA_Nat_03,P2AE_Cable_BT,PRC 50mm²,18980.0,Cable_BT,0.3111,17486.97,0.921336670179136,25510.0,0.21325740364562915,Yimporima,ATACORA,Travaux BT
HC-49,51d6e5b9,ATA_Nat_03,P2AE_Cable_BT,PRC 70mm²,6530.0,Cable_BT,0.3111,3868.0,0.592343032159265,25510.0,0.04717110152881223,Yimporima,ATACORA,Travaux BT
HC-50,c9874f00,ATA_Nat_03,P2AE_DMT,Point Double DMT-CC,3.0,DMT-CC,0.0833,3.0,1.0,3.0,0.0833,Yimporima,ATACORA,Travaux HTA
HC-51,668671ea,ATA_Nat_03,P2AE_IACM,IACM,3.0,IACM,0.0833,3.0,1.0,3.0,0.0833,Yimporima,ATACORA,Travaux HTA
HC-52,c296ab46,ATA_Nat_03,P2AE_TFO,Transformateur 160 kVA,3.0,TFO,0.1667,3.0,1.0,3.0,0.1667,Yimporima,ATACORA,Travaux HTA
HC-53,ec97f54f,ATA_Nat_03,P2AE_EP,EP,242.0,EP,0.1556,0.0,0.0,242.0,0.0,Yimporima,ATACORA,Travaux BT
HC-54,365bfb54,ATA_Nat_03,P2AE_Terre,Mise à la terre,171.0,Terre,0.0667,2.0,0.011695906432748537,171.0,0.0007801169590643274,Yimporima,ATACORA,Travaux BT
HC-55,2f35ed01,ATA_Nat_03,P2AE_Fouille_HTA,Fouille réseau haute tension,83.0,Fouille_HTA,0.0333,82.0,0.9879518072289156,83.0,0.032898795180722896,Yimporima,ATACORA,Travaux HTA
HC-56,f0a3f7fd,ATA_Nat_03,P2AE_Fouille_BT,Fouille réseau basse tension,530.0,Fouille_BT,0.0467,526.0,0.9924528301886792,530.0,0.04634754716981132,Yimporima,ATACORA,Travaux BT
HC-57,c3c0b257,ATA_Nat_04,P2AE_PBA_BT,PBA 11C650,4.0,PBA_BT,0.42,3.0,0.75,165.0,0.0076363636363636364,Kantaborifa,ATACORA,Travaux BT
HC-58,080fae9d,ATA_Nat_04,P2AE_PBA_BT,PBA 9A200,93.0,PBA_BT,0.42,81.0,0.8709677419354839,165.0,0.20618181818181816,Kantaborifa,ATACORA,Travaux BT
HC-59,bd034300,ATA_Nat_04,P2AE_PBA_BT,PBA 9A650,61.0,PBA_BT,0.42,64.0,1.0,165.0,0.15527272727272726,Kantaborifa,ATACORA,Travaux BT
HC-60,ae93e567,ATA_Nat_04,P2AE_PBA_BT,PBA 9C650,6.0,PBA_BT,0.42,5.0,0.8333333333333334,165.0,0.012727272727272726,Kantaborifa,ATACORA,Travaux BT
HC-61,44a3e172,ATA_Nat_04,P2AE_PBA_BT,PBA 9C800,1.0,PBA_BT,0.42,0.0,0.0,165.0,0.0,Kantaborifa,ATACORA,Travaux BT
HC-62,58cd4f6b,ATA_Nat_04,P2AE_PBA_HTA,PBA 11A1250,1.0,PBA_HTA,0.3,1.0,1.0,12.0,0.024999999999999998,Kantaborifa,ATACORA,Travaux HTA
HC-63,76f3a49a,ATA_Nat_04,P2AE_PBA_HTA,PBA 12A800,1.0,PBA_HTA,0.3,0.0,0.0,12.0,0.0,Kantaborifa,ATACORA,Travaux HTA
HC-64,b4d71117,ATA_Nat_04,P2AE_PBA_HTA,PBA 13A400,2.0,PBA_HTA,0.3,2.0,1.0,12.0,0.049999999999999996,Kantaborifa,ATACORA,Travaux HTA
HC-65,9a98312d,ATA_Nat_04,P2AE_PBA_HTA,PBA 13C800,7.0,PBA_HTA,0.3,7.0,1.0,12.0,0.17500000000000002,Kantaborifa,ATACORA,Travaux HTA
HC-66,c7cc9d4f,ATA_Nat_04,P2AE_Cable_HTA,ASTER 54mm²,330.0,Cable_HTA,0.3333,383.0,1.0,330.0,0.3333,Kantaborifa,ATACORA,Travaux HTA
HC-67,e8192e4b,ATA_Nat_04,P2AE_Cable_BT,PRC 50mm²,5050.0,Cable_BT,0.3111,3764.0,0.7453465346534653,6416.0,0.18250941396508727,Kantaborifa,ATACORA,Travaux BT
HC-68,fde5e43f,ATA_Nat_04,P2AE_Cable_BT,PRC 70mm²,1366.0,Cable_BT,0.3111,1317.0,0.9641288433382138,6416.0,0.06385889962593516,Kantaborifa,ATACORA,Travaux BT
HC-69,7c9aa6d9,ATA_Nat_04,P2AE_DMT,Point Double DMT-CC,1.0,DMT-CC,0.0833,0.0,0.0,1.0,0.0,Kantaborifa,ATACORA,Travaux HTA
HC-70,1c107945,ATA_Nat_04,P2AE_IACM,IACM,1.0,IACM,0.0833,0.0,0.0,1.0,0.0,Kantaborifa,ATACORA,Travaux HTA
HC-71,14ca8f63,ATA_Nat_04,P2AE_TFO,Transformateur 160 kVA,1.0,TFO,0.1667,0.0,0.0,1.0,0.0,Kantaborifa,ATACORA,Travaux HTA
HC-72,bf37d19e,ATA_Nat_04,P2AE_EP,EP,78.0,EP,0.1556,0.0,0.0,78.0,0.0,Kantaborifa,ATACORA,Travaux BT
HC-73,c0c5c760,ATA_Nat_04,P2AE_Terre,Mise à la terre,53.0,Terre,0.0667,9.0,0.16981132075471697,53.0,0.01132641509433962,Kantaborifa,ATACORA,Travaux BT
HC-74,603ad3ca,ATA_Nat_04,P2AE_Fouille_HTA,Fouille réseau haute tension,11.0,Fouille_HTA,0.0333,8.0,0.7272727272727273,11.0,0.024218181818181823,Kantaborifa,ATACORA,Travaux HTA
HC-75,e8552acf,ATA_Nat_04,P2AE_Fouille_BT,Fouille réseau basse tension,166.0,Fouille_BT,0.0467,160.0,0.963855421686747,166.0,0.04501204819277108,Kantaborifa,ATACORA,Travaux BT
HC-76,e4360484,ATA_Nat_05,P2AE_PBA_BT,PBA 11C650,2.0,PBA_BT,0.42,2.0,1.0,195.0,0.0043076923076923075,Ouroubouga,ATACORA,Travaux BT
HC-77,3793cf65,ATA_Nat_05,P2AE_PBA_BT,PBA 9A200,100.0,PBA_BT,0.42,86.0,0.86,195.0,0.1852307692307692,Ouroubouga,ATACORA,Travaux BT
HC-78,9ce4e59e,ATA_Nat_05,P2AE_PBA_BT,PBA 9A650,75.0,PBA_BT,0.42,65.0,0.8666666666666667,195.0,0.14,Ouroubouga,ATACORA,Travaux BT
HC-79,ef457d5c,ATA_Nat_05,P2AE_PBA_BT,PBA 9C650,18.0,PBA_BT,0.42,18.0,1.0,195.0,0.03876923076923077,Ouroubouga,ATACORA,Travaux BT
HC-80,0f4b1849,ATA_Nat_05,P2AE_PBA_HTA,PBA 11A1250,2.0,PBA_HTA,0.3,2.0,1.0,14.0,0.04285714285714285,Ouroubouga,ATACORA,Travaux HTA
HC-81,85afaf29,ATA_Nat_05,P2AE_PBA_HTA,PBA 12A800,3.0,PBA_HTA,0.3,3.0,1.0,14.0,0.06428571428571428,Ouroubouga,ATACORA,Travaux HTA
HC-82,739g8292,ATA_Nat_05,P2AE_PBA_HTA,PBA 13A400,3.0,PBA_HTA,0.3,3.0,1.0,14.0,0.06428571428571428,Ouroubouga,ATACORA,Travaux HTA
HC-83,7ed7efde,ATA_Nat_05,P2AE_PBA_HTA,PBA 13C800,4.0,PBA_HTA,0.3,4.0,1.0,14.0,0.0857142857142857,Ouroubouga,ATACORA,Travaux HTA
HC-84,01ba5478,ATA_Nat_05,P2AE_Cable_HTA,ASTER 54mm²,390.0,Cable_HTA,0.3333,338.0,0.8666666666666667,390.0,0.28886,Ouroubouga,ATACORA,Travaux HTA
HC-85,c75dff00,ATA_Nat_05,P2AE_Cable_BT,PRC 50mm²,8468.0,Cable_BT,0.3111,5734.070000000001,0.6771457250826642,9938.0,0.17949981656268868,Ouroubouga,ATACORA,Travaux BT
HC-86,21fcfe27,ATA_Nat_05,P2AE_Cable_BT,PRC 70mm²,1470.0,Cable_BT,0.3111,1021.0,0.6945578231292517,9938.0,0.03196147112094989,Ouroubouga,ATACORA,Travaux BT
HC-87,7ad33e05,ATA_Nat_05,P2AE_DMT,Point Double DMT-CC,2.0,DMT-CC,0.0833,2.0,1.0,2.0,0.0833,Ouroubouga,ATACORA,Travaux HTA
HC-88,99576d3a,ATA_Nat_05,P2AE_IACM,IACM,2.0,IACM,0.0833,2.0,1.0,2.0,0.0833,Ouroubouga,ATACORA,Travaux HTA
HC-89,1d67c8ef,ATA_Nat_05,P2AE_TFO,Transformateur 160 kVA,2.0,TFO,0.1667,2.0,1.0,2.0,0.1667,Ouroubouga,ATACORA,Travaux HTA
HC-90,14ca48b2,ATA_Nat_05,P2AE_EP,EP,108.0,EP,0.1556,0.0,0.0,108.0,0.0,Ouroubouga,ATACORA,Travaux BT
HC-91,66c67160,ATA_Nat_05,P2AE_Terre,Mise à la terre,77.0,Terre,0.0667,0.0,0.0,77.0,0.0,Ouroubouga,ATACORA,Travaux BT
HC-92,d7fa71d0,ATA_Nat_05,P2AE_Fouille_HTA,Fouille réseau haute tension,12.0,Fouille_HTA,0.0333,12.0,1.0,12.0,0.0333,Ouroubouga,ATACORA,Travaux HTA
HC-93,8c60c9ec,ATA_Nat_05,P2AE_Fouille_BT,Fouille réseau basse tension,197.0,Fouille_BT,0.0467,193.0,0.9796954314720813,197.0,0.045751776649746195,Ouroubouga,ATACORA,Travaux BT
HC-94,3085c4a3,ATA_Nat_06,P2AE_PBA_BT,PBA 11C650,3.0,PBA_BT,0.42,2.0,0.6666666666666666,265.0,0.0031698113207547164,Perma-centre,ATACORA,Travaux BT
HC-95,422de455,ATA_Nat_06,P2AE_PBA_BT,PBA 9A200,126.0,PBA_BT,0.42,117.0,0.9285714285714286,265.0,0.18543396226415096,Perma-centre,ATACORA,Travaux BT
HC-96,c2fb3dc1,ATA_Nat_06,P2AE_PBA_BT,PBA 9A650,125.0,PBA_BT,0.42,127.0,1.0,265.0,0.1981132075471698,Perma-centre,ATACORA,Travaux BT
HC-97,6e8fd6a9,ATA_Nat_06,P2AE_PBA_BT,PBA 9C650,11.0,PBA_BT,0.42,11.0,1.0,265.0,0.01743396226415094,Perma-centre,ATACORA,Travaux BT
HC-98,0d18dab7,ATA_Nat_06,P2AE_PBA_HTA,PBA 11A1250,3.0,PBA_HTA,0.3,3.0,1.0,65.0,0.013846153846153847,Perma-centre,ATACORA,Travaux HTA
HC-99,76a20db1,ATA_Nat_06,P2AE_PBA_HTA,PBA 12A800,53.0,PBA_HTA,0.3,3.0,0.05660377358490566,65.0,0.013846153846153847,Perma-centre,ATACORA,Travaux HTA
HC-100,7325b66c,ATA_Nat_06,P2AE_PBA_HTA,PBA 13C800,6.0,PBA_HTA,0.3,2.0,0.3333333333333333,65.0,0.00923076923076923,Perma-centre,ATACORA,Travaux HTA
HC-101,be3e8bf4,ATA_Nat_06,P2AE_Cable_HTA,ASTER 54mm²,250.0,Cable_HTA,0.3333,180.15,0.7206,250.0,0.24017597999999998,Perma-centre,ATACORA,Travaux HTA
HC-102,4a2b6e8d,ATA_Nat_06,P2AE_Cable_BT,PRC 50mm²,6965.0,Cable_BT,0.3111,3356.0,0.48183776022972,14221.0,0.07341618732859855,Perma-centre,ATACORA,Travaux BT
HC-103,85df3d66,ATA_Nat_06,P2AE_Cable_BT,PRC 70mm²,7256.0,Cable_BT,0.3111,1784.0,0.24586549062844543,14221.0,0.03902696012938612,Perma-centre,ATACORA,Travaux BT
HC-104,5d06293f,ATA_Nat_06,P2AE_DMT,Point Double DMT-CC,3.0,DMT-CC,0.0833,0.0,0.0,3.0,0.0,Perma-centre,ATACORA,Travaux HTA
HC-105,e26e5ea8,ATA_Nat_06,P2AE_IACM,IACM,3.0,IACM,0.0833,3.0,1.0,3.0,0.0833,Perma-centre,ATACORA,Travaux HTA
HC-106,3496527a,ATA_Nat_06,P2AE_TFO,Transformateur 160 kVA,3.0,TFO,0.1667,0.0,0.0,3.0,0.0,Perma-centre,ATACORA,Travaux HTA
HC-107,14510f08,ATA_Nat_06,P2AE_EP,EP,115.0,EP,0.1556,0.0,0.0,115.0,0.0,Perma-centre,ATACORA,Travaux BT
HC-108,07a256a1,ATA_Nat_06,P2AE_Terre,Mise à la terre,95.0,Terre,0.0667,0.0,0.0,95.0,0.0,Perma-centre,ATACORA,Travaux BT
HC-109,dfe5997c,ATA_Nat_06,P2AE_Fouille_HTA,Fouille réseau haute tension,62.0,Fouille_HTA,0.0333,62.0,1.0,62.0,0.0333,Perma-centre,ATACORA,Travaux HTA
HC-110,2450a8ba,ATA_Nat_06,P2AE_Fouille_BT,Fouille réseau basse tension,268.0,Fouille_BT,0.0467,266.0,0.9925373134328358,268.0,0.04635149253731343,Perma-centre,ATACORA,Travaux BT
HC-111,f382d4c0,ATA_Nat_07,P2AE_PBA_BT,PBA 9A200,29.0,PBA_BT,0.42,26.0,0.896551724137931,49.0,0.22285714285714286,Boriyouré,ATACORA,Travaux BT
HC-112,6c745148,ATA_Nat_07,P2AE_PBA_BT,PBA 9A650,15.0,PBA_BT,0.42,14.0,0.9333333333333333,49.0,0.12000000000000001,Boriyouré,ATACORA,Travaux BT
HC-113,703ee8ad,ATA_Nat_07,P2AE_PBA_BT,PBA 9C650,5.0,PBA_BT,0.42,4.0,0.8,49.0,0.03428571428571429,Boriyouré,ATACORA,Travaux BT
HC-114,a1207f30,ATA_Nat_07,P2AE_PBA_HTA,PBA 11A1250,1.0,PBA_HTA,0.3,1.0,1.0,15.0,0.02,Boriyouré,ATACORA,Travaux HTA
HC-115,48e94bf8,ATA_Nat_07,P2AE_PBA_HTA,PBA 12A800,1.0,PBA_HTA,0.3,1.0,1.0,15.0,0.02,Boriyouré,ATACORA,Travaux HTA
HC-116,75c8e317,ATA_Nat_07,P2AE_PBA_HTA,PBA 13A400,7.0,PBA_HTA,0.3,2.0,0.2857142857142857,15.0,0.039999999999999994,Boriyouré,ATACORA,Travaux HTA
HC-117,d0a63fec,ATA_Nat_07,P2AE_PBA_HTA,PBA 13C800,5.0,PBA_HTA,0.3,5.0,1.0,15.0,0.09999999999999999,Boriyouré,ATACORA,Travaux HTA
HC-118,082de73e,ATA_Nat_07,P2AE_Cable_HTA,ASTER 54mm²,55.0,Cable_HTA,0.3333,0.0,0.0,255.0,0.0,Boriyouré,ATACORA,Travaux HTA
HC-119,aa15697f,ATA_Nat_07,P2AE_Cable_HTA,ASTER 75mm²,200.0,Cable_HTA,0.3333,0.0,0.0,255.0,0.0,Boriyouré,ATACORA,Travaux HTA
HC-120,e1b6ea09,ATA_Nat_07,P2AE_Cable_BT,PRC 50mm²,2930.0,Cable_BT,0.3111,1085.0,0.3703071672354949,3435.0,0.09826593886462882,Boriyouré,ATACORA,Travaux BT
HC-121,98d97d07,ATA_Nat_07,P2AE_Cable_BT,PRC 70mm²,505.0,Cable_BT,0.3111,0.0,0.0,3435.0,0.0,Boriyouré,ATACORA,Travaux BT
HC-122,47f701e3,ATA_Nat_07,P2AE_DMT,Point Double DMT-CC,1.0,DMT-CC,0.0833,0.0,0.0,1.0,0.0,Boriyouré,ATACORA,Travaux HTA
HC-123,e92ae43c,ATA_Nat_07,P2AE_IACM,IACM,1.0,IACM,0.0833,0.0,0.0,1.0,0.0,Boriyouré,ATACORA,Travaux HTA
HC-124,c25ae340,ATA_Nat_07,P2AE_TFO,Transformateur 160 kVA,1.0,TFO,0.1667,0.0,0.0,1.0,0.0,Boriyouré,ATACORA,Travaux HTA
HC-125,9211fce7,ATA_Nat_07,P2AE_EP,EP,40.0,EP,0.1556,0.0,0.0,40.0,0.0,Boriyouré,ATACORA,Travaux BT
HC-126,e6307f93,ATA_Nat_07,P2AE_Terre,Mise à la terre,31.0,Terre,0.0667,0.0,0.0,31.0,0.0,Boriyouré,ATACORA,Travaux BT
HC-127,2868d5de,ATA_Nat_07,P2AE_Fouille_HTA,Fouille réseau haute tension,14.0,Fouille_HTA,0.0333,0.0,0.0,14.0,0.0,Boriyouré,ATACORA,Travaux HTA
HC-128,ba5a771d,ATA_Nat_07,P2AE_Fouille_BT,Fouille réseau basse tension,57.0,Fouille_BT,0.0467,56.0,0.9824561403508771,57.0,0.04588070175438596,Boriyouré,ATACORA,Travaux BT
HC-129,f4d3039c,ATA_Nat_08,P2AE_PBA_BT,PBA 9A200,97.0,PBA_BT,0.42,97.0,1.0,202.0,0.20168316831683167,Ouroubonna,ATACORA,Travaux BT
HC-130,8f0a6802,ATA_Nat_08,P2AE_PBA_BT,PBA 9A650,81.0,PBA_BT,0.42,83.0,1.0,202.0,0.16841584158415843,Ouroubonna,ATACORA,Travaux BT
HC-131,1b18d358,ATA_Nat_08,P2AE_PBA_BT,PBA 9C650,23.0,PBA_BT,0.42,24.0,1.0,202.0,0.04782178217821782,Ouroubonna,ATACORA,Travaux BT
HC-132,d2165126,ATA_Nat_08,P2AE_PBA_BT,PBA 9C800,1.0,PBA_BT,0.42,0.0,0.0,202.0,0.0,Ouroubonna,ATACORA,Travaux BT
HC-133,0a910279,ATA_Nat_08,P2AE_PBA_HTA,PBA 11A1250,1.0,PBA_HTA,0.3,1.0,1.0,4.0,0.075,Ouroubonna,ATACORA,Travaux HTA
HC-134,b0d817af,ATA_Nat_08,P2AE_PBA_HTA,PBA 12A800,1.0,PBA_HTA,0.3,1.0,1.0,4.0,0.075,Ouroubonna,ATACORA,Travaux HTA
HC-135,c5fd7678,ATA_Nat_08,P2AE_PBA_HTA,PBA 13C800,1.0,PBA_HTA,0.3,1.0,1.0,4.0,0.075,Ouroubonna,ATACORA,Travaux HTA
HC-136,b93cce2b,ATA_Nat_08,P2AE_Cable_HTA,ASTER 54mm²,100.0,Cable_HTA,0.3333,80.0,0.8,100.0,0.26664,Ouroubonna,ATACORA,Travaux HTA
HC-137,56dd9dbd,ATA_Nat_08,P2AE_Cable_BT,PRC 50mm²,6456.0,Cable_BT,0.3111,6456.0,1.0,7691.0,0.26114440254843324,Ouroubonna,ATACORA,Travaux BT
HC-138,0f2fd2fa,ATA_Nat_08,P2AE_Cable_BT,PRC 70mm²,1235.0,Cable_BT,0.3111,1155.0,0.9352226720647774,7691.0,0.04671960733324665,Ouroubonna,ATACORA,Travaux BT
HC-139,04dc1d88,ATA_Nat_08,P2AE_DMT,Point Double DMT-CC,1.0,DMT-CC,0.0833,1.0,1.0,1.0,0.0833,Ouroubonna,ATACORA,Travaux HTA
HC-140,564230f1,ATA_Nat_08,P2AE_TFO,Transformateur 160 kVA,1.0,TFO,0.1667,0.0,0.0,1.0,0.0,Ouroubonna,ATACORA,Travaux HTA
HC-141,cc338b34,ATA_Nat_08,P2AE_EP,EP,65.0,EP,0.1556,0.0,0.0,65.0,0.0,Ouroubonna,ATACORA,Travaux BT
HC-142,ec3a5dca,ATA_Nat_08,P2AE_Terre,Mise à la terre,50.0,Terre,0.0667,0.0,0.0,50.0,0.0,Ouroubonna,ATACORA,Travaux BT
HC-143,1e71c5f2,ATA_Nat_08,P2AE_Fouille_HTA,Fouille réseau haute tension,3.0,Fouille_HTA,0.0333,3.0,1.0,3.0,0.0333,Ouroubonna,ATACORA,Travaux HTA
HC-144,e2ad5e19,ATA_Nat_08,P2AE_Fouille_BT,Fouille réseau basse tension,203.0,Fouille_BT,0.0467,205.0,1.0,203.0,0.0467,Ouroubonna,ATACORA,Travaux BT
HC-145,b57da4fe,ATA_Nat_09,P2AE_PBA_BT,PBA 9A200,18.0,PBA_BT,0.42,16.0,0.8888888888888888,50.0,0.1344,Dassakaté,ATACORA,Travaux BT
HC-146,7ec5fb34,ATA_Nat_09,P2AE_PBA_BT,PBA 9A650,30.0,PBA_BT,0.42,32.0,1.0,50.0,0.252,Dassakaté,ATACORA,Travaux BT
HC-147,b7e33abe,ATA_Nat_09,P2AE_PBA_BT,PBA 9C650,2.0,PBA_BT,0.42,2.0,1.0,50.0,0.0168,Dassakaté,ATACORA,Travaux BT
HC-148,ce84a0e1,ATA_Nat_09,P2AE_PBA_HTA,PBA 11A1250,1.0,PBA_HTA,0.3,0.0,0.0,6.0,0.0,Dassakaté,ATACORA,Travaux HTA
HC-149,1600e955,ATA_Nat_09,P2AE_PBA_HTA,PBA 12A800,4.0,PBA_HTA,0.3,0.0,0.0,6.0,0.0,Dassakaté,ATACORA,Travaux HTA
HC-150,66d5f00e,ATA_Nat_09,P2AE_Cable_HTA,ASTER 54mm²,100.0,Cable_HTA,0.3333,0.0,0.0,100.0,0.0,Dassakaté,ATACORA,Travaux HTA
HC-151,e64f8efd,ATA_Nat_09,P2AE_Cable_BT,PRC 50mm²,2287.0,Cable_BT,0.3111,1180.0,0.5159597726278968,2383.0,0.15404867813680237,Dassakaté,ATACORA,Travaux BT
HC-152,557b6470,ATA_Nat_09,P2AE_Cable_BT,PRC 70mm²,96.0,Cable_BT,0.3111,0.0,0.0,2383.0,0.0,Dassakaté,ATACORA,Travaux BT
HC-153,2012a6d1,ATA_Nat_09,P2AE_DMT,Point Double DMT-CC,1.0,DMT-CC,0.0833,0.0,0.0,1.0,0.0,Dassakaté,ATACORA,Travaux HTA
HC-154,9e4573a2,ATA_Nat_09,P2AE_IACM,IACM,1.0,IACM,0.0833,0.0,0.0,1.0,0.0,Dassakaté,ATACORA,Travaux HTA
HC-155,cd1069f0,ATA_Nat_09,P2AE_TFO,Transformateur 160 kVA,1.0,TFO,0.1667,0.0,0.0,1.0,0.0,Dassakaté,ATACORA,Travaux HTA
HC-156,82995b9a,ATA_Nat_09,P2AE_EP,EP,26.0,EP,0.1556,0.0,0.0,26.0,0.0,Dassakaté,ATACORA,Travaux BT
HC-157,2954c668,ATA_Nat_09,P2AE_Terre,Mise à la terre,22.0,Terre,0.0667,0.0,0.0,22.0,0.0,Dassakaté,ATACORA,Travaux BT
HC-158,d242b7f0,ATA_Nat_09,P2AE_Fouille_HTA,Fouille réseau haute tension,5.0,Fouille_HTA,0.0333,4.0,0.8,5.0,0.026640000000000004,Dassakaté,ATACORA,Travaux HTA
HC-159,3d70fcd3,ATA_Nat_09,P2AE_Fouille_BT,Fouille réseau basse tension,51.0,Fouille_BT,0.0467,48.0,0.9411764705882353,51.0,0.043952941176470584,Dassakaté,ATACORA,Travaux BT
HC-160,7066fc69,ATA_Nat_10,P2AE_PBA_BT,PBA 11C650,1.0,PBA_BT,0.42,1.0,1.0,55.0,0.007636363636363636,Yokossi,ATACORA,Travaux BT
HC-161,29f9b911,ATA_Nat_10,P2AE_PBA_BT,PBA 9A200,21.0,PBA_BT,0.42,21.0,1.0,55.0,0.16036363636363637,Yokossi,ATACORA,Travaux BT
HC-162,f86d6aab,ATA_Nat_10,P2AE_PBA_BT,PBA 9A650,30.0,PBA_BT,0.42,30.0,1.0,55.0,0.22909090909090907,Yokossi,ATACORA,Travaux BT
HC-163,f613024b,ATA_Nat_10,P2AE_PBA_BT,PBA 9C650,3.0,PBA_BT,0.42,3.0,1.0,55.0,0.022909090909090907,Yokossi,ATACORA,Travaux BT
HC-164,726edd68,ATA_Nat_10,P2AE_Cable_BT,PRC 50mm²,2248.0,Cable_BT,0.3111,2357.0,1.0,2248.0,0.3111,Yokossi,ATACORA,Travaux BT
HC-165,4d52c880,ATA_Nat_10,P2AE_EP,EP,15.0,EP,0.1556,15.0,1.0,15.0,0.1556,Yokossi,ATACORA,Travaux BT
HC-166,69b9c1c6,ATA_Nat_10,P2AE_Terre,Mise à la terre,15.0,Terre,0.0667,17.0,1.0,15.0,0.0667,Yokossi,ATACORA,Travaux BT
HC-167,2ea85bd7,ATA_Nat_10,P2AE_Fouille_BT,Fouille réseau basse tension,56.0,Fouille_BT,0.0467,56.0,1.0,56.0,0.0467,Yokossi,ATACORA,Travaux BT
HC-168,e203e450,ATA_Nat_11,P2AE_PBA_BT,PBA 9A200,128.0,PBA_BT,0.42,125.0,0.9765625,240.0,0.21875,Tchrimina,ATACORA,Travaux BT
HC-169,3cfac8f4,ATA_Nat_11,P2AE_PBA_BT,PBA 9A650,92.0,PBA_BT,0.42,93.0,1.0,240.0,0.161,Tchrimina,ATACORA,Travaux BT
HC-170,d1edf9e7,ATA_Nat_11,P2AE_PBA_BT,PBA 9C650,20.0,PBA_BT,0.42,18.0,0.9,240.0,0.0315,Tchrimina,ATACORA,Travaux BT
HC-171,9660a233,ATA_Nat_11,P2AE_PBA_HTA,PBA 11A1250,2.0,PBA_HTA,0.3,2.0,1.0,18.0,0.03333333333333333,Tchrimina,ATACORA,Travaux HTA
HC-172,1ffff91d,ATA_Nat_11,P2AE_PBA_HTA,PBA 12A800,2.0,PBA_HTA,0.3,2.0,1.0,18.0,0.03333333333333333,Tchrimina,ATACORA,Travaux HTA
HC-173,10866b12,ATA_Nat_11,P2AE_PBA_HTA,PBA 13A400,4.0,PBA_HTA,0.3,4.0,1.0,18.0,0.06666666666666667,Tchrimina,ATACORA,Travaux HTA
HC-174,d2042690,ATA_Nat_11,P2AE_PBA_HTA,PBA 13C800,8.0,PBA_HTA,0.3,8.0,1.0,18.0,0.13333333333333333,Tchrimina,ATACORA,Travaux HTA
HC-175,4fe3ad17,ATA_Nat_11,P2AE_Cable_HTA,ASTER 54mm²,600.0,Cable_HTA,0.3333,559.0,0.9316666666666666,600.0,0.3105245,Tchrimina,ATACORA,Travaux HTA
HC-176,3f9ea0a0,ATA_Nat_11,P2AE_Cable_BT,PRC 50mm²,8111.0,Cable_BT,0.3111,8174.0,1.0,11448.0,0.2204168501048218,Tchrimina,ATACORA,Travaux BT
HC-177,6635f087,ATA_Nat_11,P2AE_Cable_BT,PRC 70mm²,3337.0,Cable_BT,0.3111,1665.0,0.498951153730896,11448.0,0.045246462264150945,Tchrimina,ATACORA,Travaux BT
HC-178,560b3ff3,ATA_Nat_11,P2AE_DMT,Point Double DMT-CC,2.0,DMT-CC,0.0833,1.0,0.5,2.0,0.04165,Tchrimina,ATACORA,Travaux HTA
HC-179,08b45f48,ATA_Nat_11,P2AE_IACM,IACM,2.0,IACM,0.0833,2.0,1.0,2.0,0.0833,Tchrimina,ATACORA,Travaux HTA
HC-180,56fc895c,ATA_Nat_11,P2AE_TFO,Transformateur 160 kVA,2.0,TFO,0.1667,1.0,0.5,2.0,0.08335,Tchrimina,ATACORA,Travaux HTA
HC-181,f95f87d3,ATA_Nat_11,P2AE_EP,EP,97.0,EP,0.1556,0.0,0.0,97.0,0.0,Tchrimina,ATACORA,Travaux BT
HC-182,c46b12e0,ATA_Nat_11,P2AE_Terre,Mise à la terre,78.0,Terre,0.0667,56.0,0.717948717948718,78.0,0.047887179487179486,Tchrimina,ATACORA,Travaux BT
HC-183,48135246,ATA_Nat_11,P2AE_Fouille_HTA,Fouille réseau haute tension,18.0,Fouille_HTA,0.0333,18.0,1.0,18.0,0.0333,Tchrimina,ATACORA,Travaux HTA
HC-184,39845eb3,ATA_Nat_11,P2AE_Fouille_BT,Fouille réseau basse tension,242.0,Fouille_BT,0.0467,242.0,1.0,242.0,0.0467,Tchrimina,ATACORA,Travaux BT
HC-185,36e0f8df,ATA_Nat_12,P2AE_PBA_BT,PBA 9A200,11.0,PBA_BT,0.42,11.0,1.0,33.0,0.13999999999999999,Kantchagoutamou,ATACORA,Travaux BT
HC-186,164a8406,ATA_Nat_12,P2AE_PBA_BT,PBA 9A650,20.0,PBA_BT,0.42,13.0,0.65,33.0,0.16545454545454547,Kantchagoutamou,ATACORA,Travaux BT
HC-187,6ea94e28,ATA_Nat_12,P2AE_PBA_BT,PBA 9C650,2.0,PBA_BT,0.42,2.0,1.0,33.0,0.025454545454545455,Kantchagoutamou,ATACORA,Travaux BT
HC-188,adead9ca,ATA_Nat_12,P2AE_PBA_HTA,PBA 11A1250,2.0,PBA_HTA,0.3,2.0,1.0,42.0,0.014285714285714284,Kantchagoutamou,ATACORA,Travaux HTA
HC-189,ed0aab42,ATA_Nat_12,P2AE_PBA_HTA,PBA 12A800,12.0,PBA_HTA,0.3,2.0,0.16666666666666666,42.0,0.014285714285714284,Kantchagoutamou,ATACORA,Travaux HTA
HC-190,86536b75,ATA_Nat_12,P2AE_PBA_HTA,PBA 13A400,15.0,PBA_HTA,0.3,7.0,0.4666666666666667,42.0,0.049999999999999996,Kantchagoutamou,ATACORA,Travaux HTA
HC-191,e71d9ea4,ATA_Nat_12,P2AE_PBA_HTA,PBA 13C800,11.0,PBA_HTA,0.3,9.0,0.8181818181818182,42.0,0.0642857142857143,Kantchagoutamou,ATACORA,Travaux HTA
HC-192,1619047d,ATA_Nat_12,P2AE_Cable_HTA,ASTER 54mm²,1000.0,Cable_HTA,0.3333,108.0,0.108,1000.0,0.0359964,Kantchagoutamou,ATACORA,Travaux HTA
HC-193,eff2181b,ATA_Nat_12,P2AE_Cable_BT,PRC 50mm²,850.0,Cable_BT,0.3111,543.0,0.6388235294117647,3350.0,0.05042605970149253,Kantchagoutamou,ATACORA,Travaux BT
HC-194,51906f15,ATA_Nat_12,P2AE_Cable_BT,PRC 70mm²,2500.0,Cable_BT,0.3111,616.0,0.2464,3350.0,0.05720525373134328,Kantchagoutamou,ATACORA,Travaux BT
HC-195,51986f15,ATA_Nat_12,P2AE_DMT,Point Double DMT-CC,2.0,DMT-CC,0.0833,2.0,1.0,2.0,0.0833,Kantchagoutamou,ATACORA,Travaux HTA
HC-196,df5aa2f2,ATA_Nat_12,P2AE_IACM,IACM,2.0,IACM,0.0833,2.0,1.0,2.0,0.0833,Kantchagoutamou,ATACORA,Travaux HTA
HC-197,4dcdae7b,ATA_Nat_12,P2AE_TFO,Transformateur 160 kVA,2.0,TFO,0.1667,1.0,0.5,2.0,0.08335,Kantchagoutamou,ATACORA,Travaux HTA
HC-198,f2a82435,ATA_Nat_12,P2AE_EP,EP,32.0,EP,0.1556,0.0,0.0,32.0,0.0,Kantchagoutamou,ATACORA,Travaux BT
HC-199,20e9d511,ATA_Nat_12,P2AE_Terre,Mise à la terre,25.0,Terre,0.0667,9.0,0.36,25.0,0.024012,Kantchagoutamou,ATACORA,Travaux BT
HC-200,397752c4,ATA_Nat_12,P2AE_Fouille_HTA,Fouille réseau haute tension,40.0,Fouille_HTA,0.0333,23.0,0.575,40.0,0.0191475,Kantchagoutamou,ATACORA,Travaux HTA
HC-201,5db8a7cb,ATA_Nat_12,P2AE_Fouille_BT,Fouille réseau basse tension,35.0,Fouille_BT,0.0467,29.0,0.8285714285714286,35.0,0.038694285714285716,Kantchagoutamou,ATACORA,Travaux BT
HC-202,f5ca6f93,ATA_Nat_13,P2AE_PBA_BT,PBA 9A200,27.0,PBA_BT,0.42,27.0,1.0,59.0,0.19220338983050847,Sountchirantikou,ATACORA,Travaux BT
HC-203,f543956b,ATA_Nat_13,P2AE_PBA_BT,PBA 9A650,26.0,PBA_BT,0.42,27.0,1.0,59.0,0.18508474576271186,Sountchirantikou,ATACORA,Travaux BT
HC-204,d7eb3f50,ATA_Nat_13,P2AE_PBA_BT,PBA 9C650,6.0,PBA_BT,0.42,6.0,1.0,59.0,0.04271186440677966,Sountchirantikou,ATACORA,Travaux BT
HC-205,03ed326d,ATA_Nat_13,P2AE_Cable_BT,PRC 50mm²,2390.0,Cable_BT,0.3111,2390.0,1.0,2390.0,0.3111,Sountchirantikou,ATACORA,Travaux BT
HC-206,0c7167d5,ATA_Nat_13,P2AE_EP,EP,29.0,EP,0.1556,29.0,1.0,29.0,0.1556,Sountchirantikou,ATACORA,Travaux BT
HC-207,0d11c9fe,ATA_Nat_13,P2AE_Terre,Mise à la terre,21.0,Terre,0.0667,22.0,1.0,21.0,0.0667,Sountchirantikou,ATACORA,Travaux BT
HC-208,6267864e,ATA_Nat_13,P2AE_Fouille_BT,Fouille réseau basse tension,64.0,Fouille_BT,0.0467,64.0,1.0,64.0,0.0467,Sountchirantikou,ATACORA,Travaux BT
HC-209,348ef044,ATA_Nat_14,P2AE_PBA_BT,PBA 9A200,54.0,PBA_BT,0.42,54.0,1.0,104.0,0.21807692307692308,Sossouna,ATACORA,Travaux BT
HC-210,d1725e52,ATA_Nat_14,P2AE_PBA_BT,PBA 9A650,49.0,PBA_BT,0.42,48.0,0.9795918367346939,104.0,0.19384615384615383,Sossouna,ATACORA,Travaux BT
HC-211,ef1d1b3a,ATA_Nat_14,P2AE_PBA_BT,PBA 9C650,1.0,PBA_BT,0.42,1.0,1.0,104.0,0.0040384615384615385,Sossouna,ATACORA,Travaux BT
HC-212,902cd235,ATA_Nat_14,P2AE_PBA_HTA,PBA 11A1250,1.0,PBA_HTA,0.3,1.0,1.0,21.0,0.014285714285714284,Sossouna,ATACORA,Travaux HTA
HC-213,b0b7613d,ATA_Nat_14,P2AE_PBA_HTA,PBA 12A800,1.0,PBA_HTA,0.3,1.0,1.0,21.0,0.014285714285714284,Sossouna,ATACORA,Travaux HTA
HC-214,22c0a9cd,ATA_Nat_14,P2AE_PBA_HTA,PBA 13A400,10.0,PBA_HTA,0.3,0.0,0.0,21.0,0.0,Sossouna,ATACORA,Travaux HTA
HC-215,88809d56,ATA_Nat_14,P2AE_PBA_HTA,PBA 13C800,7.0,PBA_HTA,0.3,0.0,0.0,21.0,0.0,Sossouna,ATACORA,Travaux HTA
HC-216,ed5f1743,ATA_Nat_14,P2AE_PBA_HTA,PBA 14A1000,1.0,PBA_HTA,0.3,0.0,0.0,21.0,0.0,Sossouna,ATACORA,Travaux HTA
HC-217,7685f9f0,ATA_Nat_14,P2AE_Cable_HTA,ASTER 54mm²,110.0,Cable_HTA,0.3333,25.0,0.22727272727272727,110.0,0.07575,Sossouna,ATACORA,Travaux HTA
HC-218,1238e794,ATA_Nat_14,P2AE_Cable_BT,PRC 50mm²,2750.0,Cable_BT,0.3111,1576.0,0.5730909090909091,6425.0,0.07631028793774318,Sossouna,ATACORA,Travaux BT
HC-219,af228fdb,ATA_Nat_14,P2AE_Cable_BT,PRC 70mm²,3675.0,Cable_BT,0.3111,0.0,0.0,6425.0,0.0,Sossouna,ATACORA,Travaux BT
HC-220,75ce56d4,ATA_Nat_14,P2AE_DMT,Point Double DMT-CC,1.0,DMT-CC,0.0833,0.0,0.0,1.0,0.0,Sossouna,ATACORA,Travaux HTA
HC-221,dfd6bc73,ATA_Nat_14,P2AE_IACM,IACM,1.0,IACM,0.0833,1.0,1.0,1.0,0.0833,Sossouna,ATACORA,Travaux HTA
HC-222,f9c95c80,ATA_Nat_14,P2AE_TFO,Transformateur 160 kVA,1.0,TFO,0.1667,0.0,0.0,1.0,0.0,Sossouna,ATACORA,Travaux HTA
HC-223,db96c5b4,ATA_Nat_14,P2AE_EP,EP,67.0,EP,0.1556,0.0,0.0,67.0,0.0,Sossouna,ATACORA,Travaux BT
HC-224,7fb248c7,ATA_Nat_14,P2AE_Terre,Mise à la terre,47.0,Terre,0.0667,0.0,0.0,47.0,0.0,Sossouna,ATACORA,Travaux BT
HC-225,2dd5e786,ATA_Nat_14,P2AE_Fouille_HTA,Fouille réseau haute tension,20.0,Fouille_HTA,0.0333,20.0,1.0,20.0,0.0333,Sossouna,ATACORA,Travaux HTA
HC-226,692e7c08,ATA_Nat_14,P2AE_Fouille_BT,Fouille réseau basse tension,105.0,Fouille_BT,0.0467,105.0,1.0,105.0,0.0467,Sossouna,ATACORA,Travaux BT
HC-227,0179fb96,ALI_Gog_01,P2AE_PBA_BT,PBA 11C650,1.0,PBA_BT,0.42,0.0,0.0,117.0,0.0,Wara,ALIBORI,Travaux BT
HC-228,c0ed70e3,ALI_Gog_01,P2AE_PBA_BT,PBA 9A200,61.0,PBA_BT,0.42,62.0,1.0,117.0,0.218974358974359,Wara,ALIBORI,Travaux BT
HC-229,4cebffee,ALI_Gog_01,P2AE_PBA_BT,PBA 9A650,43.0,PBA_BT,0.42,39.0,0.9069767441860465,117.0,0.14,Wara,ALIBORI,Travaux BT
HC-230,deb07602,ALI_Gog_01,P2AE_PBA_BT,PBA 9C650,12.0,PBA_BT,0.42,9.0,0.75,117.0,0.03230769230769231,Wara,ALIBORI,Travaux BT
HC-231,e0b8b82a,ALI_Gog_01,P2AE_PBA_HTA,PBA 11A1250,1.0,PBA_HTA,0.3,1.0,1.0,10.0,0.03,Wara,ALIBORI,Travaux HTA
HC-232,33c687b0,ALI_Gog_01,P2AE_PBA_HTA,PBA 12A800,5.0,PBA_HTA,0.3,5.0,1.0,10.0,0.15,Wara,ALIBORI,Travaux HTA
HC-233,08f41c81,ALI_Gog_01,P2AE_PBA_HTA,PBA 13C800,3.0,PBA_HTA,0.3,0.0,0.0,10.0,0.0,Wara,ALIBORI,Travaux HTA
HC-234,3eecb60d,ALI_Gog_01,P2AE_Cable_HTA,ASTER 54mm²,80.0,Cable_HTA,0.3333,75.0,0.9375,80.0,0.31246874999999996,Wara,ALIBORI,Travaux HTA
HC-235,bb65348a,ALI_Gog_01,P2AE_Cable_BT,PRC 50mm²,4855.0,Cable_BT,0.3111,3659.33,0.7537239958805355,5040.0,0.2258765005952381,Wara,ALIBORI,Travaux BT
HC-236,c0bd91f4,ALI_Gog_01,P2AE_Cable_BT,PRC 70mm²,185.0,Cable_BT,0.3111,133.0,0.7189189189189189,5040.0,0.008209583333333333,Wara,ALIBORI,Travaux BT
HC-237,b5356ee4,ALI_Gog_01,P2AE_DMT,Point Double DMT-CC,1.0,DMT-CC,0.0833,0.0,0.0,1.0,0.0,Wara,ALIBORI,Travaux HTA
HC-238,d65be664,ALI_Gog_01,P2AE_IACM,IACM,1.0,IACM,0.0833,1.0,1.0,1.0,0.0833,Wara,ALIBORI,Travaux HTA
HC-239,dcf5286e,ALI_Gog_01,P2AE_EP,EP,57.0,EP,0.1556,40.0,0.7017543859649122,57.0,0.10919298245614034,Wara,ALIBORI,Travaux BT
HC-240,b4292a34,ALI_Gog_01,P2AE_Terre,Mise à la terre,39.0,Terre,0.0667,12.0,0.3076923076923077,39.0,0.02052307692307692,Wara,ALIBORI,Travaux BT
HC-241,7018519b,ALI_Gog_01,P2AE_Fouille_HTA,Fouille réseau haute tension,9.0,Fouille_HTA,0.0333,7.0,0.7777777777777778,9.0,0.025900000000000003,Wara,ALIBORI,Travaux HTA
HC-242,6edfc796,ALI_Gog_01,P2AE_Fouille_BT,Fouille réseau basse tension,117.0,Fouille_BT,0.0467,110.0,0.9401709401709402,117.0,0.0439059829059829,Wara,ALIBORI,Travaux BT
HC-243,e53d780d,ALI_Gog_02,P2AE_PBA_BT,PBA 9A200,38.0,PBA_BT,0.42,32.0,0.8421052631578947,80.0,0.16799999999999998,Bagou-Sinkparou,ALIBORI,Travaux BT
HC-244,779f8ead,ALI_Gog_02,P2AE_PBA_BT,PBA 9A650,35.0,PBA_BT,0.42,25.0,0.7142857142857143,80.0,0.13125,Bagou-Sinkparou,ALIBORI,Travaux BT
HC-245,f45b706a,ALI_Gog_02,P2AE_PBA_BT,PBA 9C650,7.0,PBA_BT,0.42,0.0,0.0,80.0,0.0,Bagou-Sinkparou,ALIBORI,Travaux BT
HC-246,b79a8d73,ALI_Gog_02,P2AE_PBA_HTA,PBA 11A1250,1.0,PBA_HTA,0.3,0.0,0.0,11.0,0.0,Bagou-Sinkparou,ALIBORI,Travaux HTA
HC-247,ff184028,ALI_Gog_02,P2AE_PBA_HTA,PBA 12A800,1.0,PBA_HTA,0.3,0.0,0.0,11.0,0.0,Bagou-Sinkparou,ALIBORI,Travaux HTA
HC-248,5ccff579,ALI_Gog_02,P2AE_PBA_HTA,PBA 13A400,6.0,PBA_HTA,0.3,0.0,0.0,11.0,0.0,Bagou-Sinkparou,ALIBORI,Travaux HTA
HC-249,f94ce2f4,ALI_Gog_02,P2AE_PBA_HTA,PBA 13C800,2.0,PBA_HTA,0.3,0.0,0.0,11.0,0.0,Bagou-Sinkparou,ALIBORI,Travaux HTA
HC-250,568ec0d4,ALI_Gog_02,P2AE_Cable_HTA,ASTER 54mm²,435.0,Cable_HTA,0.3333,0.0,0.0,435.0,0.0,Bagou-Sinkparou,ALIBORI,Travaux HTA
HC-251,bfaaa3a0,ALI_Gog_02,P2AE_Cable_BT,PRC 50mm²,3160.0,Cable_BT,0.3111,0.0,0.0,3425.0,0.0,Bagou-Sinkparou,ALIBORI,Travaux BT
HC-252,b4574522,ALI_Gog_02,P2AE_Cable_BT,PRC 70mm²,265.0,Cable_BT,0.3111,0.0,0.0,3425.0,0.0,Bagou-Sinkparou,ALIBORI,Travaux BT
HC-253,35f9d94e,ALI_Gog_02,P2AE_DMT,Point Double DMT-CC,1.0,DMT-CC,0.0833,0.0,0.0,1.0,0.0,Bagou-Sinkparou,ALIBORI,Travaux HTA
HC-254,3d1e46fe,ALI_Gog_02,P2AE_IACM,IACM,1.0,IACM,0.0833,0.0,0.0,1.0,0.0,Bagou-Sinkparou,ALIBORI,Travaux HTA
HC-255,9b818fd0,ALI_Gog_02,P2AE_TFO,Transformateur 160 kVA,1.0,TFO,0.1667,0.0,0.0,1.0,0.0,Bagou-Sinkparou,ALIBORI,Travaux HTA
HC-256,188d9b1b,ALI_Gog_02,P2AE_EP,EP,45.0,EP,0.1556,0.0,0.0,45.0,0.0,Bagou-Sinkparou,ALIBORI,Travaux BT
HC-257,dd0e303d,ALI_Gog_02,P2AE_Terre,Mise à la terre,27.0,Terre,0.0667,0.0,0.0,27.0,0.0,Bagou-Sinkparou,ALIBORI,Travaux BT
HC-258,9fe5c5f8,ALI_Gog_02,P2AE_Fouille_HTA,Fouille réseau haute tension,10.0,Fouille_HTA,0.0333,0.0,0.0,10.0,0.0,Bagou-Sinkparou,ALIBORI,Travaux HTA
HC-259,1bf85ec3,ALI_Gog_02,P2AE_Fouille_BT,Fouille réseau basse tension,81.0,Fouille_BT,0.0467,57.0,0.7037037037037037,81.0,0.03286296296296296,Bagou-Sinkparou,ALIBORI,Travaux BT
HC-260,ada7077b,ALI_Gog_03,P2AE_PBA_BT,PBA 9A200,57.0,PBA_BT,0.42,34.0,0.5964912280701754,105.0,0.13599999999999998,Bagou-Yankpanou,ALIBORI,Travaux BT
HC-261,7695b4ad,ALI_Gog_03,P2AE_PBA_BT,PBA 9A650,39.0,PBA_BT,0.42,25.0,0.6410256410256411,105.0,0.1,Bagou-Yankpanou,ALIBORI,Travaux BT
HC-262,c363bac0,ALI_Gog_03,P2AE_PBA_BT,PBA 9C650,9.0,PBA_BT,0.42,5.0,0.5555555555555556,105.0,0.02,Bagou-Yankpanou,ALIBORI,Travaux BT
HC-263,91f40be5,ALI_Gog_03,P2AE_PBA_HTA,PBA 11A1250,1.0,PBA_HTA,0.3,0.0,0.0,14.0,0.0,Bagou-Yankpanou,ALIBORI,Travaux HTA
HC-264,00703b48,ALI_Gog_03,P2AE_PBA_HTA,PBA 13A400,7.0,PBA_HTA,0.3,3.0,0.42857142857142855,14.0,0.06428571428571428,Bagou-Yankpanou,ALIBORI,Travaux HTA
HC-265,6ee66905,ALI_Gog_03,P2AE_PBA_HTA,PBA 13C1250,1.0,PBA_HTA,0.3,0.0,0.0,14.0,0.0,Bagou-Yankpanou,ALIBORI,Travaux HTA
HC-266,3ed5849d,ALI_Gog_03,P2AE_PBA_HTA,PBA 13C800,4.0,PBA_HTA,0.3,0.0,0.0,14.0,0.0,Bagou-Yankpanou,ALIBORI,Travaux HTA
HC-267,2799ba73,ALI_Gog_03,P2AE_Cable_HTA,ASTER 54mm²,525.0,Cable_HTA,0.3333,0.0,0.0,525.0,0.0,Bagou-Yankpanou,ALIBORI,Travaux HTA
HC-268,e9039931,ALI_Gog_03,P2AE_Cable_BT,PRC 50mm²,4320.0,Cable_BT,0.3111,0.0,0.0,5420.0,0.0,Bagou-Yankpanou,ALIBORI,Travaux BT
HC-269,61c2b5ed,ALI_Gog_03,P2AE_Cable_BT,PRC 70mm²,1100.0,Cable_BT,0.3111,0.0,0.0,5420.0,0.0,Bagou-Yankpanou,ALIBORI,Travaux BT
HC-270,ffe1b6d0,ALI_Gog_03,P2AE_DMT,Point Double DMT-CC,1.0,DMT-CC,0.0833,0.0,0.0,1.0,0.0,Bagou-Yankpanou,ALIBORI,Travaux HTA
HC-271,1b568b95,ALI_Gog_03,P2AE_IACM,IACM,1.0,IACM,0.0833,0.0,0.0,1.0,0.0,Bagou-Yankpanou,ALIBORI,Travaux HTA
HC-272,79e436b2,ALI_Gog_03,P2AE_TFO,Transformateur 160 kVA,1.0,TFO,0.1667,0.0,0.0,1.0,0.0,Bagou-Yankpanou,ALIBORI,Travaux HTA
HC-273,facd06b3,ALI_Gog_03,P2AE_EP,EP,52.0,EP,0.1556,0.0,0.0,52.0,0.0,Bagou-Yankpanou,ALIBORI,Travaux BT
HC-274,5fac86af,ALI_Gog_03,P2AE_Terre,Mise à la terre,36.0,Terre,0.0667,0.0,0.0,36.0,0.0,Bagou-Yankpanou,ALIBORI,Travaux BT
HC-275,5b85268e,ALI_Gog_03,P2AE_Fouille_HTA,Fouille réseau haute tension,13.0,Fouille_HTA,0.0333,3.0,0.23076923076923078,13.0,0.007684615384615386,Bagou-Yankpanou,ALIBORI,Travaux HTA
HC-276,22f0373d,ALI_Gog_03,P2AE_Fouille_BT,Fouille réseau basse tension,106.0,Fouille_BT,0.0467,37.0,0.3490566037735849,106.0,0.016300943396226415,Bagou-Yankpanou,ALIBORI,Travaux BT
HC-277,a2a2e8cd,ALI_Gog_04,P2AE_PBA_BT,PBA 9A200,162.0,PBA_BT,0.42,165.0,1.0,306.0,0.2223529411764706,Sori-Borowanrou,ALIBORI,Travaux BT
HC-278,998fcce0,ALI_Gog_04,P2AE_PBA_BT,PBA 9A650,121.0,PBA_BT,0.42,124.0,1.0,306.0,0.16607843137254902,Sori-Borowanrou,ALIBORI,Travaux BT
HC-279,6906b808,ALI_Gog_04,P2AE_PBA_BT,PBA 9C650,21.0,PBA_BT,0.42,13.0,0.6190476190476191,306.0,0.017843137254901963,Sori-Borowanrou,ALIBORI,Travaux BT
HC-280,a3c5b02e,ALI_Gog_04,P2AE_PBA_BT,PBA 9C800,2.0,PBA_BT,0.42,0.0,0.0,306.0,0.0,Sori-Borowanrou,ALIBORI,Travaux BT
HC-281,466g60485,ALI_Gog_04,P2AE_PBA_HTA,PBA 11A1250,3.0,PBA_HTA,0.3,3.0,1.0,22.0,0.0409090909090909,Sori-Borowanrou,ALIBORI,Travaux HTA
HC-282,e80403b9,ALI_Gog_04,P2AE_PBA_HTA,PBA 12A800,2.0,PBA_HTA,0.3,2.0,1.0,22.0,0.02727272727272727,Sori-Borowanrou,ALIBORI,Travaux HTA
HC-283,101c03e7,ALI_Gog_04,P2AE_PBA_HTA,PBA 13A400,4.0,PBA_HTA,0.3,3.0,0.75,22.0,0.04090909090909091,Sori-Borowanrou,ALIBORI,Travaux HTA
HC-284,b104f793,ALI_Gog_04,P2AE_PBA_HTA,PBA 13C1250,1.0,PBA_HTA,0.3,1.0,1.0,22.0,0.013636363636363636,Sori-Borowanrou,ALIBORI,Travaux HTA
HC-285,a950e58c,ALI_Gog_04,P2AE_PBA_HTA,PBA 13C800,4.0,PBA_HTA,0.3,4.0,1.0,22.0,0.05454545454545454,Sori-Borowanrou,ALIBORI,Travaux HTA
HC-286,beddd44f,ALI_Gog_04,P2AE_PBA_HTA,PBA 14A1000,5.0,PBA_HTA,0.3,0.0,0.0,22.0,0.0,Sori-Borowanrou,ALIBORI,Travaux HTA
HC-287,ab05605b,ALI_Gog_04,P2AE_PBA_HTA,PBA 14C1000,1.0,PBA_HTA,0.3,0.0,0.0,22.0,0.0,Sori-Borowanrou,ALIBORI,Travaux HTA
HC-288,ed8d4083,ALI_Gog_04,P2AE_Cable_HTA,ASTER 54mm²,480.0,Cable_HTA,0.3333,469.75,0.9786458333333333,480.0,0.32618265625,Sori-Borowanrou,ALIBORI,Travaux HTA
HC-289,81ebf29a,ALI_Gog_04,P2AE_Cable_BT,PRC 50mm²,10125.0,Cable_BT,0.3111,8331.3,0.8228444444444444,14265.0,0.1816941766561514,Sori-Borowanrou,ALIBORI,Travaux BT
HC-290,5b660e9e,ALI_Gog_04,P2AE_Cable_BT,PRC 70mm²,4140.0,Cable_BT,0.3111,2383.0299999999997,0.5756111111111111,14265.0,0.05197060168243954,Sori-Borowanrou,ALIBORI,Travaux BT
HC-291,861f92ed,ALI_Gog_04,P2AE_DMT,Point Double DMT-CC,3.0,DMT-CC,0.0833,0.0,0.0,3.0,0.0,Sori-Borowanrou,ALIBORI,Travaux HTA
HC-292,398281b2,ALI_Gog_04,P2AE_IACM,IACM,2.0,IACM,0.0833,2.0,1.0,2.0,0.0833,Sori-Borowanrou,ALIBORI,Travaux HTA
HC-293,d1b3bc56,ALI_Gog_04,P2AE_EP,EP,123.0,EP,0.1556,47.0,0.3821138211382114,123.0,0.05945691056910569,Sori-Borowanrou,ALIBORI,Travaux BT
HC-294,58798a66,ALI_Gog_04,P2AE_Terre,Mise à la terre,86.0,Terre,0.0667,0.0,0.0,86.0,0.0,Sori-Borowanrou,ALIBORI,Travaux BT
HC-295,96579b83,ALI_Gog_04,P2AE_Fouille_HTA,Fouille réseau haute tension,20.0,Fouille_HTA,0.0333,15.0,0.75,20.0,0.024975000000000004,Sori-Borowanrou,ALIBORI,Travaux HTA
HC-296,5f2379b2,ALI_Gog_04,P2AE_Fouille_BT,Fouille réseau basse tension,308.0,Fouille_BT,0.0467,302.0,0.9805194805194806,308.0,0.04579025974025974,Sori-Borowanrou,ALIBORI,Travaux BT
HC-297,9fedf384,ALI_Gog_05,P2AE_PBA_BT,PBA 9A200,111.0,PBA_BT,0.42,105.0,0.9459459459459459,220.0,0.20045454545454544,Sori-Kpankpanrou,ALIBORI,Travaux BT
HC-298,9b0e99c6,ALI_Gog_05,P2AE_PBA_BT,PBA 9A650,87.0,PBA_BT,0.42,89.0,1.0,220.0,0.1660909090909091,Sori-Kpankpanrou,ALIBORI,Travaux BT
HC-299,1fd63c1c,ALI_Gog_05,P2AE_PBA_BT,PBA 9C650,22.0,PBA_BT,0.42,21.0,0.9545454545454546,220.0,0.040090909090909094,Sori-Kpankpanrou,ALIBORI,Travaux BT
HC-300,22310fd9,ALI_Gog_05,P2AE_PBA_HTA,PBA 11A1250,1.0,PBA_HTA,0.3,1.0,1.0,10.0,0.03,Sori-Kpankpanrou,ALIBORI,Travaux HTA
HC-301,f166d6f0,ALI_Gog_05,P2AE_PBA_HTA,PBA 12A800,1.0,PBA_HTA,0.3,1.0,1.0,10.0,0.03,Sori-Kpankpanrou,ALIBORI,Travaux HTA
HC-302,edb9f700,ALI_Gog_05,P2AE_PBA_HTA,PBA 13A400,5.0,PBA_HTA,0.3,5.0,1.0,10.0,0.15,Sori-Kpankpanrou,ALIBORI,Travaux HTA
HC-303,53ae1d86,ALI_Gog_05,P2AE_PBA_HTA,PBA 13C800,2.0,PBA_HTA,0.3,2.0,1.0,10.0,0.06,Sori-Kpankpanrou,ALIBORI,Travaux HTA
HC-304,8bea8e0a,ALI_Gog_05,P2AE_Cable_HTA,ASTER 54mm²,425.0,Cable_HTA,0.3333,366.9,0.8632941176470588,425.0,0.2877359294117647,Sori-Kpankpanrou,ALIBORI,Travaux HTA
HC-305,0a7710ee,ALI_Gog_05,P2AE_Cable_BT,PRC 50mm²,8550.0,Cable_BT,0.3111,6763.9400000000005,0.7911040935672515,13131.0,0.1602514457390907,Sori-Kpankpanrou,ALIBORI,Travaux BT
HC-306,d1962a46,ALI_Gog_05,P2AE_Cable_BT,PRC 70mm²,4581.0,Cable_BT,0.3111,3285.12,0.7171185330713817,13131.0,0.07783115010281012,Sori-Kpankpanrou,ALIBORI,Travaux BT
HC-307,1bda5c47,ALI_Gog_05,P2AE_DMT,Point Double DMT-CC,1.0,DMT-CC,0.0833,0.0,0.0,1.0,0.0,Sori-Kpankpanrou,ALIBORI,Travaux HTA
HC-308,ef9cf067,ALI_Gog_05,P2AE_IACM,IACM,1.0,IACM,0.0833,1.0,1.0,1.0,0.0833,Sori-Kpankpanrou,ALIBORI,Travaux HTA
HC-309,16060e4d,ALI_Gog_05,P2AE_TFO,Transformateur 160 kVA,1.0,TFO,0.1667,1.0,1.0,1.0,0.1667,Sori-Kpankpanrou,ALIBORI,Travaux HTA
HC-310,116e2f3c,ALI_Gog_05,P2AE_EP,EP,84.0,EP,0.1556,78.0,0.9285714285714286,84.0,0.14448571428571427,Sori-Kpankpanrou,ALIBORI,Travaux BT
HC-311,077dbf72,ALI_Gog_05,P2AE_Terre,Mise à la terre,64.0,Terre,0.0667,0.0,0.0,64.0,0.0,Sori-Kpankpanrou,ALIBORI,Travaux BT
HC-312,5cf96d0d,ALI_Gog_05,P2AE_Fouille_HTA,Fouille réseau haute tension,9.0,Fouille_HTA,0.0333,10.0,1.0,9.0,0.0333,Sori-Kpankpanrou,ALIBORI,Travaux HTA
HC-313,2061b43a,ALI_Gog_05,P2AE_Fouille_BT,Fouille réseau basse tension,221.0,Fouille_BT,0.0467,215.0,0.9728506787330317,221.0,0.045432126696832574,Sori-Kpankpanrou,ALIBORI,Travaux BT
HC-314,cd598c75,ALI_Kan_01,P2AE_PBA_BT,PBA 9A200,23.0,PBA_BT,0.42,23.0,1.0,47.0,0.205531914893617,Kandi-fô,ALIBORI,Travaux BT
HC-315,1fe48d61,ALI_Kan_01,P2AE_PBA_BT,PBA 9A650,19.0,PBA_BT,0.42,19.0,1.0,47.0,0.16978723404255316,Kandi-fô,ALIBORI,Travaux BT
HC-316,836009dd,ALI_Kan_01,P2AE_PBA_BT,PBA 9C650,3.0,PBA_BT,0.42,3.0,1.0,47.0,0.02680851063829787,Kandi-fô,ALIBORI,Travaux BT
HC-317,62811a08,ALI_Kan_01,P2AE_PBA_BT,PBA 9C800,2.0,PBA_BT,0.42,2.0,1.0,47.0,0.017872340425531912,Kandi-fô,ALIBORI,Travaux BT
HC-318,e0ebaa6d,ALI_Kan_01,P2AE_PBA_HTA,PBA 11A1250,1.0,PBA_HTA,0.3,1.0,1.0,21.0,0.014285714285714284,Kandi-fô,ALIBORI,Travaux HTA
HC-319,539c5b6c,ALI_Kan_01,P2AE_PBA_HTA,PBA 12A800,5.0,PBA_HTA,0.3,1.0,0.2,21.0,0.014285714285714284,Kandi-fô,ALIBORI,Travaux HTA
HC-320,d1eea98f,ALI_Kan_01,P2AE_PBA_HTA,PBA 13A400,5.0,PBA_HTA,0.3,0.0,0.0,21.0,0.0,Kandi-fô,ALIBORI,Travaux HTA
HC-321,ca4a12a1,ALI_Kan_01,P2AE_PBA_HTA,PBA 13C800,3.0,PBA_HTA,0.3,0.0,0.0,21.0,0.0,Kandi-fô,ALIBORI,Travaux HTA
HC-322,dedfa021,ALI_Kan_01,P2AE_PBA_HTA,PBA 14A1000,5.0,PBA_HTA,0.3,0.0,0.0,21.0,0.0,Kandi-fô,ALIBORI,Travaux HTA
HC-323,476953c3,ALI_Kan_01,P2AE_PBA_HTA,PBA 14C1000,1.0,PBA_HTA,0.3,0.0,0.0,21.0,0.0,Kandi-fô,ALIBORI,Travaux HTA
HC-324,497e35603,ALI_Kan_01,P2AE_Cable_HTA,ASTER 54mm²,80.0,Cable_HTA,0.3333,75.0,0.9375,80.0,0.31246874999999996,Kandi-fô,ALIBORI,Travaux HTA
HC-325,c706ff6e,ALI_Kan_01,P2AE_Cable_BT,PRC 50mm²,1920.0,Cable_BT,0.3111,839.0,0.43697916666666664,3225.0,0.08093423255813953,Kandi-fô,ALIBORI,Travaux BT
HC-326,5e330fc7,ALI_Kan_01,P2AE_Cable_BT,PRC 70mm²,1305.0,Cable_BT,0.3111,450.0,0.3448275862068966,3225.0,0.04340930232558139,Kandi-fô,ALIBORI,Travaux BT
HC-327,87530a00,ALI_Kan_01,P2AE_EP,EP,38.0,EP,0.1556,0.0,0.0,38.0,0.0,Kandi-fô,ALIBORI,Travaux BT
HC-328,810bcfae,ALI_Kan_01,P2AE_Terre,Mise à la terre,32.0,Terre,0.0667,16.0,0.5,32.0,0.03335,Kandi-fô,ALIBORI,Travaux BT
HC-329,f1d4af89,ALI_Kan_01,P2AE_Fouille_HTA,Fouille réseau haute tension,20.0,Fouille_HTA,0.0333,2.0,0.1,20.0,0.0033300000000000005,Kandi-fô,ALIBORI,Travaux HTA
HC-330,37b37fab,ALI_Kan_01,P2AE_Fouille_BT,Fouille réseau basse tension,49.0,Fouille_BT,0.0467,48.0,0.9795918367346939,49.0,0.0457469387755102,Kandi-fô,ALIBORI,Travaux BT
HC-331,58e013f2,ALI_Kan_02,P2AE_PBA_BT,PBA 9A200,147.0,PBA_BT,0.42,137.0,0.9319727891156463,251.0,0.22924302788844622,Albarika,ALIBORI,Travaux BT
HC-332,3a955806,ALI_Kan_02,P2AE_PBA_BT,PBA 9A650,84.0,PBA_BT,0.42,84.0,1.0,251.0,0.14055776892430277,Albarika,ALIBORI,Travaux BT
HC-333,d3924019,ALI_Kan_02,P2AE_PBA_BT,PBA 9C650,17.0,PBA_BT,0.42,15.0,0.8823529411764706,251.0,0.025099601593625495,Albarika,ALIBORI,Travaux BT
HC-334,d3c4e7f6,ALI_Kan_02,P2AE_PBA_BT,PBA 9C800,3.0,PBA_BT,0.42,2.0,0.6666666666666666,251.0,0.0033466135458167325,Albarika,ALIBORI,Travaux BT
HC-335,ac3ce0c9,ALI_Kan_02,P2AE_PBA_HTA,PBA 11A1250,2.0,PBA_HTA,0.3,2.0,1.0,16.0,0.0375,Albarika,ALIBORI,Travaux HTA
HC-336,79dff89f,ALI_Kan_02,P2AE_PBA_HTA,PBA 12A800,2.0,PBA_HTA,0.3,2.0,1.0,16.0,0.0375,Albarika,ALIBORI,Travaux HTA
HC-337,0a19fbbd,ALI_Kan_02,P2AE_PBA_HTA,PBA 13A400,2.0,PBA_HTA,0.3,3.0,1.0,16.0,0.0375,Albarika,ALIBORI,Travaux HTA
HC-338,1bb29119,ALI_Kan_02,P2AE_PBA_HTA,PBA 13C800,5.0,PBA_HTA,0.3,3.0,0.6,16.0,0.056249999999999994,Albarika,ALIBORI,Travaux HTA
HC-339,36674afe,ALI_Kan_02,P2AE_PBA_HTA,PBA 14A1000,1.0,PBA_HTA,0.3,0.0,0.0,16.0,0.0,Albarika,ALIBORI,Travaux HTA
HC-340,4e8e7143,ALI_Kan_02,P2AE_PBA_HTA,PBA 14C1000,2.0,PBA_HTA,0.3,2.0,1.0,16.0,0.0375,Albarika,ALIBORI,Travaux HTA
HC-341,ddef61fd,ALI_Kan_02,P2AE_Cable_HTA,ASTER 54mm²,350.0,Cable_HTA,0.3333,298.0,0.8514285714285714,350.0,0.28378114285714284,Albarika,ALIBORI,Travaux HTA
HC-342,e660d565,ALI_Kan_02,P2AE_Cable_BT,PRC 50mm²,7505.0,Cable_BT,0.3111,6339.9,0.8447568287808127,11615.0,0.16980997761515282,Albarika,ALIBORI,Travaux BT
HC-343,dea88019,ALI_Kan_02,P2AE_Cable_BT,PRC 70mm²,4110.0,Cable_BT,0.3111,2407.0699999999997,0.585661800486618,11615.0,0.06447175867412827,Albarika,ALIBORI,Travaux BT
HC-344,4db2fa91,ALI_Kan_02,P2AE_DMT,Point Double DMT-CC,2.0,DMT-CC,0.0833,0.0,0.0,2.0,0.0,Albarika,ALIBORI,Travaux HTA
HC-345,90b7e24b,ALI_Kan_02,P2AE_IACM,IACM,2.0,IACM,0.0833,0.0,0.0,2.0,0.0,Albarika,ALIBORI,Travaux HTA
HC-346,5e45f915,ALI_Kan_02,P2AE_TFO,Transformateur 160 kVA,2.0,TFO,0.1667,0.0,0.0,2.0,0.0,Albarika,ALIBORI,Travaux HTA
HC-347,495fe90e,ALI_Kan_02,P2AE_EP,EP,128.0,EP,0.1556,53.0,0.4140625,128.0,0.06442812499999999,Albarika,ALIBORI,Travaux BT
HC-348,7d879cb5,ALI_Kan_02,P2AE_Terre,Mise à la terre,76.0,Terre,0.0667,33.0,0.4342105263157895,76.0,0.028961842105263157,Albarika,ALIBORI,Travaux BT
HC-349,761c4126,ALI_Kan_02,P2AE_Fouille_HTA,Fouille réseau haute tension,14.0,Fouille_HTA,0.0333,14.0,1.0,14.0,0.0333,Albarika,ALIBORI,Travaux HTA
HC-350,a7e789ef,ALI_Kan_02,P2AE_Fouille_BT,Fouille réseau basse tension,253.0,Fouille_BT,0.0467,238.0,0.9407114624505929,253.0,0.04393122529644269,Albarika,ALIBORI,Travaux BT
HC-351,61c1e911,ALI_Kan_03,P2AE_PBA_BT,PBA 9A200,19.0,PBA_BT,0.42,9.0,0.47368421052631576,33.0,0.11454545454545455,Kéféré-Senté,ALIBORI,Travaux BT
HC-352,4dfbcc6c,ALI_Kan_03,P2AE_PBA_BT,PBA 9A650,12.0,PBA_BT,0.42,8.0,0.6666666666666666,33.0,0.10181818181818181,Kéféré-Senté,ALIBORI,Travaux BT
HC-353,04cc362f,ALI_Kan_03,P2AE_PBA_BT,PBA 9C650,2.0,PBA_BT,0.42,1.0,0.5,33.0,0.012727272727272728,Kéféré-Senté,ALIBORI,Travaux BT
HC-354,1f4243cc,ALI_Kan_03,P2AE_PBA_HTA,PBA 11A1250,1.0,PBA_HTA,0.3,1.0,1.0,8.0,0.0375,Kéféré-Senté,ALIBORI,Travaux HTA
HC-355,7346bf23,ALI_Kan_03,P2AE_PBA_HTA,PBA 12A800,1.0,PBA_HTA,0.3,1.0,1.0,8.0,0.0375,Kéféré-Senté,ALIBORI,Travaux HTA
HC-356,f2b16240,ALI_Kan_03,P2AE_PBA_HTA,PBA 13A400,1.0,PBA_HTA,0.3,0.0,0.0,8.0,0.0,Kéféré-Senté,ALIBORI,Travaux HTA
HC-357,b001913b,ALI_Kan_03,P2AE_PBA_HTA,PBA 13C1250,2.0,PBA_HTA,0.3,2.0,1.0,8.0,0.075,Kéféré-Senté,ALIBORI,Travaux HTA
HC-358,da2fb789,ALI_Kan_03,P2AE_PBA_HTA,PBA 13C800,2.0,PBA_HTA,0.3,0.0,0.0,8.0,0.0,Kéféré-Senté,ALIBORI,Travaux HTA
HC-359,ba5d33b9,ALI_Kan_03,P2AE_Cable_HTA,ASTER 54mm²,245.0,Cable_HTA,0.3333,0.0,0.0,245.0,0.0,Kéféré-Senté,ALIBORI,Travaux HTA
HC-360,ddc71ef1,ALI_Kan_03,P2AE_Cable_BT,PRC 50mm²,950.0,Cable_BT,0.3111,0.0,0.0,1175.0,0.0,Kéféré-Senté,ALIBORI,Travaux BT
HC-361,3954cc2c,ALI_Kan_03,P2AE_Cable_BT,PRC 70mm²,225.0,Cable_BT,0.3111,0.0,0.0,1175.0,0.0,Kéféré-Senté,ALIBORI,Travaux BT
HC-362,b16c31f6,ALI_Kan_03,P2AE_DMT,Point Double DMT-CC,1.0,DMT-CC,0.0833,0.0,0.0,1.0,0.0,Kéféré-Senté,ALIBORI,Travaux HTA
HC-363,3d8b0e97,ALI_Kan_03,P2AE_IACM,IACM,1.0,IACM,0.0833,0.0,0.0,1.0,0.0,Kéféré-Senté,ALIBORI,Travaux HTA
HC-364,430bd8b0,ALI_Kan_03,P2AE_TFO,Transformateur 160 kVA,1.0,TFO,0.1667,0.0,0.0,1.0,0.0,Kéféré-Senté,ALIBORI,Travaux HTA
HC-365,04ba18f9,ALI_Kan_03,P2AE_EP,EP,11.0,EP,0.1556,0.0,0.0,11.0,0.0,Kéféré-Senté,ALIBORI,Travaux BT
HC-366,ba660deb,ALI_Kan_03,P2AE_Terre,Mise à la terre,11.0,Terre,0.0667,0.0,0.0,11.0,0.0,Kéféré-Senté,ALIBORI,Travaux BT
HC-367,16bf1526,ALI_Kan_03,P2AE_Fouille_HTA,Fouille réseau haute tension,7.0,Fouille_HTA,0.0333,5.0,0.7142857142857143,7.0,0.02378571428571429,Kéféré-Senté,ALIBORI,Travaux HTA
HC-368,02eb6a26,ALI_Kan_03,P2AE_Fouille_BT,Fouille réseau basse tension,34.0,Fouille_BT,0.0467,18.0,0.5294117647058824,34.0,0.024723529411764707,Kéféré-Senté,ALIBORI,Travaux BT
HC-369,f598a955,ALI_Kan_04,P2AE_PBA_BT,PBA 9A200,104.0,PBA_BT,0.42,104.0,1.0,205.0,0.2130731707317073,Ganssoso-Gbiga,ALIBORI,Travaux BT
HC-370,089c081d,ALI_Kan_04,P2AE_PBA_BT,PBA 9A650,81.0,PBA_BT,0.42,82.0,1.0,205.0,0.16595121951219513,Ganssoso-Gbiga,ALIBORI,Travaux BT
HC-371,972e3063,ALI_Kan_04,P2AE_PBA_BT,PBA 9C650,19.0,PBA_BT,0.42,17.0,0.8947368421052632,205.0,0.03482926829268292,Ganssoso-Gbiga,ALIBORI,Travaux BT
HC-372,e906b23e,ALI_Kan_04,P2AE_PBA_BT,PBA 9C800,1.0,PBA_BT,0.42,1.0,1.0,205.0,0.002048780487804878,Ganssoso-Gbiga,ALIBORI,Travaux BT
HC-373,e6505c9b,ALI_Kan_04,P2AE_PBA_HTA,PBA 11A1250,2.0,PBA_HTA,0.3,2.0,1.0,18.0,0.03333333333333333,Ganssoso-Gbiga,ALIBORI,Travaux HTA
HC-374,a0e5d663,ALI_Kan_04,P2AE_PBA_HTA,PBA 12A800,2.0,PBA_HTA,0.3,2.0,1.0,18.0,0.03333333333333333,Ganssoso-Gbiga,ALIBORI,Travaux HTA
HC-375,9f11ed2e,ALI_Kan_04,P2AE_PBA_HTA,PBA 13A400,3.0,PBA_HTA,0.3,2.0,0.6666666666666666,18.0,0.033333333333333326,Ganssoso-Gbiga,ALIBORI,Travaux HTA
HC-376,952a9237,ALI_Kan_04,P2AE_PBA_HTA,PBA 13C800,6.0,PBA_HTA,0.3,3.0,0.5,18.0,0.049999999999999996,Ganssoso-Gbiga,ALIBORI,Travaux HTA
HC-377,cbcbf2ea,ALI_Kan_04,P2AE_PBA_HTA,PBA 14A1000,1.0,PBA_HTA,0.3,0.0,0.0,18.0,0.0,Ganssoso-Gbiga,ALIBORI,Travaux HTA
HC-378,d6b8ec48,ALI_Kan_04,P2AE_PBA_HTA,PBA 14C1000,2.0,PBA_HTA,0.3,0.0,0.0,18.0,0.0,Ganssoso-Gbiga,ALIBORI,Travaux HTA
HC-379,6d4b8172,ALI_Kan_04,P2AE_Cable_HTA,ASTER 54mm²,420.0,Cable_HTA,0.3333,146.3,0.3483333333333334,420.0,0.11609950000000001,Ganssoso-Gbiga,ALIBORI,Travaux HTA
HC-380,18d1bfda,ALI_Kan_04,P2AE_Cable_BT,PRC 50mm²,7050.0,Cable_BT,0.3111,6189.0,0.8778723404255319,10370.0,0.18566999999999997,Ganssoso-Gbiga,ALIBORI,Travaux BT
HC-381,122f4dca,ALI_Kan_04,P2AE_Cable_BT,PRC 70mm²,3320.0,Cable_BT,0.3111,2009.05,0.6051355421686747,10370.0,0.0602715,Ganssoso-Gbiga,ALIBORI,Travaux BT
HC-382,9072351d,ALI_Kan_04,P2AE_DMT,Point Double DMT-CC,2.0,DMT-CC,0.0833,0.0,0.0,2.0,0.0,Ganssoso-Gbiga,ALIBORI,Travaux HTA
HC-383,3c9baafa,ALI_Kan_04,P2AE_IACM,IACM,2.0,IACM,0.0833,2.0,1.0,2.0,0.0833,Ganssoso-Gbiga,ALIBORI,Travaux HTA
HC-384,734eb666,ALI_Kan_04,P2AE_TFO,Transformateur 160 kVA,2.0,TFO,0.1667,0.0,0.0,2.0,0.0,Ganssoso-Gbiga,ALIBORI,Travaux HTA
HC-385,1bcc8071,ALI_Kan_04,P2AE_EP,EP,94.0,EP,0.1556,67.0,0.7127659574468085,94.0,0.11090638297872339,Ganssoso-Gbiga,ALIBORI,Travaux BT
HC-386,c386f58c,ALI_Kan_04,P2AE_Terre,Mise à la terre,74.0,Terre,0.0667,48.0,0.6486486486486487,74.0,0.04326486486486487,Ganssoso-Gbiga,ALIBORI,Travaux BT
HC-387,71b33790,ALI_Kan_04,P2AE_Fouille_HTA,Fouille réseau haute tension,16.0,Fouille_HTA,0.0333,11.0,0.6875,16.0,0.02289375,Ganssoso-Gbiga,ALIBORI,Travaux HTA
HC-388,541754a7,ALI_Kan_04,P2AE_Fouille_BT,Fouille réseau basse tension,208.0,Fouille_BT,0.0467,205.0,0.9855769230769231,208.0,0.04602644230769231,Ganssoso-Gbiga,ALIBORI,Travaux BT
HC-389,61f6bd4d,ALI_Kan_05,P2AE_PBA_BT,PBA 9A200,22.0,PBA_BT,0.42,22.0,1.0,52.0,0.17769230769230768,Soundou,ALIBORI,Travaux BT
HC-390,0da904ec,ALI_Kan_05,P2AE_PBA_BT,PBA 9A650,26.0,PBA_BT,0.42,24.0,0.9230769230769231,52.0,0.19384615384615386,Soundou,ALIBORI,Travaux BT
HC-391,bbe0ac43,ALI_Kan_05,P2AE_PBA_BT,PBA 9C650,4.0,PBA_BT,0.42,4.0,1.0,52.0,0.03230769230769231,Soundou,ALIBORI,Travaux BT
HC-392,9e37a6ac,ALI_Kan_05,P2AE_PBA_HTA,PBA 11A1250,1.0,PBA_HTA,0.3,1.0,1.0,7.0,0.04285714285714285,Soundou,ALIBORI,Travaux HTA
HC-393,3bc8eab6,ALI_Kan_05,P2AE_PBA_HTA,PBA 12A800,1.0,PBA_HTA,0.3,1.0,1.0,7.0,0.04285714285714285,Soundou,ALIBORI,Travaux HTA
HC-394,b1541a0d,ALI_Kan_05,P2AE_PBA_HTA,PBA 13A400,1.0,PBA_HTA,0.3,1.0,1.0,7.0,0.04285714285714285,Soundou,ALIBORI,Travaux HTA
HC-395,6b221782,ALI_Kan_05,P2AE_PBA_HTA,PBA 13C800,2.0,PBA_HTA,0.3,2.0,1.0,7.0,0.0857142857142857,Soundou,ALIBORI,Travaux HTA
HC-396,5bed5f62,ALI_Kan_05,P2AE_PBA_HTA,PBA 14C1000,1.0,PBA_HTA,0.3,0.0,0.0,7.0,0.0,Soundou,ALIBORI,Travaux HTA
HC-397,973t39187,ALI_Kan_05,P2AE_Cable_HTA,ASTER 54mm²,190.0,Cable_HTA,0.3333,150.0,0.7894736842105263,190.0,0.26313157894736844,Soundou,ALIBORI,Travaux HTA
HC-398,20754c92,ALI_Kan_05,P2AE_Cable_BT,PRC 50mm²,1920.0,Cable_BT,0.3111,1770.0,0.921875,2180.0,0.2525903669724771,Soundou,ALIBORI,Travaux BT
HC-399,31d6c113,ALI_Kan_05,P2AE_Cable_BT,PRC 70mm²,260.0,Cable_BT,0.3111,260.0,1.0,2180.0,0.037103669724770645,Soundou,ALIBORI,Travaux BT
HC-400,c56afe7c,ALI_Kan_05,P2AE_DMT,Point Double DMT-CC,1.0,DMT-CC,0.0833,0.0,0.0,1.0,0.0,Soundou,ALIBORI,Travaux HTA
HC-401,589ada51,ALI_Kan_05,P2AE_IACM,IACM,1.0,IACM,0.0833,0.0,0.0,1.0,0.0,Soundou,ALIBORI,Travaux HTA
HC-402,a55e9db4,ALI_Kan_05,P2AE_TFO,Transformateur 160 kVA,1.0,TFO,0.1667,0.0,0.0,1.0,0.0,Soundou,ALIBORI,Travaux HTA
HC-403,fd2c7296,ALI_Kan_05,P2AE_EP,EP,25.0,EP,0.1556,0.0,0.0,25.0,0.0,Soundou,ALIBORI,Travaux BT
HC-404,d84884d3,ALI_Kan_05,P2AE_Terre,Mise à la terre,23.0,Terre,0.0667,0.0,0.0,23.0,0.0,Soundou,ALIBORI,Travaux BT
HC-405,a906d1c4,ALI_Kan_05,P2AE_Fouille_HTA,Fouille réseau haute tension,6.0,Fouille_HTA,0.0333,5.0,0.8333333333333334,6.0,0.027750000000000004,Soundou,ALIBORI,Travaux HTA
HC-406,6677d762,ALI_Kan_05,P2AE_Fouille_BT,Fouille réseau basse tension,53.0,Fouille_BT,0.0467,51.0,0.9622641509433962,53.0,0.0449377358490566,Soundou,ALIBORI,Travaux BT
HC-407,df519c0c,ALI_Kan_06,P2AE_PBA_BT,PBA 11C650,3.0,PBA_BT,0.42,1.0,0.3333333333333333,50.0,0.0084,Fafa,ALIBORI,Travaux BT
HC-408,28390cb9,ALI_Kan_06,P2AE_PBA_BT,PBA 9A200,29.0,PBA_BT,0.42,25.0,0.8620689655172413,50.0,0.20999999999999996,Fafa,ALIBORI,Travaux BT
HC-409,974ff616,ALI_Kan_06,P2AE_PBA_BT,PBA 9A650,16.0,PBA_BT,0.42,17.0,1.0,50.0,0.1344,Fafa,ALIBORI,Travaux BT
HC-410,7806i4188,ALI_Kan_06,P2AE_PBA_BT,PBA 9C650,1.0,PBA_BT,0.42,1.0,1.0,50.0,0.0084,Fafa,ALIBORI,Travaux BT
HC-411,46d5c23c,ALI_Kan_06,P2AE_PBA_BT,PBA 9C800,1.0,PBA_BT,0.42,1.0,1.0,50.0,0.0084,Fafa,ALIBORI,Travaux BT
HC-412,35ed2f94,ALI_Kan_06,P2AE_PBA_HTA,PBA 11A1250,1.0,PBA_HTA,0.3,1.0,1.0,17.0,0.01764705882352941,Fafa,ALIBORI,Travaux HTA
HC-413,bb3d3ddb,ALI_Kan_06,P2AE_PBA_HTA,PBA 12A800,1.0,PBA_HTA,0.3,1.0,1.0,17.0,0.01764705882352941,Fafa,ALIBORI,Travaux HTA
HC-414,756ace2b,ALI_Kan_06,P2AE_PBA_HTA,PBA 14A1000,10.0,PBA_HTA,0.3,0.0,0.0,17.0,0.0,Fafa,ALIBORI,Travaux HTA
HC-415,5d367e91,ALI_Kan_06,P2AE_PBA_HTA,PBA 14C1000,4.0,PBA_HTA,0.3,0.0,0.0,17.0,0.0,Fafa,ALIBORI,Travaux HTA
HC-416,605l67563,ALI_Kan_06,P2AE_Cable_HTA,ASTER 54mm²,100.0,Cable_HTA,0.3333,58.18,0.5818,100.0,0.19391393999999998,Fafa,ALIBORI,Travaux HTA
HC-417,5e531320,ALI_Kan_06,P2AE_Cable_BT,PRC 50mm²,2320.0,Cable_BT,0.3111,1772.5,0.7640086206896551,3360.0,0.1641145089285714,Fafa,ALIBORI,Travaux BT
HC-418,a84ed8dd,ALI_Kan_06,P2AE_Cable_BT,PRC 70mm²,1040.0,Cable_BT,0.3111,0.0,0.0,3360.0,0.0,Fafa,ALIBORI,Travaux BT
HC-419,609f3b2f,ALI_Kan_06,P2AE_DMT,Point Double DMT-CC,1.0,DMT-CC,0.0833,0.0,0.0,1.0,0.0,Fafa,ALIBORI,Travaux HTA
HC-420,9b21046f,ALI_Kan_06,P2AE_IACM,IACM,1.0,IACM,0.0833,0.0,0.0,1.0,0.0,Fafa,ALIBORI,Travaux HTA
HC-421,57f1b39e,ALI_Kan_06,P2AE_TFO,Transformateur 160 kVA,1.0,TFO,0.1667,0.0,0.0,1.0,0.0,Fafa,ALIBORI,Travaux HTA
HC-422,9131cb50,ALI_Kan_06,P2AE_EP,EP,27.0,EP,0.1556,0.0,0.0,27.0,0.0,Fafa,ALIBORI,Travaux BT
HC-423,c4425f13,ALI_Kan_06,P2AE_Terre,Mise à la terre,20.0,Terre,0.0667,0.0,0.0,20.0,0.0,Fafa,ALIBORI,Travaux BT
HC-424,98aee3ad,ALI_Kan_06,P2AE_Fouille_HTA,Fouille réseau haute tension,16.0,Fouille_HTA,0.0333,2.0,0.125,16.0,0.0041625,Fafa,ALIBORI,Travaux HTA
HC-425,c9f39715,ALI_Kan_06,P2AE_Fouille_BT,Fouille réseau basse tension,51.0,Fouille_BT,0.0467,46.0,0.9019607843137255,51.0,0.04212156862745098,Fafa,ALIBORI,Travaux BT
HC-426,0c634d1c,DON_Bas_01,P2AE_PBA_BT,PBA 9A200,68.0,PBA_BT,0.42,59.0,0.8676470588235294,138.0,0.17956521739130435,Partago,DONGA,Travaux BT
HC-427,7c1e0d12,DON_Bas_01,P2AE_PBA_BT,PBA 9A650,57.0,PBA_BT,0.42,52.0,0.9122807017543859,138.0,0.15826086956521737,Partago,DONGA,Travaux BT
HC-428,63bbedc6,DON_Bas_01,P2AE_PBA_BT,PBA 9C650,13.0,PBA_BT,0.42,0.0,0.0,138.0,0.0,Partago,DONGA,Travaux BT
HC-429,d25e0540,DON_Bas_01,P2AE_PBA_HTA,PBA 11A1250,1.0,PBA_HTA,0.3,1.0,1.0,4.0,0.075,Partago,DONGA,Travaux HTA
HC-430,bf7ce2fa,DON_Bas_01,P2AE_PBA_HTA,PBA 12A800,1.0,PBA_HTA,0.3,1.0,1.0,4.0,0.075,Partago,DONGA,Travaux HTA
HC-431,c5134404,DON_Bas_01,P2AE_PBA_HTA,PBA 13C800,1.0,PBA_HTA,0.3,0.0,0.0,4.0,0.0,Partago,DONGA,Travaux HTA
HC-432,d5bba431,DON_Bas_01,P2AE_Cable_HTA,ASTER 54mm²,153.0,Cable_HTA,0.3333,0.0,0.0,153.0,0.0,Partago,DONGA,Travaux HTA
HC-433,ecf2aac4,DON_Bas_01,P2AE_Cable_HTA,ASTER 75mm²,0.0,Cable_HTA,0.3333,0.0,0.0,153.0,0.0,Partago,DONGA,Travaux HTA
HC-434,7d028f38,DON_Bas_01,P2AE_Cable_BT,PRC 50mm²,6050.0,Cable_BT,0.3111,0.0,0.0,6185.0,0.0,Partago,DONGA,Travaux BT
HC-435,822c9213,DON_Bas_01,P2AE_Cable_BT,PRC 70mm²,135.0,Cable_BT,0.3111,0.0,0.0,6185.0,0.0,Partago,DONGA,Travaux BT
HC-436,d93af626,DON_Bas_01,P2AE_DMT,Point Double DMT-CC,1.0,DMT-CC,0.0833,0.0,0.0,1.0,0.0,Partago,DONGA,Travaux HTA
HC-437,20bf0aa4,DON_Bas_01,P2AE_IACM,IACM,1.0,IACM,0.0833,0.0,0.0,1.0,0.0,Partago,DONGA,Travaux HTA
HC-438,1cf29a2f,DON_Bas_01,P2AE_TFO,Transformateur 160 kVA,1.0,TFO,0.1667,0.0,0.0,1.0,0.0,Partago,DONGA,Travaux HTA
HC-439,90baf2d5,DON_Bas_01,P2AE_EP,EP,54.0,EP,0.1556,0.0,0.0,54.0,0.0,Partago,DONGA,Travaux BT
HC-440,202faf99,DON_Bas_01,P2AE_Terre,Mise à la terre,46.0,Terre,0.0667,0.0,0.0,46.0,0.0,Partago,DONGA,Travaux BT
HC-441,50o58371,DON_Bas_01,P2AE_Fouille_HTA,Fouille réseau haute tension,3.0,Fouille_HTA,0.0333,0.0,0.0,3.0,0.0,Partago,DONGA,Travaux HTA
HC-442,806d0e68,DON_Bas_01,P2AE_Fouille_BT,Fouille réseau basse tension,139.0,Fouille_BT,0.0467,77.0,0.5539568345323741,139.0,0.02586978417266187,Partago,DONGA,Travaux BT
HC-443,830c6e17,DON_Bas_02,P2AE_PBA_BT,PBA 11C650,2.0,PBA_BT,0.42,2.0,1.0,213.0,0.003943661971830986,Oké-Igboélé,DONGA,Travaux BT
HC-444,86b1a6e4,DON_Bas_02,P2AE_PBA_BT,PBA 9A200,111.0,PBA_BT,0.42,111.0,1.0,213.0,0.2188732394366197,Oké-Igboélé,DONGA,Travaux BT
HC-445,90cbd802,DON_Bas_02,P2AE_PBA_BT,PBA 9A650,77.0,PBA_BT,0.42,74.0,0.961038961038961,213.0,0.14591549295774647,Oké-Igboélé,DONGA,Travaux BT
HC-446,a5945017,DON_Bas_02,P2AE_PBA_BT,PBA 9C650,23.0,PBA_BT,0.42,23.0,1.0,213.0,0.045352112676056336,Oké-Igboélé,DONGA,Travaux BT
HC-447,111e6de9,DON_Bas_02,P2AE_PBA_HTA,PBA 11A1250,2.0,PBA_HTA,0.3,2.0,1.0,44.0,0.013636363636363636,Oké-Igboélé,DONGA,Travaux HTA
HC-448,cfe9974f,DON_Bas_02,P2AE_PBA_HTA,PBA 12A800,2.0,PBA_HTA,0.3,2.0,1.0,44.0,0.013636363636363636,Oké-Igboélé,DONGA,Travaux HTA
HC-449,1d8cbaca,DON_Bas_02,P2AE_PBA_HTA,PBA 13A400,23.0,PBA_HTA,0.3,19.0,0.8260869565217391,44.0,0.12954545454545452,Oké-Igboélé,DONGA,Travaux HTA
HC-450,c7f52aa7,DON_Bas_02,P2AE_PBA_HTA,PBA 13C1250,1.0,PBA_HTA,0.3,1.0,1.0,44.0,0.006818181818181818,Oké-Igboélé,DONGA,Travaux HTA
HC-451,ff732e0a,DON_Bas_02,P2AE_PBA_HTA,PBA 13C800,14.0,PBA_HTA,0.3,8.0,0.5714285714285714,44.0,0.054545454545454536,Oké-Igboélé,DONGA,Travaux HTA
HC-452,6e8e9474,DON_Bas_02,P2AE_Cable_HTA,ASTER 54mm²,1473.0,Cable_HTA,0.3333,0.0,0.0,1473.0,0.0,Oké-Igboélé,DONGA,Travaux HTA
HC-453,cbe511c4,DON_Bas_02,P2AE_Cable_HTA,ASTER 75mm²,0.0,Cable_HTA,0.3333,0.0,0.0,1473.0,0.0,Oké-Igboélé,DONGA,Travaux HTA
HC-454,0fb5dd68,DON_Bas_02,P2AE_Cable_BT,PRC 50mm²,8230.0,Cable_BT,0.3111,5252.98,0.6382721749696233,10190.0,0.16037311854759567,Oké-Igboélé,DONGA,Travaux BT
HC-455,93c9241f,DON_Bas_02,P2AE_Cable_BT,PRC 70mm²,1960.0,Cable_BT,0.3111,0.0,0.0,10190.0,0.0,Oké-Igboélé,DONGA,Travaux BT
HC-456,484d4240,DON_Bas_02,P2AE_DMT,Point Double DMT-CC,2.0,DMT-CC,0.0833,0.0,0.0,2.0,0.0,Oké-Igboélé,DONGA,Travaux HTA
HC-457,b3957f1b,DON_Bas_02,P2AE_IACM,IACM,2.0,IACM,0.0833,2.0,1.0,2.0,0.0833,Oké-Igboélé,DONGA,Travaux HTA
HC-458,7000c192,DON_Bas_02,P2AE_TFO,Transformateur 160 kVA,2.0,TFO,0.1667,0.0,0.0,2.0,0.0,Oké-Igboélé,DONGA,Travaux HTA
HC-459,3d083619,DON_Bas_02,P2AE_EP,EP,86.0,EP,0.1556,0.0,0.0,86.0,0.0,Oké-Igboélé,DONGA,Travaux BT
HC-460,6c0f9b49,DON_Bas_02,P2AE_Terre,Mise à la terre,64.0,Terre,0.0667,0.0,0.0,64.0,0.0,Oké-Igboélé,DONGA,Travaux BT
HC-461,ed1be846,DON_Bas_02,P2AE_Fouille_HTA,Fouille réseau haute tension,42.0,Fouille_HTA,0.0333,34.0,0.8095238095238095,42.0,0.02695714285714286,Oké-Igboélé,DONGA,Travaux HTA
HC-462,df17c444,DON_Bas_02,P2AE_Fouille_BT,Fouille réseau basse tension,216.0,Fouille_BT,0.0467,219.0,1.0,216.0,0.0467,Oké-Igboélé,DONGA,Travaux BT
HC-463,31710acc,DON_Bas_03,P2AE_PBA_BT,PBA 9A200,141.0,PBA_BT,0.42,82.0,0.5815602836879432,244.0,0.14114754098360655,Akaradè,DONGA,Travaux BT
HC-464,270bec47,DON_Bas_03,P2AE_PBA_BT,PBA 9C650,75.0,PBA_BT,0.42,3.0,0.04,244.0,0.005163934426229508,Akaradè,DONGA,Travaux BT
HC-465,8a4802c2,DON_Bas_03,P2AE_PBA_BT,PBA 9A650,18.0,PBA_BT,0.42,47.0,1.0,244.0,0.030983606557377048,Akaradè,DONGA,Travaux BT
HC-466,82d2ffa3,DON_Bas_03,P2AE_PBA_BT,PBA 11C650,10.0,PBA_BT,0.42,0.0,0.0,244.0,0.0,Akaradè,DONGA,Travaux BT
HC-467,694adcc3,DON_Bas_03,P2AE_Cable_BT,PRC 70mm²,4030.0,Cable_BT,0.3111,0.0,0.0,12860.0,0.0,Akaradè,DONGA,Travaux BT
HC-468,aa6f47da,DON_Bas_03,P2AE_Cable_BT,PRC 50mm²,8830.0,Cable_BT,0.3111,0.0,0.0,12860.0,0.0,Akaradè,DONGA,Travaux BT
HC-469,c819fc70,DON_Bas_03,P2AE_PBA_HTA,PBA 13A400,3.0,PBA_HTA,0.3,0.0,0.0,61.0,0.0,Akaradè,DONGA,Travaux HTA
HC-470,35cf629e,DON_Bas_03,P2AE_PBA_HTA,PBA 12A800,41.0,PBA_HTA,0.3,0.0,0.0,61.0,0.0,Akaradè,DONGA,Travaux HTA
HC-471,a5ea907a,DON_Bas_03,P2AE_PBA_HTA,PBA 11A1250,4.0,PBA_HTA,0.3,0.0,0.0,61.0,0.0,Akaradè,DONGA,Travaux HTA
HC-472,244accd5,DON_Bas_03,P2AE_PBA_HTA,PBA 13C800,10.0,PBA_HTA,0.3,0.0,0.0,61.0,0.0,Akaradè,DONGA,Travaux HTA
HC-473,680621u15,DON_Bas_03,P2AE_Cable_HTA,ASTER 54mm²,608.0,Cable_HTA,0.3333,0.0,0.0,608.0,0.0,Akaradè,DONGA,Travaux HTA
HC-474,35f31249,DON_Bas_03,P2AE_DMT,Point Double DMT-CC,3.0,DMT-CC,0.0833,0.0,0.0,3.0,0.0,Akaradè,DONGA,Travaux HTA
HC-475,2066e88e,DON_Bas_03,P2AE_IACM,IACM,3.0,IACM,0.0833,0.0,0.0,3.0,0.0,Akaradè,DONGA,Travaux HTA
HC-476,05a57dfd,DON_Bas_03,P2AE_TFO,Transformateur 160 kVA,3.0,TFO,0.1667,0.0,0.0,3.0,0.0,Akaradè,DONGA,Travaux HTA
HC-477,ec64ea72,DON_Bas_03,P2AE_EP,EP,115.0,EP,0.1556,0.0,0.0,115.0,0.0,Akaradè,DONGA,Travaux BT
HC-478,c1c6e8a9,DON_Bas_03,P2AE_Terre,Mise à la terre,79.0,Terre,0.0667,0.0,0.0,79.0,0.0,Akaradè,DONGA,Travaux BT
HC-479,8159ba33,DON_Bas_03,P2AE_Fouille_HTA,Fouille réseau haute tension,58.0,Fouille_HTA,0.0333,0.0,0.0,58.0,0.0,Akaradè,DONGA,Travaux HTA
HC-480,f8d87af2,DON_Bas_03,P2AE_Fouille_BT,Fouille réseau basse tension,244.0,Fouille_BT,0.0467,105.0,0.430327868852459,244.0,0.020096311475409835,Akaradè,DONGA,Travaux BT
HC-481,e8fb0238,DON_Bas_04,P2AE_PBA_BT,PBA 11C650,1.0,PBA_BT,0.42,0.0,0.0,14.0,0.0,Tchimbéri,DONGA,Travaux BT
HC-482,a2e65035,DON_Bas_04,P2AE_PBA_BT,PBA 9A200,6.0,PBA_BT,0.42,5.0,0.8333333333333334,14.0,0.15,Tchimbéri,DONGA,Travaux BT
HC-483,55f911d6,DON_Bas_04,P2AE_PBA_BT,PBA 9A650,7.0,PBA_BT,0.42,7.0,1.0,14.0,0.21,Tchimbéri,DONGA,Travaux BT
HC-484,996687d9,DON_Bas_04,P2AE_PBA_HTA,PBA 11A1250,1.0,PBA_HTA,0.3,0.0,0.0,28.0,0.0,Tchimbéri,DONGA,Travaux HTA
HC-485,68da7722,DON_Bas_04,P2AE_PBA_HTA,PBA 12A1250,2.0,PBA_HTA,0.3,0.0,0.0,28.0,0.0,Tchimbéri,DONGA,Travaux HTA
HC-486,fe6e1d27,DON_Bas_04,P2AE_PBA_HTA,PBA 12A800,24.0,PBA_HTA,0.3,0.0,0.0,28.0,0.0,Tchimbéri,DONGA,Travaux HTA
HC-487,9f67c050,DON_Bas_04,P2AE_PBA_HTA,PBA 13C800,1.0,PBA_HTA,0.3,0.0,0.0,28.0,0.0,Tchimbéri,DONGA,Travaux HTA
HC-488,cc48f485,DON_Bas_04,P2AE_Cable_HTA,ASTER 54mm²,153.0,Cable_HTA,0.3333,0.0,0.0,153.0,0.0,Tchimbéri,DONGA,Travaux HTA
HC-489,3c1fd3c4,DON_Bas_04,P2AE_Cable_HTA,ASTER 75mm²,0.0,Cable_HTA,0.3333,0.0,0.0,153.0,0.0,Tchimbéri,DONGA,Travaux HTA
HC-490,a7e55e21,DON_Bas_04,P2AE_Cable_BT,PRC 50mm²,530.0,Cable_BT,0.3111,0.0,0.0,1813.0,0.0,Tchimbéri,DONGA,Travaux BT
HC-491,b54c832a,DON_Bas_04,P2AE_Cable_BT,PRC 70mm²,1283.0,Cable_BT,0.3111,0.0,0.0,1813.0,0.0,Tchimbéri,DONGA,Travaux BT
HC-492,a3619a4a,DON_Bas_04,P2AE_DMT,Point Double DMT-CC,1.0,DMT-CC,0.0833,0.0,0.0,1.0,0.0,Tchimbéri,DONGA,Travaux HTA
HC-493,92e546da,DON_Bas_04,P2AE_IACM,IACM,1.0,IACM,0.0833,0.0,0.0,1.0,0.0,Tchimbéri,DONGA,Travaux HTA
HC-494,529a80cd,DON_Bas_04,P2AE_TFO,Transformateur 160 kVA,0.0,TFO,0.1667,0.0,0.0,0.0,0.0,Tchimbéri,DONGA,Travaux HTA
HC-495,22f017ce,DON_Bas_04,P2AE_EP,EP,23.0,EP,0.1556,0.0,0.0,23.0,0.0,Tchimbéri,DONGA,Travaux BT
HC-496,a89b75b5,DON_Bas_04,P2AE_Terre,Mise à la terre,16.0,Terre,0.0667,0.0,0.0,16.0,0.0,Tchimbéri,DONGA,Travaux BT
HC-497,0988b3d0,DON_Bas_04,P2AE_Fouille_HTA,Fouille réseau haute tension,28.0,Fouille_HTA,0.0333,0.0,0.0,28.0,0.0,Tchimbéri,DONGA,Travaux HTA
HC-498,be38ee6f,DON_Bas_04,P2AE_Fouille_BT,Fouille réseau basse tension,14.0,Fouille_BT,0.0467,5.0,0.35714285714285715,14.0,0.016678571428571428,Tchimbéri,DONGA,Travaux BT
HC-499,47c50483,DON_Djo_01,P2AE_PBA_BT,PBA 11C650,5.0,PBA_BT,0.42,7.0,1.0,788.0,0.00266497461928934,Founga,DONGA,Travaux BT
HC-500,5a0d3f39,DON_Djo_01,P2AE_PBA_BT,PBA 9A200,497.0,PBA_BT,0.42,478.0,0.9617706237424547,788.0,0.2547715736040609,Founga,DONGA,Travaux BT
HC-501,7b99cc01,DON_Djo_01,P2AE_PBA_BT,PBA 9A650,247.0,PBA_BT,0.42,233.0,0.9433198380566802,788.0,0.12418781725888325,Founga,DONGA,Travaux BT
HC-502,e127e164,DON_Djo_01,P2AE_PBA_BT,PBA 9C650,39.0,PBA_BT,0.42,32.0,0.8205128205128205,788.0,0.017055837563451776,Founga,DONGA,Travaux BT
HC-503,d99a2f2e,DON_Djo_01,P2AE_PBA_HTA,PBA 11A1250,6.0,PBA_HTA,0.3,4.0,0.6666666666666666,105.0,0.011428571428571427,Founga,DONGA,Travaux HTA
HC-504,c899574d,DON_Djo_01,P2AE_PBA_HTA,PBA 12A800,33.0,PBA_HTA,0.3,5.0,0.15151515151515152,105.0,0.014285714285714285,Founga,DONGA,Travaux HTA
HC-505,4dc4b1a6,DON_Djo_01,P2AE_PBA_HTA,PBA 13A400,38.0,PBA_HTA,0.3,27.0,0.7105263157894737,105.0,0.07714285714285714,Founga,DONGA,Travaux HTA
HC-506,645c7c44,DON_Djo_01,P2AE_PBA_HTA,PBA 13C1250,3.0,PBA_HTA,0.3,4.0,1.0,105.0,0.00857142857142857,Founga,DONGA,Travaux HTA
HC-507,9894r4923,DON_Djo_01,P2AE_PBA_HTA,PBA 13C800,20.0,PBA_HTA,0.3,6.0,0.3,105.0,0.01714285714285714,Founga,DONGA,Travaux HTA
HC-508,4f0ad9ad,DON_Djo_01,P2AE_Cable_HTA,ASTER 54mm²,2235.0,Cable_HTA,0.3333,0.0,0.0,2235.0,0.0,Founga,DONGA,Travaux HTA
HC-509,f22d0d79,DON_Djo_01,P2AE_Cable_BT,PRC 50mm²,22805.0,Cable_BT,0.3111,9680.24,0.42447884235913175,38185.0,0.07886664040853737,Founga,DONGA,Travaux BT
HC-510,d844b4c7,DON_Djo_01,P2AE_Cable_BT,PRC 70mm²,15380.0,Cable_BT,0.3111,1975.45,0.12844278283485047,38185.0,0.01609434319759068,Founga,DONGA,Travaux BT
HC-511,28e2d46f,DON_Djo_01,P2AE_DMT,Point Double DMT-CC,5.0,DMT-CC,0.0833,0.0,0.0,5.0,0.0,Founga,DONGA,Travaux HTA
HC-512,48b56adf,DON_Djo_01,P2AE_IACM,IACM,5.0,IACM,0.0833,4.0,0.8,5.0,0.06664,Founga,DONGA,Travaux HTA
HC-513,c06adb76,DON_Djo_01,P2AE_TFO,Transformateur 160 kVA,6.0,TFO,0.1667,0.0,0.0,6.0,0.0,Founga,DONGA,Travaux HTA
HC-514,4234f201,DON_Djo_01,P2AE_EP,EP,309.0,EP,0.1556,0.0,0.0,309.0,0.0,Founga,DONGA,Travaux BT
HC-515,772g50400,DON_Djo_01,P2AE_Terre,Mise à la terre,211.0,Terre,0.0667,0.0,0.0,211.0,0.0,Founga,DONGA,Travaux BT
HC-516,adffc051,DON_Djo_01,P2AE_Fouille_HTA,Fouille réseau haute tension,100.0,Fouille_HTA,0.0333,32.0,0.32,100.0,0.010656,Founga,DONGA,Travaux HTA
HC-517,c809ab08,DON_Djo_01,P2AE_Fouille_BT,Fouille réseau basse tension,792.0,Fouille_BT,0.0467,669.0,0.8446969696969697,792.0,0.03944734848484849,Founga,DONGA,Travaux BT
HC-518,381n52949,DON_Djo_02,P2AE_PBA_BT,PBA 11C650,1.0,PBA_BT,0.42,0.0,0.0,71.0,0.0,Alfa-Kpara,DONGA,Travaux BT
HC-519,df4dc83d,DON_Djo_02,P2AE_PBA_BT,PBA 9A200,44.0,PBA_BT,0.42,28.0,0.6363636363636364,71.0,0.1656338028169014,Alfa-Kpara,DONGA,Travaux BT
HC-520,e587ed7a,DON_Djo_02,P2AE_PBA_BT,PBA 9A650,18.0,PBA_BT,0.42,10.0,0.5555555555555556,71.0,0.059154929577464786,Alfa-Kpara,DONGA,Travaux BT
HC-521,2b02a7dd,DON_Djo_02,P2AE_PBA_BT,PBA 9C650,8.0,PBA_BT,0.42,4.0,0.5,71.0,0.023661971830985916,Alfa-Kpara,DONGA,Travaux BT
HC-522,a5892035,DON_Djo_02,P2AE_PBA_HTA,PBA 12A800,10.0,PBA_HTA,0.3,0.0,0.0,11.0,0.0,Alfa-Kpara,DONGA,Travaux HTA
HC-523,16a803a0,DON_Djo_02,P2AE_PBA_HTA,PBA 13C800,1.0,PBA_HTA,0.3,0.0,0.0,11.0,0.0,Alfa-Kpara,DONGA,Travaux HTA
HC-524,3257170f,DON_Djo_02,P2AE_Cable_BT,PRC 50mm²,3090.0,Cable_BT,0.3111,0.0,0.0,3770.0,0.0,Alfa-Kpara,DONGA,Travaux BT
HC-525,3af5b091,DON_Djo_02,P2AE_Cable_BT,PRC 70mm²,680.0,Cable_BT,0.3111,0.0,0.0,3770.0,0.0,Alfa-Kpara,DONGA,Travaux BT
HC-526,8d6a901b,DON_Djo_02,P2AE_EP,EP,40.0,EP,0.1556,0.0,0.0,40.0,0.0,Alfa-Kpara,DONGA,Travaux BT
HC-527,207ea0e9,DON_Djo_02,P2AE_Terre,Mise à la terre,22.0,Terre,0.0667,0.0,0.0,22.0,0.0,Alfa-Kpara,DONGA,Travaux BT
HC-528,8e15127b,DON_Djo_02,P2AE_Fouille_HTA,Fouille réseau haute tension,11.0,Fouille_HTA,0.0333,0.0,0.0,11.0,0.0,Alfa-Kpara,DONGA,Travaux HTA
HC-529,bbdcfe61,DON_Djo_02,P2AE_Fouille_BT,Fouille réseau basse tension,71.0,Fouille_BT,0.0467,45.0,0.6338028169014085,71.0,0.029598591549295776,Alfa-Kpara,DONGA,Travaux BT
HC-530,be074da4,DON_Djo_03,P2AE_PBA_BT,PBA 11C650,5.0,PBA_BT,0.42,0.0,0.0,176.0,0.0,Vanhoui,DONGA,Travaux BT
HC-531,59e6746d,DON_Djo_03,P2AE_PBA_BT,PBA 9A200,106.0,PBA_BT,0.42,97.0,0.9150943396226415,176.0,0.23147727272727275,Vanhoui,DONGA,Travaux BT
HC-532,253e392c,DON_Djo_03,P2AE_PBA_BT,PBA 9A650,52.0,PBA_BT,0.42,52.0,1.0,176.0,0.1240909090909091,Vanhoui,DONGA,Travaux BT
HC-533,edaf5851,DON_Djo_03,P2AE_PBA_BT,PBA 9C650,13.0,PBA_BT,0.42,11.0,0.8461538461538461,176.0,0.02625,Vanhoui,DONGA,Travaux BT
HC-534,a1c7078f,DON_Djo_03,P2AE_PBA_HTA,PBA 11A1250,3.0,PBA_HTA,0.3,0.0,0.0,59.0,0.0,Vanhoui,DONGA,Travaux HTA
HC-535,ad497183,DON_Djo_03,P2AE_PBA_HTA,PBA 12A800,44.0,PBA_HTA,0.3,0.0,0.0,59.0,0.0,Vanhoui,DONGA,Travaux HTA
HC-536,91ec65f8,DON_Djo_03,P2AE_PBA_HTA,PBA 13C800,9.0,PBA_HTA,0.3,0.0,0.0,59.0,0.0,Vanhoui,DONGA,Travaux HTA
HC-537,4261s1477,DON_Djo_03,P2AE_Cable_HTA,ASTER 54mm²,280.0,Cable_HTA,0.3333,0.0,0.0,280.0,0.0,Vanhoui,DONGA,Travaux HTA
HC-538,f9200cae,DON_Djo_03,P2AE_Cable_BT,PRC 50mm²,9554.0,Cable_BT,0.3111,0.0,0.0,11138.0,0.0,Vanhoui,DONGA,Travaux BT
HC-539,bf4c0fe0,DON_Djo_03,P2AE_Cable_BT,PRC 70mm²,1584.0,Cable_BT,0.3111,0.0,0.0,11138.0,0.0,Vanhoui,DONGA,Travaux BT
HC-540,b81966d3,DON_Djo_03,P2AE_DMT,Point Double DMT-CC,3.0,DMT-CC,0.0833,0.0,0.0,3.0,0.0,Vanhoui,DONGA,Travaux HTA
HC-541,db045fcb,DON_Djo_03,P2AE_IACM,IACM,3.0,IACM,0.0833,0.0,0.0,3.0,0.0,Vanhoui,DONGA,Travaux HTA
HC-542,f2160114,DON_Djo_03,P2AE_TFO,Transformateur 160 kVA,2.0,TFO,0.1667,0.0,0.0,2.0,0.0,Vanhoui,DONGA,Travaux HTA
HC-543,fc76f96e,DON_Djo_03,P2AE_EP,EP,83.0,EP,0.1556,0.0,0.0,83.0,0.0,Vanhoui,DONGA,Travaux BT
HC-544,f2e190fa,DON_Djo_03,P2AE_Terre,Mise à la terre,77.0,Terre,0.0667,0.0,0.0,77.0,0.0,Vanhoui,DONGA,Travaux BT
HC-545,cd825439,DON_Djo_03,P2AE_Fouille_HTA,Fouille réseau haute tension,56.0,Fouille_HTA,0.0333,0.0,0.0,56.0,0.0,Vanhoui,DONGA,Travaux HTA
HC-546,2f2c284a,DON_Djo_03,P2AE_Fouille_BT,Fouille réseau basse tension,176.0,Fouille_BT,0.0467,164.0,0.9318181818181818,176.0,0.043515909090909084,Vanhoui,DONGA,Travaux BT
HC-547,8c90f909,DON_Djo_04,P2AE_PBA_BT,PBA 11C650,1.0,PBA_BT,0.42,0.0,0.0,94.0,0.0,Nagatchori,DONGA,Travaux BT
HC-548,79f21437,DON_Djo_04,P2AE_PBA_BT,PBA 9A200,52.0,PBA_BT,0.42,51.0,0.9807692307692307,94.0,0.2278723404255319,Nagatchori,DONGA,Travaux BT
HC-549,d62c14f4,DON_Djo_04,P2AE_PBA_BT,PBA 9A650,39.0,PBA_BT,0.42,38.0,0.9743589743589743,94.0,0.1697872340425532,Nagatchori,DONGA,Travaux BT
HC-550,4b32aab5,DON_Djo_04,P2AE_PBA_BT,PBA 9C650,2.0,PBA_BT,0.42,2.0,1.0,94.0,0.008936170212765956,Nagatchori,DONGA,Travaux BT
HC-551,42b0c18c,DON_Djo_04,P2AE_PBA_HTA,PBA 11A1250,1.0,PBA_HTA,0.3,0.0,0.0,27.0,0.0,Nagatchori,DONGA,Travaux HTA
HC-552,147fcc35,DON_Djo_04,P2AE_PBA_HTA,PBA 12A800,3.0,PBA_HTA,0.3,1.0,0.3333333333333333,27.0,0.01111111111111111,Nagatchori,DONGA,Travaux HTA
HC-553,adb82394,DON_Djo_04,P2AE_PBA_HTA,PBA 13A400,14.0,PBA_HTA,0.3,12.0,0.8571428571428571,27.0,0.1333333333333333,Nagatchori,DONGA,Travaux HTA
HC-554,5782a02d,DON_Djo_04,P2AE_PBA_HTA,PBA 13C800,8.0,PBA_HTA,0.3,8.0,1.0,27.0,0.08888888888888888,Nagatchori,DONGA,Travaux HTA
HC-555,fb7fb5c0,DON_Djo_04,P2AE_Cable_HTA,ASTER 54mm²,2965.0,Cable_HTA,0.3333,0.0,0.0,2965.0,0.0,Nagatchori,DONGA,Travaux HTA
HC-556,8790f759,DON_Djo_04,P2AE_Cable_BT,PRC 50mm²,2965.0,Cable_BT,0.3111,0.0,0.0,4827.0,0.0,Nagatchori,DONGA,Travaux BT
HC-557,43e2781f,DON_Djo_04,P2AE_Cable_BT,PRC 70mm²,1862.0,Cable_BT,0.3111,0.0,0.0,4827.0,0.0,Nagatchori,DONGA,Travaux BT
HC-558,1477bbab,DON_Djo_04,P2AE_DMT,Point Double DMT-CC,1.0,DMT-CC,0.0833,0.0,0.0,1.0,0.0,Nagatchori,DONGA,Travaux HTA
HC-559,1e106a2a,DON_Djo_04,P2AE_IACM,IACM,1.0,IACM,0.0833,1.0,1.0,1.0,0.0833,Nagatchori,DONGA,Travaux HTA
HC-560,e0c2eb98,DON_Djo_04,P2AE_TFO,Transformateur 160 kVA,1.0,TFO,0.1667,0.0,0.0,1.0,0.0,Nagatchori,DONGA,Travaux HTA
HC-561,3cbb10a6,DON_Djo_04,P2AE_EP,EP,60.0,EP,0.1556,0.0,0.0,60.0,0.0,Nagatchori,DONGA,Travaux BT
HC-562,2c630229,DON_Djo_04,P2AE_Terre,Mise à la terre,44.0,Terre,0.0667,0.0,0.0,44.0,0.0,Nagatchori,DONGA,Travaux BT
HC-563,2c2340f5,DON_Djo_04,P2AE_Fouille_HTA,Fouille réseau haute tension,26.0,Fouille_HTA,0.0333,0.0,0.0,26.0,0.0,Nagatchori,DONGA,Travaux HTA
HC-564,4dcab6e1,DON_Djo_04,P2AE_Fouille_BT,Fouille réseau basse tension,94.0,Fouille_BT,0.0467,77.0,0.8191489361702128,94.0,0.03825425531914894,Nagatchori,DONGA,Travaux BT
HC-565,5e6824a2,DON_Djo_05,P2AE_PBA_BT,PBA 9A200,37.0,PBA_BT,0.42,36.0,0.972972972972973,75.0,0.2016,Danogou,DONGA,Travaux BT
HC-566,248510f9,DON_Djo_05,P2AE_PBA_BT,PBA 9A650,31.0,PBA_BT,0.42,31.0,1.0,75.0,0.1736,Danogou,DONGA,Travaux BT
HC-567,1651f2681,DON_Djo_05,P2AE_PBA_BT,PBA 9C650,7.0,PBA_BT,0.42,7.0,1.0,75.0,0.0392,Danogou,DONGA,Travaux BT
HC-568,18aceafd,DON_Djo_05,P2AE_PBA_HTA,PBA 11A1250,1.0,PBA_HTA,0.3,0.0,0.0,29.0,0.0,Danogou,DONGA,Travaux HTA
HC-569,5a1a4d38,DON_Djo_05,P2AE_PBA_HTA,PBA 12A800,18.0,PBA_HTA,0.3,1.0,0.05555555555555555,29.0,0.010344827586206896,Danogou,DONGA,Travaux HTA
HC-570,f63d1d45,DON_Djo_05,P2AE_PBA_HTA,PBA 13C800,7.0,PBA_HTA,0.3,0.0,0.0,29.0,0.0,Danogou,DONGA,Travaux HTA
HC-571,214772d7,DON_Djo_05,P2AE_PBA_HTA,PBA 14A1000,1.0,PBA_HTA,0.3,0.0,0.0,29.0,0.0,Danogou,DONGA,Travaux HTA
HC-572,7845e6c6,DON_Djo_05,P2AE_PBA_HTA,PBA 14C1000,1.0,PBA_HTA,0.3,0.0,0.0,29.0,0.0,Danogou,DONGA,Travaux HTA
HC-573,7a81ae43,DON_Djo_05,P2AE_Cable_HTA,ASTER 54mm²,160.0,Cable_HTA,0.3333,0.0,0.0,160.0,0.0,Danogou,DONGA,Travaux HTA
HC-574,cc11cf26,DON_Djo_05,P2AE_Cable_BT,PRC 50mm²,4183.0,Cable_BT,0.3111,0.0,0.0,4183.0,0.0,Danogou,DONGA,Travaux BT
HC-575,365e2f1a,DON_Djo_05,P2AE_DMT,Point Double DMT-CC,1.0,DMT-CC,0.0833,0.0,0.0,1.0,0.0,Danogou,DONGA,Travaux HTA
HC-576,8168af21,DON_Djo_05,P2AE_IACM,IACM,1.0,IACM,0.0833,0.0,0.0,1.0,0.0,Danogou,DONGA,Travaux HTA
HC-577,19ed9d42,DON_Djo_05,P2AE_TFO,Transformateur 160 kVA,1.0,TFO,0.1667,0.0,0.0,1.0,0.0,Danogou,DONGA,Travaux HTA
HC-578,7d96ab6a,DON_Djo_05,P2AE_EP,EP,47.0,EP,0.1556,0.0,0.0,47.0,0.0,Danogou,DONGA,Travaux BT
HC-579,3f1bda6e,DON_Djo_05,P2AE_Terre,Mise à la terre,37.0,Terre,0.0667,0.0,0.0,37.0,0.0,Danogou,DONGA,Travaux BT
HC-580,456653cc,DON_Djo_05,P2AE_Fouille_HTA,Fouille réseau haute tension,28.0,Fouille_HTA,0.0333,1.0,0.03571428571428571,28.0,0.0011892857142857143,Danogou,DONGA,Travaux HTA
HC-581,2d4f8920,DON_Djo_05,P2AE_Fouille_BT,Fouille réseau basse tension,76.0,Fouille_BT,0.0467,78.0,1.0,76.0,0.0467,Danogou,DONGA,Travaux BT
HC-582,57b771fa,DON_Oua_01,P2AE_PBA_BT,PBA 11C650,7.0,PBA_BT,0.42,2.0,0.2857142857142857,106.0,0.007924528301886792,Bohomdo,DONGA,Travaux BT
HC-583,155bb569,DON_Oua_01,P2AE_PBA_BT,PBA 9A200,38.0,PBA_BT,0.42,31.0,0.8157894736842105,106.0,0.12283018867924526,Bohomdo,DONGA,Travaux BT
HC-584,2c9ee062,DON_Oua_01,P2AE_PBA_BT,PBA 9A650,50.0,PBA_BT,0.42,30.0,0.6,106.0,0.11886792452830189,Bohomdo,DONGA,Travaux BT
HC-585,0267eee8,DON_Oua_01,P2AE_PBA_BT,PBA 9C650,11.0,PBA_BT,0.42,0.0,0.0,106.0,0.0,Bohomdo,DONGA,Travaux BT
HC-586,481h50626,DON_Oua_01,P2AE_PBA_HTA,PBA 11A1250,1.0,PBA_HTA,0.3,0.0,0.0,14.0,0.0,Bohomdo,DONGA,Travaux HTA
HC-587,bcd5d52b,DON_Oua_01,P2AE_PBA_HTA,PBA 12A800,10.0,PBA_HTA,0.3,1.0,0.1,14.0,0.02142857142857143,Bohomdo,DONGA,Travaux HTA
HC-588,6c157f18,DON_Oua_01,P2AE_PBA_HTA,PBA 13C800,2.0,PBA_HTA,0.3,0.0,0.0,14.0,0.0,Bohomdo,DONGA,Travaux HTA
HC-589,70635c08,DON_Oua_01,P2AE_Cable_HTA,ASTER 54mm²,100.0,Cable_HTA,0.3333,0.0,0.0,100.0,0.0,Bohomdo,DONGA,Travaux HTA
HC-590,25044dff,DON_Oua_01,P2AE_Cable_BT,PRC 50mm²,2160.0,Cable_BT,0.3111,0.0,0.0,4921.0,0.0,Bohomdo,DONGA,Travaux BT
HC-591,34df6f26,DON_Oua_01,P2AE_Cable_BT,PRC 70mm²,2761.0,Cable_BT,0.3111,0.0,0.0,4921.0,0.0,Bohomdo,DONGA,Travaux BT
HC-592,b373a5b1,DON_Oua_01,P2AE_DMT,Point Double DMT-CC,1.0,DMT-CC,0.0833,0.0,0.0,1.0,0.0,Bohomdo,DONGA,Travaux HTA
HC-593,8a1e5817,DON_Oua_01,P2AE_IACM,IACM,1.0,IACM,0.0833,0.0,0.0,1.0,0.0,Bohomdo,DONGA,Travaux HTA
HC-594,0ad88237,DON_Oua_01,P2AE_TFO,Transformateur 160 kVA,1.0,TFO,0.1667,0.0,0.0,1.0,0.0,Bohomdo,DONGA,Travaux HTA
HC-595,6b3ed9f9,DON_Oua_01,P2AE_EP,EP,48.0,EP,0.1556,0.0,0.0,48.0,0.0,Bohomdo,DONGA,Travaux BT
HC-596,97cf5837,DON_Oua_01,P2AE_Terre,Mise à la terre,32.0,Terre,0.0667,0.0,0.0,32.0,0.0,Bohomdo,DONGA,Travaux BT
HC-597,f49e8557,DON_Oua_01,P2AE_Fouille_HTA,Fouille réseau haute tension,14.0,Fouille_HTA,0.0333,0.0,0.0,14.0,0.0,Bohomdo,DONGA,Travaux HTA
HC-598,02d190a5,DON_Oua_01,P2AE_Fouille_BT,Fouille réseau basse tension,110.0,Fouille_BT,0.0467,39.0,0.35454545454545455,110.0,0.016557272727272726,Bohomdo,DONGA,Travaux BT
HC-599,4bc7f472,DON_Oua_02,P2AE_PBA_BT,PBA 11C650,1.0,PBA_BT,0.42,0.0,0.0,74.0,0.0,Komtcha,DONGA,Travaux BT
HC-600,2da7a0ab,DON_Oua_02,P2AE_PBA_BT,PBA 9A200,36.0,PBA_BT,0.42,50.0,1.0,74.0,0.20432432432432432,Komtcha,DONGA,Travaux BT
HC-601,d3b2a8e2,DON_Oua_02,P2AE_PBA_BT,PBA 9A650,32.0,PBA_BT,0.42,19.0,0.59375,74.0,0.10783783783783783,Komtcha,DONGA,Travaux BT
HC-602,7a4f0f54,DON_Oua_02,P2AE_PBA_BT,PBA 9C650,5.0,PBA_BT,0.42,0.0,0.0,74.0,0.0,Komtcha,DONGA,Travaux BT
HC-603,0b181d9f,DON_Oua_02,P2AE_PBA_HTA,PBA 11A1250,1.0,PBA_HTA,0.3,0.0,0.0,11.0,0.0,Komtcha,DONGA,Travaux HTA
HC-604,0094b63c,DON_Oua_02,P2AE_PBA_HTA,PBA 12A800,5.0,PBA_HTA,0.3,1.0,0.2,11.0,0.02727272727272727,Komtcha,DONGA,Travaux HTA
HC-605,25c201ec,DON_Oua_02,P2AE_PBA_HTA,PBA 13C1250,1.0,PBA_HTA,0.3,0.0,0.0,11.0,0.0,Komtcha,DONGA,Travaux HTA
HC-606,a74a8b73,DON_Oua_02,P2AE_PBA_HTA,PBA 13C800,3.0,PBA_HTA,0.3,0.0,0.0,11.0,0.0,Komtcha,DONGA,Travaux HTA
HC-607,1c348b7c,DON_Oua_02,P2AE_Cable_HTA,ASTER 54mm²,90.0,Cable_HTA,0.3333,0.0,0.0,90.0,0.0,Komtcha,DONGA,Travaux HTA
HC-608,2c65053c,DON_Oua_02,P2AE_Cable_BT,PRC 50mm²,2750.0,Cable_BT,0.3111,0.0,0.0,2790.0,0.0,Komtcha,DONGA,Travaux BT
HC-609,ed6d57ef,DON_Oua_02,P2AE_Cable_BT,PRC 70mm²,40.0,Cable_BT,0.3111,0.0,0.0,2790.0,0.0,Komtcha,DONGA,Travaux BT
HC-610,2c65153c,DON_Oua_02,P2AE_DMT,Point Double DMT-CC,1.0,DMT-CC,0.0833,0.0,0.0,1.0,0.0,Komtcha,DONGA,Travaux HTA
HC-611,0ee5a06f,DON_Oua_02,P2AE_IACM,IACM,1.0,IACM,0.0833,0.0,0.0,1.0,0.0,Komtcha,DONGA,Travaux HTA
HC-612,932d6081,DON_Oua_02,P2AE_TFO,Transformateur 160 kVA,1.0,TFO,0.1667,0.0,0.0,1.0,0.0,Komtcha,DONGA,Travaux HTA
HC-613,3a868827,DON_Oua_02,P2AE_EP,EP,34.0,EP,0.1556,0.0,0.0,34.0,0.0,Komtcha,DONGA,Travaux BT
HC-614,13db7bcf,DON_Oua_02,P2AE_Terre,Mise à la terre,26.0,Terre,0.0667,0.0,0.0,26.0,0.0,Komtcha,DONGA,Travaux BT
HC-615,8c19bbf4,DON_Oua_02,P2AE_Fouille_HTA,Fouille réseau haute tension,9.0,Fouille_HTA,0.0333,0.0,0.0,9.0,0.0,Komtcha,DONGA,Travaux HTA
HC-616,d329bef8,DON_Oua_02,P2AE_Fouille_BT,Fouille réseau basse tension,74.0,Fouille_BT,0.0467,50.0,0.6756756756756757,74.0,0.03155405405405405,Komtcha,DONGA,Travaux BT
HC-617,06eb3078,DON_Oua_03,P2AE_PBA_BT,PBA 9A200,39.0,PBA_BT,0.42,30.0,0.7692307692307693,114.0,0.1105263157894737,Itchodè,DONGA,Travaux BT
HC-618,f750ec4e,DON_Oua_03,P2AE_PBA_BT,PBA 9A650,63.0,PBA_BT,0.42,53.0,0.8412698412698413,114.0,0.19526315789473686,Itchodè,DONGA,Travaux BT
HC-619,8419ca28,DON_Oua_03,P2AE_PBA_BT,PBA 9C650,12.0,PBA_BT,0.42,0.0,0.0,114.0,0.0,Itchodè,DONGA,Travaux BT
HC-620,1bc22f74,DON_Oua_03,P2AE_PBA_HTA,PBA 11A1250,1.0,PBA_HTA,0.3,0.0,0.0,5.0,0.0,Itchodè,DONGA,Travaux HTA
HC-621,7f86f7d6,DON_Oua_03,P2AE_PBA_HTA,PBA 12A800,1.0,PBA_HTA,0.3,1.0,1.0,5.0,0.06,Itchodè,DONGA,Travaux HTA
HC-622,4c5cbb14,DON_Oua_03,P2AE_PBA_HTA,PBA 13C800,2.0,PBA_HTA,0.3,0.0,0.0,5.0,0.0,Itchodè,DONGA,Travaux HTA
HC-623,fdb96314,DON_Oua_03,P2AE_Cable_HTA,ASTER 54mm²,100.0,Cable_HTA,0.3333,0.0,0.0,100.0,0.0,Itchodè,DONGA,Travaux HTA
HC-624,d24eb0ed,DON_Oua_03,P2AE_Cable_BT,PRC 50mm²,2760.0,Cable_BT,0.3111,0.0,0.0,4272.0,0.0,Itchodè,DONGA,Travaux BT
HC-625,dfbc4cca,DON_Oua_03,P2AE_Cable_BT,PRC 70mm²,1512.0,Cable_BT,0.3111,0.0,0.0,4272.0,0.0,Itchodè,DONGA,Travaux BT
HC-626,622a3cd2,DON_Oua_03,P2AE_DMT,Point Double DMT-CC,1.0,DMT-CC,0.0833,0.0,0.0,1.0,0.0,Itchodè,DONGA,Travaux HTA
HC-627,11dabb8a,DON_Oua_03,P2AE_IACM,IACM,1.0,IACM,0.0833,0.0,0.0,1.0,0.0,Itchodè,DONGA,Travaux HTA
HC-628,cd09f0eb,DON_Oua_03,P2AE_TFO,Transformateur 160 kVA,1.0,TFO,0.1667,0.0,0.0,1.0,0.0,Itchodè,DONGA,Travaux HTA
HC-629,a68383f3,DON_Oua_03,P2AE_EP,EP,42.0,EP,0.1556,0.0,0.0,42.0,0.0,Itchodè,DONGA,Travaux BT
HC-630,69ddc81c,DON_Oua_03,P2AE_Terre,Mise à la terre,37.0,Terre,0.0667,0.0,0.0,37.0,0.0,Itchodè,DONGA,Travaux BT
HC-631,18ecefa9,DON_Oua_03,P2AE_Fouille_HTA,Fouille réseau haute tension,4.0,Fouille_HTA,0.0333,0.0,0.0,4.0,0.0,Itchodè,DONGA,Travaux HTA
HC-632,b71982ca,DON_Oua_03,P2AE_Fouille_BT,Fouille réseau basse tension,134.0,Fouille_BT,0.0467,31.0,0.23134328358208955,134.0,0.010803731343283583,Itchodè,DONGA,Travaux BT
HC-633,0838afd1,DON_Oua_04,P2AE_PBA_BT,PBA 11C650,1.0,PBA_BT,0.42,0.0,0.0,194.0,0.0,Talina,DONGA,Travaux BT
HC-634,ab43aceb,DON_Oua_04,P2AE_PBA_BT,PBA 9A200,79.0,PBA_BT,0.42,53.0,0.6708860759493671,194.0,0.1147422680412371,Talina,DONGA,Travaux BT
HC-635,b97ddc08,DON_Oua_04,P2AE_PBA_BT,PBA 9A650,93.0,PBA_BT,0.42,58.0,0.6236559139784946,194.0,0.12556701030927833,Talina,DONGA,Travaux BT
HC-636,9e6ff264,DON_Oua_04,P2AE_PBA_BT,PBA 9C650,20.0,PBA_BT,0.42,0.0,0.0,194.0,0.0,Talina,DONGA,Travaux BT
HC-637,43273c31,DON_Oua_04,P2AE_PBA_BT,PBA 9C800,1.0,PBA_BT,0.42,0.0,0.0,194.0,0.0,Talina,DONGA,Travaux BT
HC-638,5296c6436,DON_Oua_04,P2AE_PBA_HTA,PBA 11A1250,2.0,PBA_HTA,0.3,0.0,0.0,21.0,0.0,Talina,DONGA,Travaux HTA
HC-639,ca80c5a3,DON_Oua_04,P2AE_PBA_HTA,PBA 12A800,10.0,PBA_HTA,0.3,2.0,0.2,21.0,0.028571428571428567,Talina,DONGA,Travaux HTA
HC-640,d59c6756,DON_Oua_04,P2AE_PBA_HTA,PBA 13C800,7.0,PBA_HTA,0.3,0.0,0.0,21.0,0.0,Talina,DONGA,Travaux HTA
HC-641,720de8a5,DON_Oua_04,P2AE_Cable_HTA,ASTER 54mm²,190.0,Cable_HTA,0.3333,0.0,0.0,190.0,0.0,Talina,DONGA,Travaux HTA
HC-642,141eb7b8,DON_Oua_04,P2AE_Cable_BT,PRC 50mm²,5190.0,Cable_BT,0.3111,0.0,0.0,8292.0,0.0,Talina,DONGA,Travaux BT
HC-643,c392ef9d,DON_Oua_04,P2AE_Cable_BT,PRC 70mm²,3102.0,Cable_BT,0.3111,0.0,0.0,8292.0,0.0,Talina,DONGA,Travaux BT
HC-644,93e644c3,DON_Oua_04,P2AE_DMT,Point Double DMT-CC,2.0,DMT-CC,0.0833,0.0,0.0,2.0,0.0,Talina,DONGA,Travaux HTA
HC-645,fee60c9d,DON_Oua_04,P2AE_IACM,IACM,2.0,IACM,0.0833,0.0,0.0,2.0,0.0,Talina,DONGA,Travaux HTA
HC-646,44418f90,DON_Oua_04,P2AE_TFO,Transformateur 160 kVA,2.0,TFO,0.1667,0.0,0.0,2.0,0.0,Talina,DONGA,Travaux HTA
HC-647,7acb97c0,DON_Oua_04,P2AE_EP,EP,80.0,EP,0.1556,0.0,0.0,80.0,0.0,Talina,DONGA,Travaux BT
HC-648,e905f8ad,DON_Oua_04,P2AE_Terre,Mise à la terre,55.0,Terre,0.0667,0.0,0.0,55.0,0.0,Talina,DONGA,Travaux BT
HC-649,cafc02a9,DON_Oua_04,P2AE_Fouille_HTA,Fouille réseau haute tension,19.0,Fouille_HTA,0.0333,0.0,0.0,19.0,0.0,Talina,DONGA,Travaux HTA
HC-650,387eab7e,DON_Oua_04,P2AE_Fouille_BT,Fouille réseau basse tension,199.0,Fouille_BT,0.0467,46.0,0.23115577889447236,199.0,0.010794974874371858,Talina,DONGA,Travaux BT
HC-651,7c451706,DON_Oua_05,P2AE_PBA_BT,PBA 11C650,3.0,PBA_BT,0.42,0.0,0.0,149.0,0.0,Trouncare Bas,DONGA,Travaux BT
HC-652,62b15656,DON_Oua_05,P2AE_PBA_BT,PBA 9A200,92.0,PBA_BT,0.42,0.0,0.0,149.0,0.0,Trouncare Bas,DONGA,Travaux BT
HC-653,849fb9ed,DON_Oua_05,P2AE_PBA_BT,PBA 9A650,44.0,PBA_BT,0.42,0.0,0.0,149.0,0.0,Trouncare Bas,DONGA,Travaux BT
HC-654,4cb67980,DON_Oua_05,P2AE_PBA_BT,PBA 9C650,9.0,PBA_BT,0.42,0.0,0.0,149.0,0.0,Trouncare Bas,DONGA,Travaux BT
HC-655,8fbbe74d,DON_Oua_05,P2AE_PBA_BT,PBA 9C800,1.0,PBA_BT,0.42,0.0,0.0,149.0,0.0,Trouncare Bas,DONGA,Travaux BT
HC-656,70899c15,DON_Oua_05,P2AE_PBA_HTA,PBA 11A1250,1.0,PBA_HTA,0.3,0.0,0.0,25.0,0.0,Trouncare Bas,DONGA,Travaux HTA
HC-657,180fc13d,DON_Oua_05,P2AE_PBA_HTA,PBA 12A800,12.0,PBA_HTA,0.3,0.0,0.0,25.0,0.0,Trouncare Bas,DONGA,Travaux HTA
HC-658,b6e21ffe,DON_Oua_05,P2AE_PBA_HTA,PBA 13C800,3.0,PBA_HTA,0.3,0.0,0.0,25.0,0.0,Trouncare Bas,DONGA,Travaux HTA
HC-659,828315f2,DON_Oua_05,P2AE_Cable_HTA,ASTER 54mm²,65.0,Cable_HTA,0.3333,0.0,0.0,65.0,0.0,Trouncare Bas,DONGA,Travaux HTA
HC-660,967d0529,DON_Oua_05,P2AE_Cable_BT,PRC 50mm²,5155.0,Cable_BT,0.3111,0.0,0.0,9010.0,0.0,Trouncare Bas,DONGA,Travaux BT
HC-661,f69fd041,DON_Oua_05,P2AE_Cable_BT,PRC 70mm²,3855.0,Cable_BT,0.3111,0.0,0.0,9010.0,0.0,Trouncare Bas,DONGA,Travaux BT
HC-662,7d1c4a9c,DON_Oua_05,P2AE_DMT,Point Double DMT-CC,1.0,DMT-CC,0.0833,0.0,0.0,1.0,0.0,Trouncare Bas,DONGA,Travaux HTA
HC-663,36716f06,DON_Oua_05,P2AE_IACM,IACM,1.0,IACM,0.0833,0.0,0.0,1.0,0.0,Trouncare Bas,DONGA,Travaux HTA
HC-664,248bee2c,DON_Oua_05,P2AE_TFO,Transformateur 160 kVA,1.0,TFO,0.1667,0.0,0.0,1.0,0.0,Trouncare Bas,DONGA,Travaux HTA
HC-665,f4254fd6,DON_Oua_05,P2AE_EP,EP,84.0,EP,0.1556,0.0,0.0,84.0,0.0,Trouncare Bas,DONGA,Travaux BT
HC-666,545c9836,DON_Oua_05,P2AE_Terre,Mise à la terre,34.0,Terre,0.0667,0.0,0.0,34.0,0.0,Trouncare Bas,DONGA,Travaux BT
HC-667,06205ca3,DON_Oua_05,P2AE_Fouille_HTA,Fouille réseau haute tension,16.0,Fouille_HTA,0.0333,0.0,0.0,16.0,0.0,Trouncare Bas,DONGA,Travaux HTA
HC-668,f07c5d8d,DON_Oua_05,P2AE_Fouille_BT,Fouille réseau basse tension,167.0,Fouille_BT,0.0467,0.0,0.0,167.0,0.0,Trouncare Bas,DONGA,Travaux BT
HC-669,acb41d19,BOR_Dal_01,P2AE_PBA_BT,PBA 9A200,52.0,PBA_BT,0.42,50.0,0.9615384615384616,90.0,0.2333333333333333,Yankoï,BORGOU,Travaux BT
HC-670,73f914d0,BOR_Dal_01,P2AE_PBA_HTA,PBA 11A1250,0.0,PBA_HTA,0.3,0.0,0.0,15.0,0.0,Yankoï,BORGOU,Travaux HTA
HC-671,0f27a0d0,BOR_Dal_01,P2AE_Cable_HTA,ASTER 75mm²,0.0,Cable_HTA,0.3333,0.0,0.0,0.0,0.0,Yankoï,BORGOU,Travaux HTA
HC-672,8c94279b,BOR_Dal_01,P2AE_Cable_BT,PRC 70mm²,3156.0,Cable_BT,0.3111,0.0,0.0,6341.0,0.0,Yankoï,BORGOU,Travaux BT
HC-673,f9b5bb1c,BOR_Dal_01,P2AE_DMT,Point Double DMT-CC,1.0,DMT-CC,0.0833,0.0,0.0,1.0,0.0,Yankoï,BORGOU,Travaux HTA
HC-674,af87ed42,BOR_Dal_01,P2AE_IACM,IACM,1.0,IACM,0.0833,0.0,0.0,1.0,0.0,Yankoï,BORGOU,Travaux HTA
HC-675,962b8573,BOR_Dal_01,P2AE_EP,EP,54.0,EP,0.1556,0.0,0.0,54.0,0.0,Yankoï,BORGOU,Travaux BT
HC-676,777f0856,BOR_Dal_01,P2AE_Terre,Mise à la terre,37.0,Terre,0.0667,0.0,0.0,37.0,0.0,Yankoï,BORGOU,Travaux BT
HC-677,a088150e,BOR_Dal_01,P2AE_Fouille_HTA,Fouille réseau haute tension,15.0,Fouille_HTA,0.0333,14.0,0.9333333333333333,15.0,0.031080000000000003,Yankoï,BORGOU,Travaux HTA
HC-678,360f6f8f,BOR_Dal_01,P2AE_Fouille_BT,Fouille réseau basse tension,90.0,Fouille_BT,0.0467,86.0,0.9555555555555556,90.0,0.044624444444444446,Yankoï,BORGOU,Travaux BT
HC-679,bd5582d1,BOR_Dal_02,P2AE_PBA_BT,PBA 9A200,216.0,PBA_BT,0.42,209.0,0.9675925925925926,362.0,0.24248618784530385,Tounré,BORGOU,Travaux BT
HC-680,142ab1a2,BOR_Dal_02,P2AE_PBA_BT,PBA 9A650,124.0,PBA_BT,0.42,118.0,0.9516129032258065,362.0,0.13690607734806629,Tounré,BORGOU,Travaux BT
HC-681,48d58c9f,BOR_Dal_02,P2AE_PBA_BT,PBA 9C650,21.0,PBA_BT,0.42,20.0,0.9523809523809523,362.0,0.02320441988950276,Tounré,BORGOU,Travaux BT
HC-682,4d649164,BOR_Dal_02,P2AE_PBA_BT,PBA 9C800,1.0,PBA_BT,0.42,0.0,0.0,362.0,0.0,Tounré,BORGOU,Travaux BT
HC-683,d313edd0,BOR_Dal_02,P2AE_PBA_HTA,PBA 11A1250,1.0,PBA_HTA,0.3,1.0,1.0,11.0,0.02727272727272727,Tounré,BORGOU,Travaux HTA
HC-684,2a36a598,BOR_Dal_02,P2AE_PBA_HTA,PBA 12A800,1.0,PBA_HTA,0.3,1.0,1.0,11.0,0.02727272727272727,Tounré,BORGOU,Travaux HTA
HC-685,7fdf98e7,BOR_Dal_02,P2AE_PBA_HTA,PBA 13A400,4.0,PBA_HTA,0.3,4.0,1.0,11.0,0.10909090909090909,Tounré,BORGOU,Travaux HTA
HC-686,f855bd37,BOR_Dal_02,P2AE_PBA_HTA,PBA 13C800,4.0,PBA_HTA,0.3,3.0,0.75,11.0,0.08181818181818182,Tounré,BORGOU,Travaux HTA
HC-687,1c080681,BOR_Dal_02,P2AE_Cable_HTA,ASTER 54mm²,388.24,Cable_HTA,0.3333,0.0,0.0,388.24,0.0,Tounré,BORGOU,Travaux HTA
HC-688,2fab6710,BOR_Dal_02,P2AE_Cable_BT,PRC 50mm²,10933.0,Cable_BT,0.3111,0.0,0.0,17147.0,0.0,Tounré,BORGOU,Travaux BT
HC-689,223bf758,BOR_Dal_02,P2AE_Cable_BT,PRC 70mm²,6214.0,Cable_BT,0.3111,0.0,0.0,17147.0,0.0,Tounré,BORGOU,Travaux BT
HC-690,daeb4d01,BOR_Dal_02,P2AE_DMT,Point Double DMT-CC,1.0,DMT-CC,0.0833,0.0,0.0,1.0,0.0,Tounré,BORGOU,Travaux HTA
HC-691,5105b98b,BOR_Dal_02,P2AE_IACM,IACM,1.0,IACM,0.0833,0.0,0.0,1.0,0.0,Tounré,BORGOU,Travaux HTA
HC-692,2fd83668,BOR_Dal_02,P2AE_EP,EP,130.0,EP,0.1556,0.0,0.0,130.0,0.0,Tounré,BORGOU,Travaux BT
HC-693,28f9e9b0,BOR_Dal_02,P2AE_Terre,Mise à la terre,101.0,Terre,0.0667,0.0,0.0,101.0,0.0,Tounré,BORGOU,Travaux BT
HC-694,ee02887d,BOR_Dal_02,P2AE_Fouille_HTA,Fouille réseau haute tension,10.0,Fouille_HTA,0.0333,0.0,0.0,10.0,0.0,Tounré,BORGOU,Travaux HTA
HC-695,570339fd,BOR_Dal_02,P2AE_Fouille_BT,Fouille réseau basse tension,363.0,Fouille_BT,0.0467,321.0,0.8842975206611571,363.0,0.041296694214876035,Tounré,BORGOU,Travaux BT
HC-696,e01f4baf,BOR_Dal_03,P2AE_PBA_BT,PBA 11C650,2.0,PBA_BT,0.42,0.0,0.0,242.0,0.0,Komiguéa,BORGOU,Travaux BT
HC-697,e5474fbf,BOR_Dal_03,P2AE_PBA_BT,PBA 9A200,120.0,PBA_BT,0.42,97.0,0.8083333333333333,242.0,0.1683471074380165,Komiguéa,BORGOU,Travaux BT
HC-698,1c7fe0bd,BOR_Dal_03,P2AE_PBA_BT,PBA 9A650,101.0,PBA_BT,0.42,102.0,1.0,242.0,0.1752892561983471,Komiguéa,BORGOU,Travaux BT
HC-699,b4409b88,BOR_Dal_03,P2AE_PBA_BT,PBA 9C650,19.0,PBA_BT,0.42,16.0,0.8421052631578947,242.0,0.027768595041322314,Komiguéa,BORGOU,Travaux BT
HC-700,29e7d2b7,BOR_Dal_03,P2AE_Cable_BT,PRC 50mm²,7730.0,Cable_BT,0.3111,0.0,0.0,10445.0,0.0,Komiguéa,BORGOU,Travaux BT
HC-701,db8db2ed,BOR_Dal_03,P2AE_Cable_BT,PRC 70mm²,2715.0,Cable_BT,0.3111,0.0,0.0,10445.0,0.0,Komiguéa,BORGOU,Travaux BT
HC-702,3d5835ac,BOR_Dal_03,P2AE_EP,EP,61.0,EP,0.1556,0.0,0.0,61.0,0.0,Komiguéa,BORGOU,Travaux BT
HC-703,d3104aeb,BOR_Dal_03,P2AE_Terre,Mise à la terre,49.0,Terre,0.0667,0.0,0.0,49.0,0.0,Komiguéa,BORGOU,Travaux BT
HC-704,c346c06f,BOR_Dal_03,P2AE_Fouille_BT,Fouille réseau basse tension,242.0,Fouille_BT,0.0467,156.0,0.6446280991735537,242.0,0.030104132231404956,Komiguéa,BORGOU,Travaux BT
HC-705,69cedd8c,BOR_Par_01,P2AE_PBA_BT,PBA 9A200,71.0,PBA_BT,0.42,59.0,0.8309859154929577,150.0,0.16519999999999999,Assagbinin-Baka,BORGOU,Travaux BT
HC-706,8501u1557,BOR_Par_01,P2AE_PBA_BT,PBA 9A650,66.0,PBA_BT,0.42,44.0,0.6666666666666666,150.0,0.12319999999999999,Assagbinin-Baka,BORGOU,Travaux BT
HC-707,cd4b4e10,BOR_Par_01,P2AE_PBA_BT,PBA 9C650,12.0,PBA_BT,0.42,10.0,0.8333333333333334,150.0,0.027999999999999997,Assagbinin-Baka,BORGOU,Travaux BT
HC-708,7abebc4d,BOR_Par_01,P2AE_PBA_BT,PBA 11C650,1.0,PBA_BT,0.42,0.0,0.0,150.0,0.0,Assagbinin-Baka,BORGOU,Travaux BT
HC-709,9ab37f26,BOR_Par_01,P2AE_Cable_BT,PRC 70mm²,1980.0,Cable_BT,0.3111,0.0,0.0,5990.0,0.0,Assagbinin-Baka,BORGOU,Travaux BT
HC-710,a59941e2,BOR_Par_01,P2AE_Cable_BT,PRC 50mm²,4010.0,Cable_BT,0.3111,0.0,0.0,5990.0,0.0,Assagbinin-Baka,BORGOU,Travaux BT
HC-711,ce537eb5,BOR_Par_01,P2AE_PBA_HTA,PBA 13A400,4.0,PBA_HTA,0.3,0.0,0.0,13.0,0.0,Assagbinin-Baka,BORGOU,Travaux HTA
HC-712,56412c9f,BOR_Par_01,P2AE_PBA_HTA,PBA 12A800,1.0,PBA_HTA,0.3,0.0,0.0,13.0,0.0,Assagbinin-Baka,BORGOU,Travaux HTA
HC-713,40934e6c,BOR_Par_01,P2AE_PBA_HTA,PBA 11A1250,1.0,PBA_HTA,0.3,0.0,0.0,13.0,0.0,Assagbinin-Baka,BORGOU,Travaux HTA
HC-714,2aa195e8,BOR_Par_01,P2AE_PBA_HTA,PBA 13C800,7.0,PBA_HTA,0.3,0.0,0.0,13.0,0.0,Assagbinin-Baka,BORGOU,Travaux HTA
HC-715,514e4c9c,BOR_Par_01,P2AE_Cable_HTA,ASTER 54mm²,330.0,Cable_HTA,0.3333,0.0,0.0,330.0,0.0,Assagbinin-Baka,BORGOU,Travaux HTA
HC-716,c6d93d91,BOR_Par_01,P2AE_DMT,Point Double DMT-CC,1.0,DMT-CC,0.0833,0.0,0.0,1.0,0.0,Assagbinin-Baka,BORGOU,Travaux HTA
HC-717,545b09d4,BOR_Par_01,P2AE_IACM,IACM,3.0,IACM,0.0833,0.0,0.0,3.0,0.0,Assagbinin-Baka,BORGOU,Travaux HTA
HC-718,a9461dbe,BOR_Par_01,P2AE_TFO,Transformateur 160 kVA,9.0,TFO,0.1667,0.0,0.0,9.0,0.0,Assagbinin-Baka,BORGOU,Travaux HTA
HC-719,e48a05e7,BOR_Par_01,P2AE_EP,EP,57.0,EP,0.1556,0.0,0.0,57.0,0.0,Assagbinin-Baka,BORGOU,Travaux BT
HC-720,e40d8d02,BOR_Par_01,P2AE_Terre,Mise à la terre,47.0,Terre,0.0667,0.0,0.0,47.0,0.0,Assagbinin-Baka,BORGOU,Travaux BT
HC-721,b4e16d19,BOR_Par_01,P2AE_Fouille_HTA,Fouille réseau haute tension,13.0,Fouille_HTA,0.0333,12.0,0.9230769230769231,13.0,0.030738461538461544,Assagbinin-Baka,BORGOU,Travaux HTA
HC-722,5ba09d65,BOR_Par_01,P2AE_Fouille_BT,Fouille réseau basse tension,148.0,Fouille_BT,0.0467,74.0,0.5,148.0,0.02335,Assagbinin-Baka,BORGOU,Travaux BT
HC-723,1a0ec717,BOR_Par_02,P2AE_PBA_BT,PBA 9A200,229.0,PBA_BT,0.42,216.0,0.9432314410480349,370.0,0.2451891891891892,Banikani-Rose-croix,BORGOU,Travaux BT
HC-724,9a4f792a,BOR_Par_02,P2AE_PBA_BT,PBA 9A650,126.0,PBA_BT,0.42,115.0,0.9126984126984127,370.0,0.13054054054054054,Banikani-Rose-croix,BORGOU,Travaux BT
HC-725,200c96ef,BOR_Par_02,P2AE_PBA_BT,PBA 9C650,15.0,PBA_BT,0.42,14.0,0.9333333333333333,370.0,0.015891891891891892,Banikani-Rose-croix,BORGOU,Travaux BT
HC-726,7637eb98,BOR_Par_02,P2AE_PBA_HTA,PBA 11A1250,2.0,PBA_HTA,0.3,1.0,0.5,24.0,0.012499999999999999,Banikani-Rose-croix,BORGOU,Travaux HTA
HC-727,de3d3c17,BOR_Par_02,P2AE_PBA_HTA,PBA 12A800,1.0,PBA_HTA,0.3,1.0,1.0,24.0,0.012499999999999999,Banikani-Rose-croix,BORGOU,Travaux HTA
HC-728,33e4c3ea,BOR_Par_02,P2AE_PBA_HTA,PBA 13A400,11.0,PBA_HTA,0.3,9.0,0.8181818181818182,24.0,0.11249999999999999,Banikani-Rose-croix,BORGOU,Travaux HTA
HC-729,5d8db428,BOR_Par_02,P2AE_PBA_HTA,PBA 13C1250,1.0,PBA_HTA,0.3,0.0,0.0,24.0,0.0,Banikani-Rose-croix,BORGOU,Travaux HTA
HC-730,1abae342,BOR_Par_02,P2AE_PBA_HTA,PBA 13C800,7.0,PBA_HTA,0.3,6.0,0.8571428571428571,24.0,0.075,Banikani-Rose-croix,BORGOU,Travaux HTA
HC-731,9b6c73b6,BOR_Par_02,P2AE_Cable_HTA,ASTER 54mm²,720.0,Cable_HTA,0.3333,0.0,0.0,720.0,0.0,Banikani-Rose-croix,BORGOU,Travaux HTA
HC-732,912e4b06,BOR_Par_02,P2AE_Cable_BT,PRC 50mm²,13850.0,Cable_BT,0.3111,0.0,0.0,20850.0,0.0,Banikani-Rose-croix,BORGOU,Travaux BT
HC-733,effa4d16,BOR_Par_02,P2AE_Cable_BT,PRC 70mm²,7000.0,Cable_BT,0.3111,0.0,0.0,20850.0,0.0,Banikani-Rose-croix,BORGOU,Travaux BT
HC-734,34b184cc,BOR_Par_02,P2AE_DMT,Point Double DMT-CC,2.0,DMT-CC,0.0833,0.0,0.0,2.0,0.0,Banikani-Rose-croix,BORGOU,Travaux HTA
HC-735,86fdb04f,BOR_Par_02,P2AE_IACM,IACM,2.0,IACM,0.0833,0.0,0.0,2.0,0.0,Banikani-Rose-croix,BORGOU,Travaux HTA
HC-736,de4a78fd,BOR_Par_02,P2AE_TFO,Transformateur 160 kVA,2.0,TFO,0.1667,0.0,0.0,2.0,0.0,Banikani-Rose-croix,BORGOU,Travaux HTA
HC-737,81668c5f,BOR_Par_02,P2AE_EP,EP,119.0,EP,0.1556,0.0,0.0,119.0,0.0,Banikani-Rose-croix,BORGOU,Travaux BT
HC-738,6a5db012,BOR_Par_02,P2AE_Terre,Mise à la terre,102.0,Terre,0.0667,0.0,0.0,102.0,0.0,Banikani-Rose-croix,BORGOU,Travaux BT
HC-739,7b919569,BOR_Par_02,P2AE_Fouille_HTA,Fouille réseau haute tension,22.0,Fouille_HTA,0.0333,0.0,0.0,22.0,0.0,Banikani-Rose-croix,BORGOU,Travaux HTA
HC-740,92d9fd75,BOR_Par_02,P2AE_Fouille_BT,Fouille réseau basse tension,372.0,Fouille_BT,0.0467,227.0,0.6102150537634409,372.0,0.028497043010752687,Banikani-Rose-croix,BORGOU,Travaux BT
HC-741,b9e5d6a0,BOR_Par_03,P2AE_PBA_BT,PBA 9A200,92.0,PBA_BT,0.42,90.0,0.9782608695652174,146.0,0.2589041095890411,Zongo,BORGOU,Travaux BT
HC-742,38c8a61c,BOR_Par_03,P2AE_PBA_BT,PBA 9A650,48.0,PBA_BT,0.42,49.0,1.0,146.0,0.1380821917808219,Zongo,BORGOU,Travaux BT
HC-743,350j39843,BOR_Par_03,P2AE_PBA_BT,PBA 9C650,6.0,PBA_BT,0.42,7.0,1.0,146.0,0.017260273972602738,Zongo,BORGOU,Travaux BT
HC-744,b23a2ab1,BOR_Par_03,P2AE_PBA_HTA,PBA 11A1250,1.0,PBA_HTA,0.3,1.0,1.0,9.0,0.03333333333333333,Zongo,BORGOU,Travaux HTA
HC-745,bd2c83fa,BOR_Par_03,P2AE_PBA_HTA,PBA 12A800,1.0,PBA_HTA,0.3,1.0,1.0,9.0,0.03333333333333333,Zongo,BORGOU,Travaux HTA
HC-746,68d7cac6,BOR_Par_03,P2AE_PBA_HTA,PBA 13A400,2.0,PBA_HTA,0.3,2.0,1.0,9.0,0.06666666666666667,Zongo,BORGOU,Travaux HTA
HC-747,2z0510657,BOR_Par_03,P2AE_PBA_HTA,PBA 13C800,4.0,PBA_HTA,0.3,3.0,0.75,9.0,0.09999999999999998,Zongo,BORGOU,Travaux HTA
HC-748,3b9ae7bf,BOR_Par_03,P2AE_Cable_HTA,ASTER 54mm²,295.0,Cable_HTA,0.3333,292.0,0.9898305084745763,295.0,0.32991050847457626,Zongo,BORGOU,Travaux HTA
HC-749,1f16a896,BOR_Par_03,P2AE_Cable_BT,PRC 50mm²,3840.0,Cable_BT,0.3111,3235.0,0.8424479166666666,6350.0,0.1584895275590551,Zongo,BORGOU,Travaux BT
HC-750,f7cc5dad,BOR_Par_03,P2AE_Cable_BT,PRC 70mm²,2510.0,Cable_BT,0.3111,2420.0,0.9641434262948207,6350.0,0.11856094488188977,Zongo,BORGOU,Travaux BT
HC-751,c8be21e0,BOR_Par_03,P2AE_DMT,Point Double DMT-CC,1.0,DMT-CC,0.0833,0.0,0.0,1.0,0.0,Zongo,BORGOU,Travaux HTA
HC-752,ca18e069,BOR_Par_03,P2AE_IACM,IACM,1.0,IACM,0.0833,1.0,1.0,1.0,0.0833,Zongo,BORGOU,Travaux HTA
HC-753,327f754e,BOR_Par_03,P2AE_TFO,Transformateur 160 kVA,1.0,TFO,0.1667,0.0,0.0,1.0,0.0,Zongo,BORGOU,Travaux HTA
HC-754,a3d71cc5,BOR_Par_03,P2AE_EP,EP,44.0,EP,0.1556,0.0,0.0,44.0,0.0,Zongo,BORGOU,Travaux BT
HC-755,3ef2793f,BOR_Par_03,P2AE_Terre,Mise à la terre,43.0,Terre,0.0667,0.0,0.0,43.0,0.0,Zongo,BORGOU,Travaux BT
HC-756,34beb747,BOR_Par_03,P2AE_Fouille_HTA,Fouille réseau haute tension,8.0,Fouille_HTA,0.0333,8.0,1.0,8.0,0.0333,Zongo,BORGOU,Travaux HTA
HC-757,14cbe35f,BOR_Par_03,P2AE_Fouille_BT,Fouille réseau basse tension,146.0,Fouille_BT,0.0467,146.0,1.0,146.0,0.0467,Zongo,BORGOU,Travaux BT
HC-758,7e8660c1,BOR_Par_04,P2AE_PBA_BT,PBA 11C650,20.0,PBA_BT,0.42,18.0,0.9,528.0,0.014318181818181818,Guerma,BORGOU,Travaux BT
HC-759,9efe5442,BOR_Par_04,P2AE_PBA_BT,PBA 9A200,288.0,PBA_BT,0.42,285.0,0.9895833333333334,528.0,0.22670454545454544,Guerma,BORGOU,Travaux BT
HC-760,ac6abb95,BOR_Par_04,P2AE_PBA_BT,PBA 9A650,188.0,PBA_BT,0.42,182.0,0.9680851063829787,528.0,0.14477272727272728,Guerma,BORGOU,Travaux BT
HC-761,97db0e47,BOR_Par_04,P2AE_PBA_BT,PBA 9C650,30.0,PBA_BT,0.42,27.0,0.9,528.0,0.021477272727272727,Guerma,BORGOU,Travaux BT
HC-762,0c10778f,BOR_Par_04,P2AE_PBA_BT,PBA 9C800,2.0,PBA_BT,0.42,0.0,0.0,528.0,0.0,Guerma,BORGOU,Travaux BT
HC-763,aab08059,BOR_Par_04,P2AE_PBA_HTA,PBA 11A1250,4.0,PBA_HTA,0.3,4.0,1.0,64.0,0.01875,Guerma,BORGOU,Travaux HTA
HC-764,fbcc8526,BOR_Par_04,P2AE_PBA_HTA,PBA 12A800,4.0,PBA_HTA,0.3,3.0,0.75,64.0,0.014062499999999999,Guerma,BORGOU,Travaux HTA
HC-765,d23ae406,BOR_Par_04,P2AE_PBA_HTA,PBA 13A400,34.0,PBA_HTA,0.3,40.0,1.0,64.0,0.159375,Guerma,BORGOU,Travaux HTA
HC-766,feb50dad,BOR_Par_04,P2AE_PBA_HTA,PBA 13C1250,1.0,PBA_HTA,0.3,0.0,0.0,64.0,0.0,Guerma,BORGOU,Travaux HTA
HC-767,426a87e2,BOR_Par_04,P2AE_PBA_HTA,PBA 13C800,17.0,PBA_HTA,0.3,0.0,0.0,64.0,0.0,Guerma,BORGOU,Travaux HTA
HC-768,26260348o,BOR_Par_04,P2AE_Cable_HTA,ASTER 54mm²,957.0,Cable_HTA,0.3333,0.0,0.0,2987.0,0.0,Guerma,BORGOU,Travaux HTA
HC-769,22c05b2e,BOR_Par_04,P2AE_Cable_HTA,ASTER 75mm²,2030.0,Cable_HTA,0.3333,0.0,0.0,2987.0,0.0,Guerma,BORGOU,Travaux HTA
HC-770,ac110117,BOR_Par_04,P2AE_Cable_BT,PRC 50mm²,16330.0,Cable_BT,0.3111,0.0,0.0,25192.0,0.0,Guerma,BORGOU,Travaux BT
HC-771,1a49aa89,BOR_Par_04,P2AE_Cable_BT,PRC 70mm²,8862.0,Cable_BT,0.3111,0.0,0.0,25192.0,0.0,Guerma,BORGOU,Travaux BT
HC-772,3fb88553,BOR_Par_04,P2AE_DMT,Point Double DMT-CC,4.0,DMT-CC,0.0833,0.0,0.0,4.0,0.0,Guerma,BORGOU,Travaux HTA
HC-773,43130f43,BOR_Par_04,P2AE_IACM,IACM,4.0,IACM,0.0833,0.0,0.0,4.0,0.0,Guerma,BORGOU,Travaux HTA
HC-774,79c2367b,BOR_Par_04,P2AE_TFO,Transformateur 160 kVA,4.0,TFO,0.1667,0.0,0.0,4.0,0.0,Guerma,BORGOU,Travaux HTA
HC-775,cbdc8e74,BOR_Par_04,P2AE_EP,EP,167.0,EP,0.1556,0.0,0.0,167.0,0.0,Guerma,BORGOU,Travaux BT
HC-776,307b8a6d,BOR_Par_04,P2AE_Terre,Mise à la terre,175.0,Terre,0.0667,0.0,0.0,175.0,0.0,Guerma,BORGOU,Travaux BT
HC-777,79b4008c,BOR_Par_04,P2AE_Fouille_HTA,Fouille réseau haute tension,60.0,Fouille_HTA,0.0333,74.0,1.0,60.0,0.0333,Guerma,BORGOU,Travaux HTA
HC-778,419ae2a6,BOR_Par_04,P2AE_Fouille_BT,Fouille réseau basse tension,607.0,Fouille_BT,0.0467,459.0,0.7561779242174629,607.0,0.03531350906095552,Guerma,BORGOU,Travaux BT
HC-779,b4a7ec84,BOR_Par_05,P2AE_PBA_BT,PBA 11C650,1.0,PBA_BT,0.42,1.0,1.0,409.0,0.0010268948655256724,Bahmora,BORGOU,Travaux BT
HC-780,e6bd2564,BOR_Par_05,P2AE_PBA_BT,PBA 9A200,258.0,PBA_BT,0.42,258.0,1.0,409.0,0.2649388753056235,Bahmora,BORGOU,Travaux BT
HC-781,6d898f41,BOR_Par_05,P2AE_PBA_BT,PBA 9A650,132.0,PBA_BT,0.42,130.0,0.9848484848484849,409.0,0.1334963325183374,Bahmora,BORGOU,Travaux BT
HC-782,746a34ce,BOR_Par_05,P2AE_PBA_BT,PBA 9C650,17.0,PBA_BT,0.42,17.0,1.0,409.0,0.017457212713936427,Bahmora,BORGOU,Travaux BT
HC-783,3ca71575,BOR_Par_05,P2AE_PBA_BT,PBA 9C800,1.0,PBA_BT,0.42,0.0,0.0,409.0,0.0,Bahmora,BORGOU,Travaux BT
HC-784,157f4e0c,BOR_Par_05,P2AE_PBA_HTA,PBA 11A1250,3.0,PBA_HTA,0.3,3.0,1.0,50.0,0.018,Bahmora,BORGOU,Travaux HTA
HC-785,9c29f0bc,BOR_Par_05,P2AE_PBA_HTA,PBA 12A800,4.0,PBA_HTA,0.3,3.0,0.75,50.0,0.018,Bahmora,BORGOU,Travaux HTA
HC-786,3ecd0be7,BOR_Par_05,P2AE_PBA_HTA,PBA 13A400,26.0,PBA_HTA,0.3,26.0,1.0,50.0,0.156,Bahmora,BORGOU,Travaux HTA
HC-787,7a7232fd,BOR_Par_05,P2AE_PBA_HTA,PBA 13C800,14.0,PBA_HTA,0.3,12.0,0.8571428571428571,50.0,0.072,Bahmora,BORGOU,Travaux HTA
HC-788,68cec3dd,BOR_Par_05,P2AE_Cable_HTA,ASTER 54mm²,760.0,Cable_HTA,0.3333,0.0,0.0,2620.0,0.0,Bahmora,BORGOU,Travaux HTA
HC-789,f713eed8,BOR_Par_05,P2AE_Cable_HTA,ASTER 75mm²,1860.0,Cable_HTA,0.3333,0.0,0.0,2620.0,0.0,Bahmora,BORGOU,Travaux HTA
HC-790,37ee6cae,BOR_Par_05,P2AE_Cable_BT,PRC 50mm²,11370.0,Cable_BT,0.3111,0.0,0.0,19170.0,0.0,Bahmora,BORGOU,Travaux BT
HC-791,b0f9b68b,BOR_Par_05,P2AE_Cable_BT,PRC 70mm²,7800.0,Cable_BT,0.3111,0.0,0.0,19170.0,0.0,Bahmora,BORGOU,Travaux BT
HC-792,8e29400b,BOR_Par_05,P2AE_DMT,Point Double DMT-CC,3.0,DMT-CC,0.0833,0.0,0.0,3.0,0.0,Bahmora,BORGOU,Travaux HTA
HC-793,faf4209c,BOR_Par_05,P2AE_IACM,IACM,3.0,IACM,0.0833,0.0,0.0,3.0,0.0,Bahmora,BORGOU,Travaux HTA
HC-794,79190c7d,BOR_Par_05,P2AE_TFO,Transformateur 160 kVA,3.0,TFO,0.1667,0.0,0.0,3.0,0.0,Bahmora,BORGOU,Travaux HTA
HC-795,54f0712b,BOR_Par_05,P2AE_EP,EP,132.0,EP,0.1556,0.0,0.0,132.0,0.0,Bahmora,BORGOU,Travaux BT
HC-796,955c6d5f,BOR_Par_05,P2AE_Terre,Mise à la terre,126.0,Terre,0.0667,0.0,0.0,126.0,0.0,Bahmora,BORGOU,Travaux BT
HC-797,905bb8c6,BOR_Par_05,P2AE_Fouille_HTA,Fouille réseau haute tension,47.0,Fouille_HTA,0.0333,47.0,1.0,47.0,0.0333,Bahmora,BORGOU,Travaux HTA
HC-798,b0efc3b2,BOR_Par_05,P2AE_Fouille_BT,Fouille réseau basse tension,412.0,Fouille_BT,0.0467,406.0,0.9854368932038835,412.0,0.046019902912621355,Bahmora,BORGOU,Travaux BT
HC-799,7d3729b3,BOR_Par_06,P2AE_PBA_BT,PBA 9A200,217.0,PBA_BT,0.42,228.0,1.0,460.0,0.1981304347826087,Bawé,BORGOU,Travaux BT
HC-800,d58d54da,BOR_Par_06,P2AE_PBA_BT,PBA 9A650,184.0,PBA_BT,0.42,191.0,1.0,460.0,0.168,Bawé,BORGOU,Travaux BT
HC-801,e15ee0b1,BOR_Par_06,P2AE_PBA_BT,PBA 9C650,59.0,PBA_BT,0.42,62.0,1.0,460.0,0.05386956521739131,Bawé,BORGOU,Travaux BT
HC-802,bbe7f1d1,BOR_Par_06,P2AE_PBA_HTA,PBA 11A1250,3.0,PBA_HTA,0.3,2.0,0.6666666666666666,60.0,0.01,Bawé,BORGOU,Travaux HTA
HC-803,205134bf,BOR_Par_06,P2AE_PBA_HTA,PBA 12A800,3.0,PBA_HTA,0.3,2.0,0.6666666666666666,60.0,0.01,Bawé,BORGOU,Travaux HTA
HC-804,205f134bf,BOR_Par_06,P2AE_PBA_HTA,PBA 13A400,25.0,PBA_HTA,0.3,12.0,0.48,60.0,0.06,Bawé,BORGOU,Travaux HTA
HC-805,1652a548,BOR_Par_06,P2AE_PBA_HTA,PBA 13C800,26.0,PBA_HTA,0.3,10.0,0.38461538461538464,60.0,0.05,Bawé,BORGOU,Travaux HTA
HC-806,dc0d2840,BOR_Par_06,P2AE_Cable_HTA,ASTER 54mm²,790.0,Cable_HTA,0.3333,0.0,0.0,2275.0,0.0,Bawé,BORGOU,Travaux HTA
HC-807,9cdf8375,BOR_Par_06,P2AE_Cable_HTA,ASTER 75mm²,1485.0,Cable_HTA,0.3333,0.0,0.0,2275.0,0.0,Bawé,BORGOU,Travaux HTA
HC-808,22650bd9,BOR_Par_06,P2AE_Cable_BT,PRC 50mm²,12860.0,Cable_BT,0.3111,0.0,0.0,18630.0,0.0,Bawé,BORGOU,Travaux BT
HC-809,296k79892,BOR_Par_06,P2AE_Cable_BT,PRC 70mm²,5770.0,Cable_BT,0.3111,0.0,0.0,18630.0,0.0,Bawé,BORGOU,Travaux BT
HC-810,41e0e195,BOR_Par_06,P2AE_DMT,Point Double DMT-CC,3.0,DMT-CC,0.0833,0.0,0.0,3.0,0.0,Bawé,BORGOU,Travaux HTA
HC-811,20ee5d08,BOR_Par_06,P2AE_IACM,IACM,3.0,IACM,0.0833,0.0,0.0,3.0,0.0,Bawé,BORGOU,Travaux HTA
HC-812,27d331ec,BOR_Par_06,P2AE_TFO,Transformateur 160 kVA,3.0,TFO,0.1667,0.0,0.0,3.0,0.0,Bawé,BORGOU,Travaux HTA
HC-813,9a496e0d,BOR_Par_06,P2AE_EP,EP,171.0,EP,0.1556,0.0,0.0,171.0,0.0,Bawé,BORGOU,Travaux BT
HC-814,38f9cfe4,BOR_Par_06,P2AE_Terre,Mise à la terre,114.0,Terre,0.0667,0.0,0.0,114.0,0.0,Bawé,BORGOU,Travaux BT
HC-815,67cd6881,BOR_Par_06,P2AE_Fouille_HTA,Fouille réseau haute tension,57.0,Fouille_HTA,0.0333,32.0,0.5614035087719298,57.0,0.018694736842105264,Bawé,BORGOU,Travaux HTA
HC-816,954ff139,BOR_Par_06,P2AE_Fouille_BT,Fouille réseau basse tension,454.0,Fouille_BT,0.0467,481.0,1.0,454.0,0.0467,Bawé,BORGOU,Travaux BT
HC-817,9f18285d,BOR_Par_07,P2AE_PBA_BT,PBA 11C650,16.0,PBA_BT,0.42,6.0,0.375,1066.0,0.0023639774859287054,Thian,BORGOU,Travaux BT
HC-818,0be0e267,BOR_Par_07,P2AE_PBA_BT,PBA 9A200,623.0,PBA_BT,0.42,613.0,0.9839486356340289,1066.0,0.24151969981238275,Thian,BORGOU,Travaux BT
HC-819,fc4d9735,BOR_Par_07,P2AE_PBA_BT,PBA 9A650,374.0,PBA_BT,0.42,344.0,0.9197860962566845,1066.0,0.13553470919324578,Thian,BORGOU,Travaux BT
HC-820,866a8b06,BOR_Par_07,P2AE_PBA_BT,PBA 9C650,53.0,PBA_BT,0.42,53.0,1.0,1066.0,0.020881801125703564,Thian,BORGOU,Travaux BT
HC-821,43b071ab,BOR_Par_07,P2AE_PBA_HTA,PBA 11A1250,6.0,PBA_HTA,0.3,4.0,0.6666666666666666,99.0,0.012121212121212121,Thian,BORGOU,Travaux HTA
HC-822,6109a74a,BOR_Par_07,P2AE_PBA_HTA,PBA 12A800,7.0,PBA_HTA,0.3,5.0,0.7142857142857143,99.0,0.01515151515151515,Thian,BORGOU,Travaux HTA
HC-823,c0eac664,BOR_Par_07,P2AE_PBA_HTA,PBA 13A400,43.0,PBA_HTA,0.3,48.0,1.0,99.0,0.1303030303030303,Thian,BORGOU,Travaux HTA
HC-824,6016206d,BOR_Par_07,P2AE_PBA_HTA,PBA 13C1250,4.0,PBA_HTA,0.3,5.0,1.0,99.0,0.012121212121212121,Thian,BORGOU,Travaux HTA
HC-825,f07a2683,BOR_Par_07,P2AE_PBA_HTA,PBA 13C800,33.0,PBA_HTA,0.3,19.0,0.5757575757575758,99.0,0.05757575757575757,Thian,BORGOU,Travaux HTA
HC-826,14c7b85c,BOR_Par_07,P2AE_Cable_HTA,ASTER 54mm²,1868.0,Cable_HTA,0.3333,0.0,0.0,3423.0,0.0,Thian,BORGOU,Travaux HTA
HC-827,5feadc2f,BOR_Par_07,P2AE_Cable_HTA,ASTER 75mm²,1555.0,Cable_HTA,0.3333,0.0,0.0,3423.0,0.0,Thian,BORGOU,Travaux HTA
HC-828,70f53b98,BOR_Par_07,P2AE_Cable_BT,PRC 50mm²,32600.0,Cable_BT,0.3111,0.0,0.0,49229.0,0.0,Thian,BORGOU,Travaux BT
HC-829,ba715ede,BOR_Par_07,P2AE_Cable_BT,PRC 70mm²,16629.0,Cable_BT,0.3111,0.0,0.0,49229.0,0.0,Thian,BORGOU,Travaux BT
HC-830,6664c2c8,BOR_Par_07,P2AE_DMT,Point Double DMT-CC,6.0,DMT-CC,0.0833,0.0,0.0,6.0,0.0,Thian,BORGOU,Travaux HTA
HC-831,0380d004,BOR_Par_07,P2AE_IACM,IACM,6.0,IACM,0.0833,0.0,0.0,6.0,0.0,Thian,BORGOU,Travaux HTA
HC-832,7e6d1447,BOR_Par_07,P2AE_TFO,Transformateur 160 kVA,6.0,TFO,0.1667,0.0,0.0,6.0,0.0,Thian,BORGOU,Travaux HTA
HC-833,27bc4230,BOR_Par_07,P2AE_EP,EP,366.0,EP,0.1556,0.0,0.0,366.0,0.0,Thian,BORGOU,Travaux BT
HC-834,43a06dd5,BOR_Par_07,P2AE_Terre,Mise à la terre,316.0,Terre,0.0667,0.0,0.0,316.0,0.0,Thian,BORGOU,Travaux BT
HC-835,f13dcd0e,BOR_Par_07,P2AE_Fouille_HTA,Fouille réseau haute tension,93.0,Fouille_HTA,0.0333,87.0,0.9354838709677419,93.0,0.03115161290322581,Thian,BORGOU,Travaux HTA
HC-836,9effd2fc,BOR_Par_07,P2AE_Fouille_BT,Fouille réseau basse tension,1066.0,Fouille_BT,0.0467,934.0,0.8761726078799249,1066.0,0.040917260787992495,Thian,BORGOU,Travaux BT
HC-837,1ab69bbe,BOR_Par_08,P2AE_PBA_BT,PBA 11C650,3.0,PBA_BT,0.42,5.0,1.0,593.0,0.0021247892074198987,Kpérou-Guéra,BORGOU,Travaux BT
HC-838,7392a1487,BOR_Par_08,P2AE_PBA_BT,PBA 9A200,377.0,PBA_BT,0.42,379.0,1.0,593.0,0.2670151770657673,Kpérou-Guéra,BORGOU,Travaux BT
HC-839,83729d0e,BOR_Par_08,P2AE_PBA_BT,PBA 9A650,178.0,PBA_BT,0.42,167.0,0.9382022471910112,593.0,0.11827993254637437,Kpérou-Guéra,BORGOU,Travaux BT
HC-840,4cb8d0a2,BOR_Par_08,P2AE_PBA_BT,PBA 9C650,35.0,PBA_BT,0.42,34.0,0.9714285714285714,593.0,0.024080944350758852,Kpérou-Guéra,BORGOU,Travaux BT
HC-841,f286993d,BOR_Par_08,P2AE_PBA_HTA,PBA 11A1250,3.0,PBA_HTA,0.3,3.0,1.0,53.0,0.016981132075471698,Kpérou-Guéra,BORGOU,Travaux HTA
HC-842,4e732755,BOR_Par_08,P2AE_PBA_HTA,PBA 12A800,3.0,PBA_HTA,0.3,3.0,1.0,53.0,0.016981132075471698,Kpérou-Guéra,BORGOU,Travaux HTA
HC-843,1c48efae,BOR_Par_08,P2AE_PBA_HTA,PBA 13A400,27.0,PBA_HTA,0.3,27.0,1.0,53.0,0.15283018867924528,Kpérou-Guéra,BORGOU,Travaux HTA
HC-844,6cf9058a,BOR_Par_08,P2AE_PBA_HTA,PBA 13C800,17.0,PBA_HTA,0.3,17.0,1.0,53.0,0.09622641509433962,Kpérou-Guéra,BORGOU,Travaux HTA
HC-845,7q0985427,BOR_Par_08,P2AE_Cable_HTA,ASTER 54mm²,630.0,Cable_HTA,0.3333,624.25,0.9908730158730159,1990.0,0.10455403266331657,Kpérou-Guéra,BORGOU,Travaux HTA
HC-846,ff87e787,BOR_Par_08,P2AE_Cable_HTA,ASTER 75mm²,1360.0,Cable_HTA,0.3333,1404.1,1.0,1990.0,0.2277829145728643,Kpérou-Guéra,BORGOU,Travaux HTA
HC-847,8ed3259b,BOR_Par_08,P2AE_Cable_BT,PRC 50mm²,17090.0,Cable_BT,0.3111,16249.279999999999,0.9508063194850789,27840.0,0.18157869999999995,Kpérou-Guéra,BORGOU,Travaux BT
HC-848,f9076ae5,BOR_Par_08,P2AE_Cable_BT,PRC 70mm²,10750.0,Cable_BT,0.3111,10560.3,0.9823534883720929,27840.0,0.11800680064655171,Kpérou-Guéra,BORGOU,Travaux BT
HC-849,b013d28d,BOR_Par_08,P2AE_DMT,Point Double DMT-CC,3.0,DMT-CC,0.0833,3.0,1.0,3.0,0.0833,Kpérou-Guéra,BORGOU,Travaux HTA
HC-850,07344f0a,BOR_Par_08,P2AE_IACM,IACM,3.0,IACM,0.0833,3.0,1.0,3.0,0.0833,Kpérou-Guéra,BORGOU,Travaux HTA
HC-851,852e4b42,BOR_Par_08,P2AE_TFO,Transformateur 160 kVA,3.0,TFO,0.1667,0.0,0.0,3.0,0.0,Kpérou-Guéra,BORGOU,Travaux HTA
HC-852,9e8519f3,BOR_Par_08,P2AE_EP,EP,183.0,EP,0.1556,0.0,0.0,183.0,0.0,Kpérou-Guéra,BORGOU,Travaux BT
HC-853,8a069ed2,BOR_Par_08,P2AE_Terre,Mise à la terre,163.0,Terre,0.0667,0.0,0.0,163.0,0.0,Kpérou-Guéra,BORGOU,Travaux BT
HC-854,ea81842f,BOR_Par_08,P2AE_Fouille_HTA,Fouille réseau haute tension,50.0,Fouille_HTA,0.0333,51.0,1.0,50.0,0.0333,Kpérou-Guéra,BORGOU,Travaux HTA
HC-855,ba6c5e71,BOR_Par_08,P2AE_Fouille_BT,Fouille réseau basse tension,596.0,Fouille_BT,0.0467,580.0,0.9731543624161074,596.0,0.04544630872483221,Kpérou-Guéra,BORGOU,Travaux BT
HC-856,63aee59a,BOR_Par_09,P2AE_PBA_BT,PBA 11C650,4.0,PBA_BT,0.42,4.0,1.0,782.0,0.0021483375959079286,Okédama,BORGOU,Travaux BT
HC-857,f76b7771,BOR_Par_09,P2AE_PBA_BT,PBA 9A200,480.0,PBA_BT,0.42,443.0,0.9229166666666667,782.0,0.23792838874680308,Okédama,BORGOU,Travaux BT
HC-858,732766cc,BOR_Par_09,P2AE_PBA_BT,PBA 9A650,259.0,PBA_BT,0.42,250.0,0.9652509652509652,782.0,0.1342710997442455,Okédama,BORGOU,Travaux BT
HC-859,f4190a5d,BOR_Par_09,P2AE_PBA_BT,PBA 9C650,38.0,PBA_BT,0.42,34.0,0.8947368421052632,782.0,0.01826086956521739,Okédama,BORGOU,Travaux BT
HC-860,11b9d43e,BOR_Par_09,P2AE_PBA_BT,PBA 9C800,1.0,PBA_BT,0.42,0.0,0.0,782.0,0.0,Okédama,BORGOU,Travaux BT
HC-861,e2618d03,BOR_Par_09,P2AE_PBA_HTA,PBA 11A1250,5.0,PBA_HTA,0.3,4.0,0.8,69.0,0.017391304347826087,Okédama,BORGOU,Travaux HTA
HC-862,efcc84c4,BOR_Par_09,P2AE_PBA_HTA,PBA 12A800,5.0,PBA_HTA,0.3,4.0,0.8,69.0,0.017391304347826087,Okédama,BORGOU,Travaux HTA
HC-863,8621f898,BOR_Par_09,P2AE_PBA_HTA,PBA 13A400,35.0,PBA_HTA,0.3,22.0,0.6285714285714286,69.0,0.09565217391304348,Okédama,BORGOU,Travaux HTA
HC-864,32eba73e,BOR_Par_09,P2AE_PBA_HTA,PBA 13C1250,1.0,PBA_HTA,0.3,0.0,0.0,69.0,0.0,Okédama,BORGOU,Travaux HTA
HC-865,5d5892b9,BOR_Par_09,P2AE_PBA_HTA,PBA 13C800,18.0,PBA_HTA,0.3,7.0,0.3888888888888889,69.0,0.030434782608695653,Okédama,BORGOU,Travaux HTA
HC-866,dc8d120a,BOR_Par_09,P2AE_Cable_HTA,ASTER 54mm²,1091.0,Cable_HTA,0.3333,0.0,0.0,3271.0,0.0,Okédama,BORGOU,Travaux HTA
HC-867,1046c187,BOR_Par_09,P2AE_Cable_HTA,ASTER 75mm²,2180.0,Cable_HTA,0.3333,0.0,0.0,3271.0,0.0,Okédama,BORGOU,Travaux HTA
HC-868,e805f2fd,BOR_Par_09,P2AE_Cable_BT,PRC 50mm²,22761.0,Cable_BT,0.3111,0.0,0.0,35332.0,0.0,Okédama,BORGOU,Travaux BT
HC-869,7ec1b0c1,BOR_Par_09,P2AE_Cable_BT,PRC 70mm²,12571.0,Cable_BT,0.3111,0.0,0.0,35332.0,0.0,Okédama,BORGOU,Travaux BT
HC-870,746de047,BOR_Par_09,P2AE_DMT,Point Double DMT-CC,5.0,DMT-CC,0.0833,0.0,0.0,5.0,0.0,Okédama,BORGOU,Travaux HTA
HC-871,e273ce8e,BOR_Par_09,P2AE_IACM,IACM,5.0,IACM,0.0833,0.0,0.0,5.0,0.0,Okédama,BORGOU,Travaux HTA
HC-872,3e6beab5,BOR_Par_09,P2AE_TFO,Transformateur 160 kVA,5.0,TFO,0.1667,0.0,0.0,5.0,0.0,Okédama,BORGOU,Travaux HTA
HC-873,24ae6fb2,BOR_Par_09,P2AE_EP,EP,229.0,EP,0.1556,0.0,0.0,229.0,0.0,Okédama,BORGOU,Travaux BT
HC-874,6a97f9f2,BOR_Par_09,P2AE_Terre,Mise à la terre,216.0,Terre,0.0667,0.0,0.0,216.0,0.0,Okédama,BORGOU,Travaux BT
HC-875,2a4c07f8,BOR_Par_09,P2AE_Fouille_HTA,Fouille réseau haute tension,64.0,Fouille_HTA,0.0333,39.0,0.609375,64.0,0.020292187500000003,Okédama,BORGOU,Travaux HTA
HC-876,2c77da4d,BOR_Par_09,P2AE_Fouille_BT,Fouille réseau basse tension,758.0,Fouille_BT,0.0467,728.0,0.9604221635883905,758.0,0.044851715039577834,Okédama,BORGOU,Travaux BT
HC-877,332f83f7,BOR_Tcha_01,P2AE_PBA_BT,PBA 11C650,5.0,PBA_BT,0.42,5.0,1.0,115.0,0.01826086956521739,Kpakpanin,BORGOU,Travaux BT
HC-878,03e64732,BOR_Tcha_01,P2AE_PBA_BT,PBA 9A200,66.0,PBA_BT,0.42,73.0,1.0,115.0,0.24104347826086955,Kpakpanin,BORGOU,Travaux BT
HC-879,53f2b20e,BOR_Tcha_01,P2AE_PBA_BT,PBA 9A650,39.0,PBA_BT,0.42,41.0,1.0,115.0,0.14243478260869563,Kpakpanin,BORGOU,Travaux BT
HC-880,ad32dc26,BOR_Tcha_01,P2AE_PBA_BT,PBA 9C650,5.0,PBA_BT,0.42,2.0,0.4,115.0,0.007304347826086957,Kpakpanin,BORGOU,Travaux BT
HC-881,71169bac,BOR_Tcha_01,P2AE_PBA_HTA,PBA 11A1250,1.0,PBA_HTA,0.3,1.0,1.0,34.0,0.008823529411764706,Kpakpanin,BORGOU,Travaux HTA
HC-882,89f19841,BOR_Tcha_01,P2AE_PBA_HTA,PBA 12A800,1.0,PBA_HTA,0.3,1.0,1.0,34.0,0.008823529411764706,Kpakpanin,BORGOU,Travaux HTA
HC-883,e0419913,BOR_Tcha_01,P2AE_PBA_HTA,PBA 13A400,8.0,PBA_HTA,0.3,6.0,0.75,34.0,0.05294117647058823,Kpakpanin,BORGOU,Travaux HTA
HC-884,fc331779,BOR_Tcha_01,P2AE_PBA_HTA,PBA 13C800,1.0,PBA_HTA,0.3,1.0,1.0,34.0,0.008823529411764706,Kpakpanin,BORGOU,Travaux HTA
HC-885,41be1136,BOR_Tcha_01,P2AE_PBA_HTA,PBA 14A1000,19.0,PBA_HTA,0.3,0.0,0.0,34.0,0.0,Kpakpanin,BORGOU,Travaux HTA
HC-886,c9282d92,BOR_Tcha_01,P2AE_PBA_HTA,PBA 14C1000,3.0,PBA_HTA,0.3,0.0,0.0,34.0,0.0,Kpakpanin,BORGOU,Travaux HTA
HC-887,cd50c45d,BOR_Tcha_01,P2AE_Cable_HTA,ASTER 54mm²,370.0,Cable_HTA,0.3333,0.0,0.0,370.0,0.0,Kpakpanin,BORGOU,Travaux HTA
HC-888,87fead19,BOR_Tcha_01,P2AE_Cable_BT,PRC 50mm²,6020.0,Cable_BT,0.3111,3432.65,0.5702076411960133,6370.0,0.16764480612244895,Kpakpanin,BORGOU,Travaux BT
HC-889,87fead20,BOR_Tcha_01,P2AE_Cable_BT,PRC 70mm²,350.0,Cable_BT,0.3111,325.55,0.9301428571428572,6370.0,0.01589931004709576,Kpakpanin,BORGOU,Travaux BT
HC-890,bec678c2,BOR_Tcha_01,P2AE_DMT,Point Double DMT-CC,1.0,DMT-CC,0.0833,0.0,0.0,1.0,0.0,Kpakpanin,BORGOU,Travaux HTA
HC-891,e579073d,BOR_Tcha_01,P2AE_IACM,IACM,1.0,IACM,0.0833,0.0,0.0,1.0,0.0,Kpakpanin,BORGOU,Travaux HTA
HC-892,d9d55cf8,BOR_Tcha_01,P2AE_TFO,Transformateur 160 kVA,1.0,TFO,0.1667,0.0,0.0,1.0,0.0,Kpakpanin,BORGOU,Travaux HTA
HC-893,cd78303a,BOR_Tcha_01,P2AE_EP,EP,52.0,EP,0.1556,0.0,0.0,52.0,0.0,Kpakpanin,BORGOU,Travaux BT
HC-894,ce98695d,BOR_Tcha_01,P2AE_Terre,Mise à la terre,40.0,Terre,0.0667,0.0,0.0,40.0,0.0,Kpakpanin,BORGOU,Travaux BT
HC-895,7b506150,BOR_Tcha_01,P2AE_Fouille_HTA,Fouille réseau haute tension,33.0,Fouille_HTA,0.0333,9.0,0.2727272727272727,33.0,0.009081818181818182,Kpakpanin,BORGOU,Travaux HTA
HC-896,137d5858,BOR_Tcha_01,P2AE_Fouille_BT,Fouille réseau basse tension,121.0,Fouille_BT,0.0467,132.0,1.0,121.0,0.0467,Kpakpanin,BORGOU,Travaux BT
HC-897,b4a033ff,BOR_Tcha_02,P2AE_PBA_BT,PBA 11C650,5.0,PBA_BT,0.42,4.0,0.8,30.0,0.056,Sakana-Kpéba,BORGOU,Travaux BT
HC-898,3fc7c3b6,BOR_Tcha_02,P2AE_PBA_BT,PBA 9A200,9.0,PBA_BT,0.42,9.0,1.0,30.0,0.126,Sakana-Kpéba,BORGOU,Travaux BT
HC-899,cb881354,BOR_Tcha_02,P2AE_PBA_BT,PBA 9A650,15.0,PBA_BT,0.42,13.0,0.8666666666666667,30.0,0.182,Sakana-Kpéba,BORGOU,Travaux BT
HC-900,1f880df6,BOR_Tcha_02,P2AE_PBA_BT,PBA 9C650,1.0,PBA_BT,0.42,1.0,1.0,30.0,0.013999999999999999,Sakana-Kpéba,BORGOU,Travaux BT
HC-901,73e8b84d,BOR_Tcha_02,P2AE_PBA_HTA,PBA 11A1250,1.0,PBA_HTA,0.3,0.0,0.0,14.0,0.0,Sakana-Kpéba,BORGOU,Travaux HTA
HC-902,7e9e477c,BOR_Tcha_02,P2AE_PBA_HTA,PBA 12A800,1.0,PBA_HTA,0.3,1.0,1.0,14.0,0.021428571428571425,Sakana-Kpéba,BORGOU,Travaux HTA
HC-903,e48280eb,BOR_Tcha_02,P2AE_PBA_HTA,PBA 13A400,4.0,PBA_HTA,0.3,0.0,0.0,14.0,0.0,Sakana-Kpéba,BORGOU,Travaux HTA
HC-904,d5b2af21,BOR_Tcha_02,P2AE_PBA_HTA,PBA 13C800,7.0,PBA_HTA,0.3,0.0,0.0,14.0,0.0,Sakana-Kpéba,BORGOU,Travaux HTA
HC-905,0be3e1d7,BOR_Tcha_02,P2AE_Cable_HTA,ASTER 54mm²,78.79,Cable_HTA,0.3333,0.0,0.0,78.79,0.0,Sakana-Kpéba,BORGOU,Travaux HTA
HC-906,532f881e,BOR_Tcha_02,P2AE_Cable_BT,PRC 50mm²,1830.0,Cable_BT,0.3111,958.0,0.5234972677595628,1830.0,0.16286,Sakana-Kpéba,BORGOU,Travaux BT
HC-907,9a75a5bd,BOR_Tcha_02,P2AE_DMT,Point Double DMT-CC,1.0,DMT-CC,0.0833,0.0,0.0,1.0,0.0,Sakana-Kpéba,BORGOU,Travaux HTA
HC-908,871f8a4a,BOR_Tcha_02,P2AE_IACM,IACM,1.0,IACM,0.0833,0.0,0.0,1.0,0.0,Sakana-Kpéba,BORGOU,Travaux HTA
HC-909,13a91024,BOR_Tcha_02,P2AE_TFO,Transformateur 160 kVA,1.0,TFO,0.1667,0.0,0.0,1.0,0.0,Sakana-Kpéba,BORGOU,Travaux HTA
HC-910,702b42a7,BOR_Tcha_02,P2AE_EP,EP,20.0,EP,0.1556,0.0,0.0,20.0,0.0,Sakana-Kpéba,BORGOU,Travaux BT
HC-911,460b42b2,BOR_Tcha_02,P2AE_Terre,Mise à la terre,19.0,Terre,0.0667,0.0,0.0,19.0,0.0,Sakana-Kpéba,BORGOU,Travaux BT
HC-912,3222c307,BOR_Tcha_02,P2AE_Fouille_HTA,Fouille réseau haute tension,13.0,Fouille_HTA,0.0333,1.0,0.07692307692307693,13.0,0.002561538461538462,Sakana-Kpéba,BORGOU,Travaux HTA
HC-913,02d5e652,BOR_Tcha_02,P2AE_Fouille_BT,Fouille réseau basse tension,30.0,Fouille_BT,0.0467,32.0,1.0,30.0,0.0467,Sakana-Kpéba,BORGOU,Travaux BT
HC-914,a6107a5e,BOR_Tcha_03,P2AE_PBA_BT,PBA 11C650,2.0,PBA_BT,0.42,1.0,0.5,73.0,0.005753424657534246,Kpessou,BORGOU,Travaux BT
HC-915,0f5ae7cb,BOR_Tcha_03,P2AE_PBA_BT,PBA 9A200,34.0,PBA_BT,0.42,32.0,0.9411764705882353,73.0,0.18410958904109587,Kpessou,BORGOU,Travaux BT
HC-916,d843b262,BOR_Tcha_03,P2AE_PBA_BT,PBA 9A650,31.0,PBA_BT,0.42,22.0,0.7096774193548387,73.0,0.12657534246575344,Kpessou,BORGOU,Travaux BT
HC-917,7fec8e1e,BOR_Tcha_03,P2AE_PBA_BT,PBA 9C650,6.0,PBA_BT,0.42,6.0,1.0,73.0,0.034520547945205475,Kpessou,BORGOU,Travaux BT
HC-918,1565b0147,BOR_Tcha_03,P2AE_PBA_HTA,PBA 12A800,2.0,PBA_HTA,0.3,0.0,0.0,7.0,0.0,Kpessou,BORGOU,Travaux HTA
HC-919,c005f395,BOR_Tcha_03,P2AE_PBA_HTA,PBA 13C800,5.0,PBA_HTA,0.3,0.0,0.0,7.0,0.0,Kpessou,BORGOU,Travaux HTA
HC-920,392796c8,BOR_Tcha_03,P2AE_Cable_HTA,ASTER 54mm²,1221.0,Cable_HTA,0.3333,0.0,0.0,1221.0,0.0,Kpessou,BORGOU,Travaux HTA
HC-921,40b3eacd,BOR_Tcha_03,P2AE_Cable_BT,PRC 50mm²,1396.0,Cable_BT,0.3111,1150.0,0.8237822349570201,3258.0,0.10981123388581952,Kpessou,BORGOU,Travaux BT
HC-922,cb7771dc,BOR_Tcha_03,P2AE_Cable_BT,PRC 70mm²,1862.0,Cable_BT,0.3111,1468.0,0.7883995703544576,3258.0,0.14017642725598525,Kpessou,BORGOU,Travaux BT
HC-923,9919e9f5,BOR_Tcha_03,P2AE_EP,EP,29.0,EP,0.1556,0.0,0.0,29.0,0.0,Kpessou,BORGOU,Travaux BT
HC-924,84e99616,BOR_Tcha_03,P2AE_Terre,Mise à la terre,27.0,Terre,0.0667,0.0,0.0,27.0,0.0,Kpessou,BORGOU,Travaux BT
HC-925,9b0026f1,BOR_Tcha_03,P2AE_Fouille_HTA,Fouille réseau haute tension,7.0,Fouille_HTA,0.0333,0.0,0.0,7.0,0.0,Kpessou,BORGOU,Travaux HTA
HC-926,fb3bba75,BOR_Tcha_03,P2AE_Fouille_BT,Fouille réseau basse tension,73.0,Fouille_BT,0.0467,64.0,0.8767123287671232,73.0,0.04094246575342465,Kpessou,BORGOU,Travaux BT
HC-927,55bc03aa,BOR_Tcha_04,P2AE_PBA_BT,PBA 9A200,12.0,PBA_BT,0.42,12.0,1.0,25.0,0.20159999999999997,Barérou,BORGOU,Travaux BT
HC-928,a096ac30,BOR_Tcha_04,P2AE_PBA_BT,PBA 9A650,10.0,PBA_BT,0.42,10.0,1.0,25.0,0.168,Barérou,BORGOU,Travaux BT
HC-929,bbc22fec,BOR_Tcha_04,P2AE_PBA_BT,PBA 9C650,3.0,PBA_BT,0.42,3.0,1.0,25.0,0.05039999999999999,Barérou,BORGOU,Travaux BT
HC-930,1083c9ba,BOR_Tcha_04,P2AE_PBA_HTA,PBA 13A400,2.0,PBA_HTA,0.3,0.0,0.0,3.0,0.0,Barérou,BORGOU,Travaux HTA
HC-931,af84c445,BOR_Tcha_04,P2AE_PBA_HTA,PBA 13C800,1.0,PBA_HTA,0.3,0.0,0.0,3.0,0.0,Barérou,BORGOU,Travaux HTA
HC-932,758bf13d,BOR_Tcha_04,P2AE_Cable_BT,PRC 50mm²,1133.0,Cable_BT,0.3111,1112.0,0.9814651368049426,1324.0,0.26128640483383686,Barérou,BORGOU,Travaux BT
HC-933,755b0540,BOR_Tcha_04,P2AE_Cable_BT,PRC 70mm²,191.0,Cable_BT,0.3111,0.0,0.0,1324.0,0.0,Barérou,BORGOU,Travaux BT
HC-934,992b3bfd,BOR_Tcha_04,P2AE_EP,EP,13.0,EP,0.1556,0.0,0.0,13.0,0.0,Barérou,BORGOU,Travaux BT
HC-935,71a159b7,BOR_Tcha_04,P2AE_Terre,Mise à la terre,10.0,Terre,0.0667,0.0,0.0,10.0,0.0,Barérou,BORGOU,Travaux BT
HC-936,5990b71c,BOR_Tcha_04,P2AE_Fouille_HTA,Fouille réseau haute tension,3.0,Fouille_HTA,0.0333,0.0,0.0,3.0,0.0,Barérou,BORGOU,Travaux HTA
HC-937,ff3f3493,BOR_Tcha_04,P2AE_Fouille_BT,Fouille réseau basse tension,25.0,Fouille_BT,0.0467,27.0,1.0,25.0,0.0467,Barérou,BORGOU,Travaux BT
HC-938,404ad2fc,ALI_Kan_01,P2AE_DMT,Point Double DMT-CC,1.0,DMT-CC,0.0833,0.0,0.0,1.0,0.0,Kandi-fô,ALIBORI,Travaux HTA
HC-939,885b5bda,ALI_Kan_01,P2AE_IACM,IACM,1.0,IACM,0.0833,1.0,1.0,1.0,0.0833,Kandi-fô,ALIBORI,Travaux HTA
HC-940,9cd479ed,ALI_Kan_01,P2AE_TFO,Transformateur 160 kVA,1.0,TFO,0.1667,0.0,0.0,1.0,0.0,Kandi-fô,ALIBORI,Travaux HTA
HC-941,3a09df86,ALI_Kan_01,P2AE_PBA_HTA,PBA 11C650,1.0,PBA_HTA,0.3,1.0,1.0,21.0,0.014285714285714284,Kandi-fô,ALIBORI,Travaux HTA
HC-942,c8b06299,ALI_Kan_02,P2AE_PBA_HTA,PBA 11C650,2.0,PBA_HTA,0.3,2.0,1.0,16.0,0.0375,Albarika,ALIBORI,Travaux HTA
HC-943,56aa1d2f,ALI_Kan_03,P2AE_PBA_HTA,PBA 11C650,1.0,PBA_HTA,0.3,1.0,1.0,8.0,0.0375,Kéféré-Senté,ALIBORI,Travaux HTA
HC-944,d5668efd,ALI_Kan_04,P2AE_PBA_HTA,PBA 11C650,2.0,PBA_HTA,0.3,2.0,1.0,18.0,0.03333333333333333,Ganssoso-Gbiga,ALIBORI,Travaux HTA
HC-945,ad10f1c1,ALI_Kan_05,P2AE_PBA_HTA,PBA 11C650,1.0,PBA_HTA,0.3,1.0,1.0,7.0,0.04285714285714285,Soundou,ALIBORI,Travaux HTA
HC-946,1a088064,ALI_Kan_06,P2AE_PBA_HTA,PBA 11C650,1.0,PBA_HTA,0.3,1.0,1.0,17.0,0.01764705882352941,Fafa,ALIBORI,Travaux HTA
HC-947,P2AE-OBJ-92295bbb,ATA_Nat_11,P2AE_PBA_HTA,PBA 11C650,2.0,PBA_HTA,0.3,2.0,1.0,18.0,0.03333333333333333,Tchrimina,ATACORA,Travaux HTA
HC-948,P2AE-OBJ-219b9e6d,ALI_Gog_04,P2AE_PBA_HTA,PBA 11C650,2.0,PBA_HTA,0.3,2.0,1.0,22.0,0.02727272727272727,Sori-Borowanrou,ALIBORI,Travaux HTA
HC-949,P2AE-OBJ-9ec7b462,ALI_Gog_05,P2AE_PBA_HTA,PBA 11C650,1.0,PBA_HTA,0.3,1.0,1.0,10.0,0.03,Sori-Kpankpanrou,ALIBORI,Travaux HTA
HC-950,P2AE-OBJ-8894ecde,BOR_Par_07,P2AE_PBA_HTA,PBA 11C650,6.0,PBA_HTA,0.3,3.0,0.5,99.0,0.00909090909090909,Thian,BORGOU,Travaux HTA
HC-951,P2AE-OBJ-5b0259b2,BOR_Par_08,P2AE_PBA_HTA,PBA 11C650,3.0,PBA_HTA,0.3,3.0,1.0,53.0,0.016981132075471698,Kpérou-Guéra,BORGOU,Travaux HTA
HC-952,P2AE-OBJ-0f012762,BOR_Tcha_01,P2AE_PBA_HTA,PBA 11C650,1.0,PBA_HTA,0.3,0.0,0.0,34.0,0.0,Kpakpanin,BORGOU,Travaux HTA
HC-953,P2AE-OBJ-a0cc85b1,BOR_Tcha_02,P2AE_PBA_HTA,PBA 11C650,1.0,PBA_HTA,0.3,0.0,0.0,14.0,0.0,Sakana-Kpéba,BORGOU,Travaux HTA
HC-954,P2AE-OBJ-97682699,ATA_Nat_02,P2AE_PBA_HTA,PBA 11C650,1.0,PBA_HTA,0.3,1.0,1.0,4.0,0.075,Winkè,ATACORA,Travaux HTA
HC-955,P2AE-OBJ-0a4c0354,ATA_Nat_03,P2AE_PBA_HTA,PBA 11C650,3.0,PBA_HTA,0.3,3.0,1.0,86.0,0.010465116279069767,Yimporima,ATACORA,Travaux HTA
HC-956,P2AE-OBJ-e36effe8,ATA_Nat_01,P2AE_PBA_HTA,PBA 11C650,1.0,PBA_HTA,0.3,0.0,0.0,32.0,0.0,Kotopounga,ATACORA,Travaux HTA
HC-957,P2AE-OBJ-a47036f9,ATA_Nat_14,P2AE_PBA_HTA,PBA 11C650,1.0,PBA_HTA,0.3,1.0,1.0,21.0,0.014285714285714284,Sossouna,ATACORA,Travaux HTA
HC-958,P2AE-OBJ-edd4f5b2,ATA_Nat_09,P2AE_PBA_HTA,PBA 11C650,1.0,PBA_HTA,0.3,0.0,0.0,6.0,0.0,Dassakaté,ATACORA,Travaux HTA
HC-959,P2AE-OBJ-36886d67,ATA_Nat_12,P2AE_PBA_HTA,PBA 11C650,2.0,PBA_HTA,0.3,2.0,1.0,42.0,0.014285714285714284,Kantchagoutamou,ATACORA,Travaux HTA
HC-960,P2AE-OBJ-03b6a931,ATA_Nat_07,P2AE_PBA_HTA,PBA 11C650,1.0,PBA_HTA,0.3,1.0,1.0,15.0,0.02,Boriyouré,ATACORA,Travaux HTA
HC-961,P2AE-OBJ-68ddf39f,ATA_Nat_08,P2AE_PBA_HTA,PBA 11C650,1.0,PBA_HTA,0.3,1.0,1.0,4.0,0.075,Ouroubonna,ATACORA,Travaux HTA
HC-962,P2AE-OBJ-3866cc76,ATA_Nat_05,P2AE_PBA_HTA,PBA 11C650,2.0,PBA_HTA,0.3,2.0,1.0,14.0,0.04285714285714285,Ouroubouga,ATACORA,Travaux HTA
HC-963,P2AE-OBJ-6001a924,ATA_Nat_06,P2AE_PBA_HTA,PBA 11C650,3.0,PBA_HTA,0.3,3.0,1.0,65.0,0.013846153846153847,Perma-centre,ATACORA,Travaux HTA
HC-964,P2AE-OBJ-b20de8ad,ATA_Nat_04,P2AE_PBA_HTA,PBA 11C650,1.0,PBA_HTA,0.3,1.0,1.0,12.0,0.024999999999999998,Kantaborifa,ATACORA,Travaux HTA
HC-965,P2AE-OBJ-cb6b2a52,ALI_Gog_02,P2AE_PBA_HTA,PBA 11C650,1.0,PBA_HTA,0.3,0.0,0.0,11.0,0.0,Bagou-Sinkparou,ALIBORI,Travaux HTA
HC-966,P2AE-OBJ-117b49a8,ALI_Gog_03,P2AE_PBA_HTA,PBA 11C650,1.0,PBA_HTA,0.3,0.0,0.0,14.0,0.0,Bagou-Yankpanou,ALIBORI,Travaux HTA
HC-967,P2AE-OBJ-1256cee9,ALI_Gog_01,P2AE_PBA_HTA,PBA 11C650,1.0,PBA_HTA,0.3,0.0,0.0,10.0,0.0,Wara,ALIBORI,Travaux HTA
HC-968,P2AE-OBJ-a1f2d054,BOR_Par_04,P2AE_PBA_HTA,PBA 11C650,4.0,PBA_HTA,0.3,4.0,1.0,64.0,0.01875,Guerma,BORGOU,Travaux HTA
HC-969,P2AE-OBJ-9d9f171a,BOR_Par_05,P2AE_PBA_HTA,PBA 11C650,3.0,PBA_HTA,0.3,3.0,1.0,50.0,0.018,Bahmora,BORGOU,Travaux HTA
HC-970,P2AE-OBJ-0a96d740,BOR_Par_02,P2AE_PBA_HTA,PBA 11C650,2.0,PBA_HTA,0.3,0.0,0.0,24.0,0.0,Banikani-Rose-croix,BORGOU,Travaux HTA
HC-971,P2AE-OBJ-0206d066,BOR_Par_06,P2AE_PBA_HTA,PBA 11C650,3.0,PBA_HTA,0.3,1.0,0.3333333333333333,60.0,0.005,Bawé,BORGOU,Travaux HTA
HC-972,P2AE-OBJ-d3088a80,BOR_Par_09,P2AE_PBA_HTA,PBA 11C650,5.0,PBA_HTA,0.3,2.0,0.4,69.0,0.008695652173913044,Okédama,BORGOU,Travaux HTA
HC-973,P2AE-OBJ-a3c4cb49,BOR_Par_03,P2AE_PBA_HTA,PBA 11C650,1.0,PBA_HTA,0.3,1.0,1.0,9.0,0.03333333333333333,Zongo,BORGOU,Travaux HTA
HC-974,P2AE-OBJ-b47e558c,BOR_Dal_02,P2AE_PBA_HTA,PBA 11C650,1.0,PBA_HTA,0.3,1.0,1.0,11.0,0.02727272727272727,Tounré,BORGOU,Travaux HTA
HC-975,P2AE-OBJ-fcf635b8,DON_Djo_05,P2AE_PBA_HTA,PBA 11C650,1.0,PBA_HTA,0.3,2.0,1.0,29.0,0.010344827586206896,Danogou,DONGA,Travaux HTA
HC-976,P2AE-OBJ-ee5e73ad,BOR_Dal_01,P2AE_PBA_BT,PBA 9A650,28.0,PBA_BT,0.42,24.0,0.8571428571428571,90.0,0.112,Yankoï,BORGOU,Travaux BT
HC-977,P2AE-OBJ-a10e0494,BOR_Dal_01,P2AE_PBA_BT,PBA 9C650,9.0,PBA_BT,0.42,8.0,0.8888888888888888,90.0,0.03733333333333333,Yankoï,BORGOU,Travaux BT
HC-978,P2AE-OBJ-ae005ce0,BOR_Dal_01,P2AE_PBA_BT,PBA 9C800,1.0,PBA_BT,0.42,0.0,0.0,90.0,0.0,Yankoï,BORGOU,Travaux BT
HC-979,P2AE-OBJ-82c3bb9d,BOR_Dal_01,P2AE_PBA_HTA,PBA 11C650,1.0,PBA_HTA,0.3,0.0,0.0,15.0,0.0,Yankoï,BORGOU,Travaux HTA
HC-980,P2AE-OBJ-0d05c903,BOR_Dal_01,P2AE_PBA_HTA,PBA 12A800,6.0,PBA_HTA,0.3,0.0,0.0,15.0,0.0,Yankoï,BORGOU,Travaux HTA
HC-981,P2AE-OBJ-51817102,BOR_Dal_01,P2AE_PBA_HTA,PBA 14A1000,8.0,PBA_HTA,0.3,0.0,0.0,15.0,0.0,Yankoï,BORGOU,Travaux HTA
HC-982,P2AE-OBJ-b230a8a0,BOR_Dal_01,P2AE_Cable_BT,PRC 50mm²,3185.0,Cable_BT,0.3111,0.0,0.0,6341.0,0.0,Yankoï,BORGOU,Travaux BT
HC-983,P2AE-OBJ-1789af48,DON_Bas_01,P2AE_PBA_HTA,PBA 11C650,1.0,PBA_HTA,0.3,1.0,1.0,4.0,0.075,Partago,DONGA,Travaux HTA
HC-984,P2AE-OBJ-6e57c7fb,ALI_Gog_04,P2AE_TFO,Transformateur 100 kVA,3.0,TFO,0.1667,1.0,0.3333333333333333,3.0,0.05556666666666666,Sori-Borowanrou,ALIBORI,Travaux HTA
HC-985,P2AE-OBJ-a021bb7f,DON_Djo_02,P2AE_Cable_HTA,ASTER 54mm²,20.0,Cable_HTA,0.3333,0.0,0.0,20.0,0.0,Alfa-Kpara,DONGA,Travaux HTA
HC-986,P2AE-OBJ-e4782e0e,DON_Bas_03,P2AE_PBA_HTA,PBA 11C650,3.0,PBA_HTA,0.3,0.0,0.0,61.0,0.0,Akaradè,DONGA,Travaux HTA
HC-987,P2AE-OBJ-1035b0cb,DON_Djo_03,P2AE_PBA_HTA,PBA 11C650,3.0,PBA_HTA,0.3,0.0,0.0,59.0,0.0,Vanhoui,DONGA,Travaux HTA
HC-988,P2AE-OBJ-bf9c4727,DON_Djo_04,P2AE_PBA_HTA,PBA 11C650,1.0,PBA_HTA,0.3,1.0,1.0,27.0,0.01111111111111111,Nagatchori,DONGA,Travaux HTA
HC-989,P2AE-OBJ-c642265d,DON_Oua_01,P2AE_PBA_HTA,PBA 11C650,1.0,PBA_HTA,0.3,0.0,0.0,14.0,0.0,Bohomdo,DONGA,Travaux HTA
HC-990,P2AE-OBJ-8077c816,DON_Oua_03,P2AE_PBA_HTA,PBA 11C650,1.0,PBA_HTA,0.3,1.0,1.0,5.0,0.06,Itchodè,DONGA,Travaux HTA
HC-991,P2AE-OBJ-356514d7,DON_Oua_05,P2AE_PBA_HTA,PBA 13A400,9.0,PBA_HTA,0.3,0.0,0.0,25.0,0.0,Trouncare Bas,DONGA,Travaux HTA
HC-992,P2AE-OBJ-65ef45ba,DON_Bas_02,P2AE_PBA_HTA,PBA 11C650,2.0,PBA_HTA,0.3,2.0,1.0,44.0,0.013636363636363636,Oké-Igboélé,DONGA,Travaux HTA
HC-993,P2AE-OBJ-53bc4f0f,DON_Djo_01,P2AE_PBA_HTA,PBA 11C650,5.0,PBA_HTA,0.3,4.0,0.8,105.0,0.011428571428571427,Founga,DONGA,Travaux HTA
HC-994,P2AE-OBJ-6ccf35fd,ALI_Gog_01,P2AE_TFO,Transformateur 100 kVA,1.0,TFO,0.1667,1.0,1.0,1.0,0.1667,Wara,ALIBORI,Travaux HTA
HC-995,P2AE-OBJ-4ad58dee,DON_Oua_04,P2AE_PBA_HTA,PBA 11C650,2.0,PBA_HTA,0.3,2.0,1.0,21.0,0.028571428571428567,Talina,DONGA,Travaux HTA
HC-996,P2AE-OBJ-d5c4a9c5,DON_Oua_02,P2AE_PBA_HTA,PBA 11C650,1.0,PBA_HTA,0.3,1.0,1.0,11.0,0.02727272727272727,Komtcha,DONGA,Travaux HTA
HC-997,P2AE-OBJ-01f1efcf,ATA_Nat_08,P2AE_IACM,IACM,1.0,IACM,0.0833,1.0,1.0,1.0,0.0833,Ouroubonna,ATACORA,Travaux HTA
