ID_Helper,ID_Objectif,ID_Localite,Localite,Departement,Commune,ID_Tache,Categorie,Designation,ID_Materiel,Unite,Qte_Prevue,Qte_Realisee,Quantite_Restante,Taux_Realisation,Poids,Qte_Prevue_Total,Avancement_Pondere,Statut,Avancement_HTA_Localite_pct,Avancement_BT_Localite_pct,Avancement_Global_Localite_pct,Nb_Anomalies_Signalees
HC-342,e660d565,ALI_Kan_02,Localite_002,ALIBORI,Commune_D,P2AE_Cable_BT,Travaux BT,PRC 50mm²,8e6b4946,m,7505.0,6339.9,1165.1000000000004,0.8447568287808127,0.3111,11615.0,0.1698099776151528,En Cours,56.0887231580301,76.97729633468434,67.82810128330978,0
HC-343,dea88019,ALI_Kan_02,Localite_002,ALIBORI,Commune_D,P2AE_Cable_BT,Travaux BT,PRC 70mm²,59dc5a38,m,4110.0,2407.07,1702.9300000000003,0.585661800486618,0.3111,11615.0,0.0644717586741282,En Cours,56.0887231580301,76.97729633468434,67.82810128330978,0
HC-341,ddef61fd,ALI_Kan_02,Localite_002,ALIBORI,Commune_D,P2AE_Cable_HTA,Travaux HTA,ASTER 54mm²,e9e0a228,m,350.0,298.0,52.0,0.8514285714285714,0.3333,350.0,0.2837811428571428,En Cours,56.0887231580301,76.97729633468434,67.82810128330978,0
HC-344,4db2fa91,ALI_Kan_02,Localite_002,ALIBORI,Commune_D,P2AE_DMT,Travaux HTA,Point Double DMT-CC,a4425df9,U,2.0,0.0,2.0,0.0,0.0833,2.0,0.0,En Cours,56.0887231580301,76.97729633468434,67.82810128330978,0
HC-347,495fe90e,ALI_Kan_02,Localite_002,ALIBORI,Commune_D,P2AE_EP,Travaux BT,EP,fbeef696,U,128.0,53.0,75.0,0.4140625,0.1556,128.0,0.0644281249999999,En Cours,56.0887231580301,76.97729633468434,67.82810128330978,0
HC-350,a7e789ef,ALI_Kan_02,Localite_002,ALIBORI,Commune_D,P2AE_Fouille_BT,Travaux BT,Fouille réseau basse tension,e221b25e,U,253.0,238.0,15.0,0.9407114624505928,0.0467,253.0,0.0439312252964426,En Cours,56.0887231580301,76.97729633468434,67.82810128330978,0
HC-349,761c4126,ALI_Kan_02,Localite_002,ALIBORI,Commune_D,P2AE_Fouille_HTA,Travaux HTA,Fouille réseau haute tension,f03cfc0b,U,14.0,14.0,0.0,1.0,0.0333,14.0,0.0333,En Cours,56.0887231580301,76.97729633468434,67.82810128330978,0
HC-345,90b7e24b,ALI_Kan_02,Localite_002,ALIBORI,Commune_D,P2AE_IACM,Travaux HTA,IACM,21f4f4d7,U,2.0,0.0,2.0,0.0,0.0833,2.0,0.0,En Cours,56.0887231580301,76.97729633468434,67.82810128330978,0
HC-331,58e013f2,ALI_Kan_02,Localite_002,ALIBORI,Commune_D,P2AE_PBA_BT,Travaux BT,PBA 9A200,2ec17c4d,U,147.0,137.0,10.0,0.9319727891156464,0.42,251.0,0.2292430278884462,En Cours,56.0887231580301,76.97729633468434,67.82810128330978,0
HC-332,3a955806,ALI_Kan_02,Localite_002,ALIBORI,Commune_D,P2AE_PBA_BT,Travaux BT,PBA 9A650,215ac167,U,84.0,84.0,0.0,1.0,0.42,251.0,0.1405577689243027,En Cours,56.0887231580301,76.97729633468434,67.82810128330978,0
HC-333,d3924019,ALI_Kan_02,Localite_002,ALIBORI,Commune_D,P2AE_PBA_BT,Travaux BT,PBA 9C650,9c6af0a4,U,17.0,15.0,2.0,0.8823529411764706,0.42,251.0,0.0250996015936254,En Cours,56.0887231580301,76.97729633468434,67.82810128330978,0
HC-334,d3c4e7f6,ALI_Kan_02,Localite_002,ALIBORI,Commune_D,P2AE_PBA_BT,Travaux BT,PBA 9C800,526229bb,U,3.0,2.0,1.0,0.6666666666666666,0.42,251.0,0.0033466135458167,En Cours,56.0887231580301,76.97729633468434,67.82810128330978,0
HC-335,ac3ce0c9,ALI_Kan_02,Localite_002,ALIBORI,Commune_D,P2AE_PBA_HTA,Travaux HTA,PBA 11A1250,058e9b6a,U,2.0,2.0,0.0,1.0,0.3,16.0,0.0375,En Cours,56.0887231580301,76.97729633468434,67.82810128330978,0
HC-336,79dff89f,ALI_Kan_02,Localite_002,ALIBORI,Commune_D,P2AE_PBA_HTA,Travaux HTA,PBA 12A800,46cfa5f8,U,2.0,2.0,0.0,1.0,0.3,16.0,0.0375,En Cours,56.0887231580301,76.97729633468434,67.82810128330978,0
HC-337,0a19fbbd,ALI_Kan_02,Localite_002,ALIBORI,Commune_D,P2AE_PBA_HTA,Travaux HTA,PBA 13A400,cd39f595,U,2.0,3.0,0.0,1.0,0.3,16.0,0.0375,En Cours,56.0887231580301,76.97729633468434,67.82810128330978,0
HC-338,1bb29119,ALI_Kan_02,Localite_002,ALIBORI,Commune_D,P2AE_PBA_HTA,Travaux HTA,PBA 13C800,d6344558,U,5.0,3.0,2.0,0.6,0.3,16.0,0.0562499999999999,En Cours,56.0887231580301,76.97729633468434,67.82810128330978,0
HC-339,36674afe,ALI_Kan_02,Localite_002,ALIBORI,Commune_D,P2AE_PBA_HTA,Travaux HTA,PBA 14A1000,ffbf33ef,U,1.0,0.0,1.0,0.0,0.3,16.0,0.0,En Cours,56.0887231580301,76.97729633468434,67.82810128330978,0
HC-340,4e8e7143,ALI_Kan_02,Localite_002,ALIBORI,Commune_D,P2AE_PBA_HTA,Travaux HTA,PBA 14C1000,f74fbc64,U,2.0,2.0,0.0,1.0,0.3,16.0,0.0375,En Cours,56.0887231580301,76.97729633468434,67.82810128330978,0
HC-942,c8b06299,ALI_Kan_02,Localite_002,ALIBORI,Commune_D,P2AE_PBA_HTA,Travaux HTA,PBA 11C650,26e8ec03,U,2.0,2.0,0.0,1.0,0.3,16.0,0.0375,En Cours,56.0887231580301,76.97729633468434,67.82810128330978,0
HC-346,5e45f915,ALI_Kan_02,Localite_002,ALIBORI,Commune_D,P2AE_TFO,Travaux HTA,Transformateur 160 kVA,8ae558c8,U,2.0,0.0,2.0,0.0,0.1667,2.0,0.0,En Cours,56.0887231580301,76.97729633468434,67.82810128330978,0
HC-348,7d879cb5,ALI_Kan_02,Localite_002,ALIBORI,Commune_D,P2AE_Terre,Travaux BT,Mise à la terre,002f1a3d,U,76.0,33.0,43.0,0.4342105263157895,0.0667,76.0,0.0289618421052631,En Cours,56.0887231580301,76.97729633468434,67.82810128330978,0
HC-251,bfaaa3a0,ALI_Gog_02,Localite_005,ALIBORI,Commune_C,P2AE_Cable_BT,Travaux BT,PRC 50mm²,8e6b4946,m,3160.0,0.0,3160.0,0.0,0.3111,3425.0,0.0,En Cours,0.0,33.20797549874643,18.66288223029549,0
HC-252,b4574522,ALI_Gog_02,Localite_005,ALIBORI,Commune_C,P2AE_Cable_BT,Travaux BT,PRC 70mm²,59dc5a38,m,265.0,0.0,265.0,0.0,0.3111,3425.0,0.0,En Cours,0.0,33.20797549874643,18.66288223029549,0
HC-250,568ec0d4,ALI_Gog_02,Localite_005,ALIBORI,Commune_C,P2AE_Cable_HTA,Travaux HTA,ASTER 54mm²,e9e0a228,m,435.0,0.0,435.0,0.0,0.3333,435.0,0.0,En Cours,0.0,33.20797549874643,18.66288223029549,0
HC-253,35f9d94e,ALI_Gog_02,Localite_005,ALIBORI,Commune_C,P2AE_DMT,Travaux HTA,Point Double DMT-CC,a4425df9,U,1.0,0.0,1.0,0.0,0.0833,1.0,0.0,En Cours,0.0,33.20797549874643,18.66288223029549,0
HC-256,188d9b1b,ALI_Gog_02,Localite_005,ALIBORI,Commune_C,P2AE_EP,Travaux BT,EP,fbeef696,U,45.0,0.0,45.0,0.0,0.1556,45.0,0.0,En Cours,0.0,33.20797549874643,18.66288223029549,0
HC-259,1bf85ec3,ALI_Gog_02,Localite_005,ALIBORI,Commune_C,P2AE_Fouille_BT,Travaux BT,Fouille réseau basse tension,e221b25e,U,81.0,57.0,24.0,0.7037037037037037,0.0467,81.0,0.0328629629629629,En Cours,0.0,33.20797549874643,18.66288223029549,0
HC-258,9fe5c5f8,ALI_Gog_02,Localite_005,ALIBORI,Commune_C,P2AE_Fouille_HTA,Travaux HTA,Fouille réseau haute tension,f03cfc0b,U,10.0,0.0,10.0,0.0,0.0333,10.0,0.0,En Cours,0.0,33.20797549874643,18.66288223029549,0
HC-254,3d1e46fe,ALI_Gog_02,Localite_005,ALIBORI,Commune_C,P2AE_IACM,Travaux HTA,IACM,21f4f4d7,U,1.0,0.0,1.0,0.0,0.0833,1.0,0.0,En Cours,0.0,33.20797549874643,18.66288223029549,0
HC-243,e53d780d,ALI_Gog_02,Localite_005,ALIBORI,Commune_C,P2AE_PBA_BT,Travaux BT,PBA 9A200,2ec17c4d,U,38.0,32.0,6.0,0.8421052631578947,0.42,80.0,0.1679999999999999,En Cours,0.0,33.20797549874643,18.66288223029549,0
HC-244,779f8ead,ALI_Gog_02,Localite_005,ALIBORI,Commune_C,P2AE_PBA_BT,Travaux BT,PBA 9A650,215ac167,U,35.0,25.0,10.0,0.7142857142857143,0.42,80.0,0.13125,En Cours,0.0,33.20797549874643,18.66288223029549,0
HC-245,f45b706a,ALI_Gog_02,Localite_005,ALIBORI,Commune_C,P2AE_PBA_BT,Travaux BT,PBA 9C650,9c6af0a4,U,7.0,0.0,7.0,0.0,0.42,80.0,0.0,En Cours,0.0,33.20797549874643,18.66288223029549,0
HC-246,b79a8d73,ALI_Gog_02,Localite_005,ALIBORI,Commune_C,P2AE_PBA_HTA,Travaux HTA,PBA 11A1250,058e9b6a,U,1.0,0.0,1.0,0.0,0.3,11.0,0.0,En Cours,0.0,33.20797549874643,18.66288223029549,0
HC-247,ff184028,ALI_Gog_02,Localite_005,ALIBORI,Commune_C,P2AE_PBA_HTA,Travaux HTA,PBA 12A800,46cfa5f8,U,1.0,0.0,1.0,0.0,0.3,11.0,0.0,En Cours,0.0,33.20797549874643,18.66288223029549,0
HC-248,5ccff579,ALI_Gog_02,Localite_005,ALIBORI,Commune_C,P2AE_PBA_HTA,Travaux HTA,PBA 13A400,cd39f595,U,6.0,0.0,6.0,0.0,0.3,11.0,0.0,En Cours,0.0,33.20797549874643,18.66288223029549,0
HC-249,f94ce2f4,ALI_Gog_02,Localite_005,ALIBORI,Commune_C,P2AE_PBA_HTA,Travaux HTA,PBA 13C800,d6344558,U,2.0,0.0,2.0,0.0,0.3,11.0,0.0,En Cours,0.0,33.20797549874643,18.66288223029549,0
HC-965,P2AE-OBJ-cb6b2a52,ALI_Gog_02,Localite_005,ALIBORI,Commune_C,P2AE_PBA_HTA,Travaux HTA,PBA 11C650,26e8ec03,U,1.0,0.0,1.0,0.0,0.3,11.0,0.0,En Cours,0.0,33.20797549874643,18.66288223029549,0
HC-255,9b818fd0,ALI_Gog_02,Localite_005,ALIBORI,Commune_C,P2AE_TFO,Travaux HTA,Transformateur 160 kVA,8ae558c8,U,1.0,0.0,1.0,0.0,0.1667,1.0,0.0,En Cours,0.0,33.20797549874643,18.66288223029549,0
HC-257,dd0e303d,ALI_Gog_02,Localite_005,ALIBORI,Commune_C,P2AE_Terre,Travaux BT,Mise à la terre,002f1a3d,U,27.0,0.0,27.0,0.0,0.0667,27.0,0.0,En Cours,0.0,33.20797549874643,18.66288223029549,0
HC-268,e9039931,ALI_Gog_03,Localite_006,ALIBORI,Commune_C,P2AE_Cable_BT,Travaux BT,PRC 50mm²,8e6b4946,m,4320.0,0.0,4320.0,0.0,0.3111,5420.0,0.0,En Cours,7.1977527423071965,27.2273716024624,18.45439854171442,0
HC-269,61c2b5ed,ALI_Gog_03,Localite_006,ALIBORI,Commune_C,P2AE_Cable_BT,Travaux BT,PRC 70mm²,59dc5a38,m,1100.0,0.0,1100.0,0.0,0.3111,5420.0,0.0,En Cours,7.1977527423071965,27.2273716024624,18.45439854171442,0
HC-267,2799ba73,ALI_Gog_03,Localite_006,ALIBORI,Commune_C,P2AE_Cable_HTA,Travaux HTA,ASTER 54mm²,e9e0a228,m,525.0,0.0,525.0,0.0,0.3333,525.0,0.0,En Cours,7.1977527423071965,27.2273716024624,18.45439854171442,0
HC-270,ffe1b6d0,ALI_Gog_03,Localite_006,ALIBORI,Commune_C,P2AE_DMT,Travaux HTA,Point Double DMT-CC,a4425df9,U,1.0,0.0,1.0,0.0,0.0833,1.0,0.0,En Cours,7.1977527423071965,27.2273716024624,18.45439854171442,0
HC-273,facd06b3,ALI_Gog_03,Localite_006,ALIBORI,Commune_C,P2AE_EP,Travaux BT,EP,fbeef696,U,52.0,0.0,52.0,0.0,0.1556,52.0,0.0,En Cours,7.1977527423071965,27.2273716024624,18.45439854171442,0
HC-276,22f0373d,ALI_Gog_03,Localite_006,ALIBORI,Commune_C,P2AE_Fouille_BT,Travaux BT,Fouille réseau basse tension,e221b25e,U,106.0,37.0,69.0,0.3490566037735849,0.0467,106.0,0.0163009433962264,En Cours,7.1977527423071965,27.2273716024624,18.45439854171442,0
HC-275,5b85268e,ALI_Gog_03,Localite_006,ALIBORI,Commune_C,P2AE_Fouille_HTA,Travaux HTA,Fouille réseau haute tension,f03cfc0b,U,13.0,3.0,10.0,0.2307692307692307,0.0333,13.0,0.0076846153846153,En Cours,7.1977527423071965,27.2273716024624,18.45439854171442,0
HC-271,1b568b95,ALI_Gog_03,Localite_006,ALIBORI,Commune_C,P2AE_IACM,Travaux HTA,IACM,21f4f4d7,U,1.0,0.0,1.0,0.0,0.0833,1.0,0.0,En Cours,7.1977527423071965,27.2273716024624,18.45439854171442,0
HC-260,ada7077b,ALI_Gog_03,Localite_006,ALIBORI,Commune_C,P2AE_PBA_BT,Travaux BT,PBA 9A200,2ec17c4d,U,57.0,34.0,23.0,0.5964912280701754,0.42,105.0,0.1359999999999999,En Cours,7.1977527423071965,27.2273716024624,18.45439854171442,0
HC-261,7695b4ad,ALI_Gog_03,Localite_006,ALIBORI,Commune_C,P2AE_PBA_BT,Travaux BT,PBA 9A650,215ac167,U,39.0,25.0,14.0,0.6410256410256411,0.42,105.0,0.1,En Cours,7.1977527423071965,27.2273716024624,18.45439854171442,0
HC-262,c363bac0,ALI_Gog_03,Localite_006,ALIBORI,Commune_C,P2AE_PBA_BT,Travaux BT,PBA 9C650,9c6af0a4,U,9.0,5.0,4.0,0.5555555555555556,0.42,105.0,0.02,En Cours,7.1977527423071965,27.2273716024624,18.45439854171442,0
HC-263,91f40be5,ALI_Gog_03,Localite_006,ALIBORI,Commune_C,P2AE_PBA_HTA,Travaux HTA,PBA 11A1250,058e9b6a,U,1.0,0.0,1.0,0.0,0.3,14.0,0.0,En Cours,7.1977527423071965,27.2273716024624,18.45439854171442,0
HC-264,00703b48,ALI_Gog_03,Localite_006,ALIBORI,Commune_C,P2AE_PBA_HTA,Travaux HTA,PBA 13A400,cd39f595,U,7.0,3.0,4.0,0.4285714285714285,0.3,14.0,0.0642857142857142,En Cours,7.1977527423071965,27.2273716024624,18.45439854171442,0
HC-265,6ee66905,ALI_Gog_03,Localite_006,ALIBORI,Commune_C,P2AE_PBA_HTA,Travaux HTA,PBA 13C1250,50dc40e9,U,1.0,0.0,1.0,0.0,0.3,14.0,0.0,En Cours,7.1977527423071965,27.2273716024624,18.45439854171442,0
HC-266,3ed5849d,ALI_Gog_03,Localite_006,ALIBORI,Commune_C,P2AE_PBA_HTA,Travaux HTA,PBA 13C800,d6344558,U,4.0,0.0,4.0,0.0,0.3,14.0,0.0,En Cours,7.1977527423071965,27.2273716024624,18.45439854171442,0
HC-966,P2AE-OBJ-117b49a8,ALI_Gog_03,Localite_006,ALIBORI,Commune_C,P2AE_PBA_HTA,Travaux HTA,PBA 11C650,26e8ec03,U,1.0,0.0,1.0,0.0,0.3,14.0,0.0,En Cours,7.1977527423071965,27.2273716024624,18.45439854171442,0
HC-272,79e436b2,ALI_Gog_03,Localite_006,ALIBORI,Commune_C,P2AE_TFO,Travaux HTA,Transformateur 160 kVA,8ae558c8,U,1.0,0.0,1.0,0.0,0.1667,1.0,0.0,En Cours,7.1977527423071965,27.2273716024624,18.45439854171442,0
HC-274,5fac86af,ALI_Gog_03,Localite_006,ALIBORI,Commune_C,P2AE_Terre,Travaux BT,Mise à la terre,002f1a3d,U,36.0,0.0,36.0,0.0,0.0667,36.0,0.0,En Cours,7.1977527423071965,27.2273716024624,18.45439854171442,0
HC-417,5e531320,ALI_Kan_06,Localite_015,ALIBORI,Commune_D,P2AE_Cable_BT,Travaux BT,PRC 50mm²,8e6b4946,m,2320.0,1772.5,547.5,0.7640086206896551,0.3111,3360.0,0.1641145089285714,En Cours,25.104272074266248,57.57784997060518,43.35442285200873,0
HC-418,a84ed8dd,ALI_Kan_06,Localite_015,ALIBORI,Commune_D,P2AE_Cable_BT,Travaux BT,PRC 70mm²,59dc5a38,m,1040.0,0.0,1040.0,0.0,0.3111,3360.0,0.0,En Cours,25.104272074266248,57.57784997060518,43.35442285200873,0
HC-416,605l67563,ALI_Kan_06,Localite_015,ALIBORI,Commune_D,P2AE_Cable_HTA,Travaux HTA,ASTER 54mm²,e9e0a228,m,100.0,58.18,41.82,0.5818,0.3333,100.0,0.1939139399999999,En Cours,25.104272074266248,57.57784997060518,43.35442285200873,0
HC-419,609f3b2f,ALI_Kan_06,Localite_015,ALIBORI,Commune_D,P2AE_DMT,Travaux HTA,Point Double DMT-CC,a4425df9,U,1.0,0.0,1.0,0.0,0.0833,1.0,0.0,En Cours,25.104272074266248,57.57784997060518,43.35442285200873,0
HC-422,9131cb50,ALI_Kan_06,Localite_015,ALIBORI,Commune_D,P2AE_EP,Travaux BT,EP,fbeef696,U,27.0,0.0,27.0,0.0,0.1556,27.0,0.0,En Cours,25.104272074266248,57.57784997060518,43.35442285200873,0
HC-425,c9f39715,ALI_Kan_06,Localite_015,ALIBORI,Commune_D,P2AE_Fouille_BT,Travaux BT,Fouille réseau basse tension,e221b25e,U,51.0,46.0,5.0,0.9019607843137256,0.0467,51.0,0.0421215686274509,En Cours,25.104272074266248,57.57784997060518,43.35442285200873,0
HC-424,98aee3ad,ALI_Kan_06,Localite_015,ALIBORI,Commune_D,P2AE_Fouille_HTA,Travaux HTA,Fouille réseau haute tension,f03cfc0b,U,16.0,2.0,14.0,0.125,0.0333,16.0,0.0041625,En Cours,25.104272074266248,57.57784997060518,43.35442285200873,0
HC-420,9b21046f,ALI_Kan_06,Localite_015,ALIBORI,Commune_D,P2AE_IACM,Travaux HTA,IACM,21f4f4d7,U,1.0,0.0,1.0,0.0,0.0833,1.0,0.0,En Cours,25.104272074266248,57.57784997060518,43.35442285200873,0
HC-407,df519c0c,ALI_Kan_06,Localite_015,ALIBORI,Commune_D,P2AE_PBA_BT,Travaux BT,PBA 11C650,29ef61f5,U,3.0,1.0,2.0,0.3333333333333333,0.42,50.0,0.0084,En Cours,25.104272074266248,57.57784997060518,43.35442285200873,0
HC-408,28390cb9,ALI_Kan_06,Localite_015,ALIBORI,Commune_D,P2AE_PBA_BT,Travaux BT,PBA 9A200,2ec17c4d,U,29.0,25.0,4.0,0.8620689655172413,0.42,50.0,0.2099999999999999,En Cours,25.104272074266248,57.57784997060518,43.35442285200873,0
HC-409,974ff616,ALI_Kan_06,Localite_015,ALIBORI,Commune_D,P2AE_PBA_BT,Travaux BT,PBA 9A650,215ac167,U,16.0,17.0,0.0,1.0,0.42,50.0,0.1344,En Cours,25.104272074266248,57.57784997060518,43.35442285200873,0
HC-410,7806i4188,ALI_Kan_06,Localite_015,ALIBORI,Commune_D,P2AE_PBA_BT,Travaux BT,PBA 9C650,9c6af0a4,U,1.0,1.0,0.0,1.0,0.42,50.0,0.0084,En Cours,25.104272074266248,57.57784997060518,43.35442285200873,0
HC-411,46d5c23c,ALI_Kan_06,Localite_015,ALIBORI,Commune_D,P2AE_PBA_BT,Travaux BT,PBA 9C800,526229bb,U,1.0,1.0,0.0,1.0,0.42,50.0,0.0084,En Cours,25.104272074266248,57.57784997060518,43.35442285200873,0
HC-412,35ed2f94,ALI_Kan_06,Localite_015,ALIBORI,Commune_D,P2AE_PBA_HTA,Travaux HTA,PBA 11A1250,058e9b6a,U,1.0,1.0,0.0,1.0,0.3,17.0,0.0176470588235294,En Cours,25.104272074266248,57.57784997060518,43.35442285200873,0
HC-413,bb3d3ddb,ALI_Kan_06,Localite_015,ALIBORI,Commune_D,P2AE_PBA_HTA,Travaux HTA,PBA 12A800,46cfa5f8,U,1.0,1.0,0.0,1.0,0.3,17.0,0.0176470588235294,En Cours,25.104272074266248,57.57784997060518,43.35442285200873,0
HC-414,756ace2b,ALI_Kan_06,Localite_015,ALIBORI,Commune_D,P2AE_PBA_HTA,Travaux HTA,PBA 14A1000,ffbf33ef,U,10.0,0.0,10.0,0.0,0.3,17.0,0.0,En Cours,25.104272074266248,57.57784997060518,43.35442285200873,0
HC-415,5d367e91,ALI_Kan_06,Localite_015,ALIBORI,Commune_D,P2AE_PBA_HTA,Travaux HTA,PBA 14C1000,f74fbc64,U,4.0,0.0,4.0,0.0,0.3,17.0,0.0,En Cours,25.104272074266248,57.57784997060518,43.35442285200873,0
HC-946,1a088064,ALI_Kan_06,Localite_015,ALIBORI,Commune_D,P2AE_PBA_HTA,Travaux HTA,PBA 11C650,26e8ec03,U,1.0,1.0,0.0,1.0,0.3,17.0,0.0176470588235294,En Cours,25.104272074266248,57.57784997060518,43.35442285200873,0
HC-421,57f1b39e,ALI_Kan_06,Localite_015,ALIBORI,Commune_D,P2AE_TFO,Travaux HTA,Transformateur 160 kVA,8ae558c8,U,1.0,0.0,1.0,0.0,0.1667,1.0,0.0,En Cours,25.104272074266248,57.57784997060518,43.35442285200873,0
HC-423,c4425f13,ALI_Kan_06,Localite_015,ALIBORI,Commune_D,P2AE_Terre,Travaux BT,Mise à la terre,002f1a3d,U,20.0,0.0,20.0,0.0,0.0667,20.0,0.0,En Cours,25.104272074266248,57.57784997060518,43.35442285200873,0
HC-380,18d1bfda,ALI_Kan_04,Localite_017,ALIBORI,Commune_D,P2AE_Cable_BT,Travaux BT,PRC 50mm²,8e6b4946,m,7050.0,6189.0,861.0,0.8778723404255319,0.3111,10370.0,0.1856699999999999,En Cours,40.56671500483382,86.19554336323075,66.2101165422529,0
HC-381,122f4dca,ALI_Kan_04,Localite_017,ALIBORI,Commune_D,P2AE_Cable_BT,Travaux BT,PRC 70mm²,59dc5a38,m,3320.0,2009.05,1310.95,0.6051355421686747,0.3111,10370.0,0.0602715,En Cours,40.56671500483382,86.19554336323075,66.2101165422529,0
HC-379,6d4b8172,ALI_Kan_04,Localite_017,ALIBORI,Commune_D,P2AE_Cable_HTA,Travaux HTA,ASTER 54mm²,e9e0a228,m,420.0,146.3,273.7,0.3483333333333334,0.3333,420.0,0.1160995,En Cours,40.56671500483382,86.19554336323075,66.2101165422529,0
HC-382,9072351d,ALI_Kan_04,Localite_017,ALIBORI,Commune_D,P2AE_DMT,Travaux HTA,Point Double DMT-CC,a4425df9,U,2.0,0.0,2.0,0.0,0.0833,2.0,0.0,En Cours,40.56671500483382,86.19554336323075,66.2101165422529,0
HC-385,1bcc8071,ALI_Kan_04,Localite_017,ALIBORI,Commune_D,P2AE_EP,Travaux BT,EP,fbeef696,U,94.0,67.0,27.0,0.7127659574468085,0.1556,94.0,0.1109063829787233,En Cours,40.56671500483382,86.19554336323075,66.2101165422529,0
HC-388,541754a7,ALI_Kan_04,Localite_017,ALIBORI,Commune_D,P2AE_Fouille_BT,Travaux BT,Fouille réseau basse tension,e221b25e,U,208.0,205.0,3.0,0.9855769230769232,0.0467,208.0,0.0460264423076923,En Cours,40.56671500483382,86.19554336323075,66.2101165422529,0
HC-387,71b33790,ALI_Kan_04,Localite_017,ALIBORI,Commune_D,P2AE_Fouille_HTA,Travaux HTA,Fouille réseau haute tension,f03cfc0b,U,16.0,11.0,5.0,0.6875,0.0333,16.0,0.02289375,En Cours,40.56671500483382,86.19554336323075,66.2101165422529,0
HC-383,3c9baafa,ALI_Kan_04,Localite_017,ALIBORI,Commune_D,P2AE_IACM,Travaux HTA,IACM,21f4f4d7,U,2.0,2.0,0.0,1.0,0.0833,2.0,0.0833,En Cours,40.56671500483382,86.19554336323075,66.2101165422529,0
HC-369,f598a955,ALI_Kan_04,Localite_017,ALIBORI,Commune_D,P2AE_PBA_BT,Travaux BT,PBA 9A200,2ec17c4d,U,104.0,104.0,0.0,1.0,0.42,205.0,0.2130731707317073,En Cours,40.56671500483382,86.19554336323075,66.2101165422529,0
HC-370,089c081d,ALI_Kan_04,Localite_017,ALIBORI,Commune_D,P2AE_PBA_BT,Travaux BT,PBA 9A650,215ac167,U,81.0,82.0,0.0,1.0,0.42,205.0,0.1659512195121951,En Cours,40.56671500483382,86.19554336323075,66.2101165422529,0
HC-371,972e3063,ALI_Kan_04,Localite_017,ALIBORI,Commune_D,P2AE_PBA_BT,Travaux BT,PBA 9C650,9c6af0a4,U,19.0,17.0,2.0,0.8947368421052632,0.42,205.0,0.0348292682926829,En Cours,40.56671500483382,86.19554336323075,66.2101165422529,0
HC-372,e906b23e,ALI_Kan_04,Localite_017,ALIBORI,Commune_D,P2AE_PBA_BT,Travaux BT,PBA 9C800,526229bb,U,1.0,1.0,0.0,1.0,0.42,205.0,0.0020487804878048,En Cours,40.56671500483382,86.19554336323075,66.2101165422529,0
HC-373,e6505c9b,ALI_Kan_04,Localite_017,ALIBORI,Commune_D,P2AE_PBA_HTA,Travaux HTA,PBA 11A1250,058e9b6a,U,2.0,2.0,0.0,1.0,0.3,18.0,0.0333333333333333,En Cours,40.56671500483382,86.19554336323075,66.2101165422529,0
HC-374,a0e5d663,ALI_Kan_04,Localite_017,ALIBORI,Commune_D,P2AE_PBA_HTA,Travaux HTA,PBA 12A800,46cfa5f8,U,2.0,2.0,0.0,1.0,0.3,18.0,0.0333333333333333,En Cours,40.56671500483382,86.19554336323075,66.2101165422529,0
HC-375,9f11ed2e,ALI_Kan_04,Localite_017,ALIBORI,Commune_D,P2AE_PBA_HTA,Travaux HTA,PBA 13A400,cd39f595,U,3.0,2.0,1.0,0.6666666666666666,0.3,18.0,0.0333333333333333,En Cours,40.56671500483382,86.19554336323075,66.2101165422529,0
HC-376,952a9237,ALI_Kan_04,Localite_017,ALIBORI,Commune_D,P2AE_PBA_HTA,Travaux HTA,PBA 13C800,d6344558,U,6.0,3.0,3.0,0.5,0.3,18.0,0.0499999999999999,En Cours,40.56671500483382,86.19554336323075,66.2101165422529,0
HC-377,cbcbf2ea,ALI_Kan_04,Localite_017,ALIBORI,Commune_D,P2AE_PBA_HTA,Travaux HTA,PBA 14A1000,ffbf33ef,U,1.0,0.0,1.0,0.0,0.3,18.0,0.0,En Cours,40.56671500483382,86.19554336323075,66.2101165422529,0
HC-378,d6b8ec48,ALI_Kan_04,Localite_017,ALIBORI,Commune_D,P2AE_PBA_HTA,Travaux HTA,PBA 14C1000,f74fbc64,U,2.0,0.0,2.0,0.0,0.3,18.0,0.0,En Cours,40.56671500483382,86.19554336323075,66.2101165422529,0
HC-944,d5668efd,ALI_Kan_04,Localite_017,ALIBORI,Commune_D,P2AE_PBA_HTA,Travaux HTA,PBA 11C650,26e8ec03,U,2.0,2.0,0.0,1.0,0.3,18.0,0.0333333333333333,En Cours,40.56671500483382,86.19554336323075,66.2101165422529,0
HC-384,734eb666,ALI_Kan_04,Localite_017,ALIBORI,Commune_D,P2AE_TFO,Travaux HTA,Transformateur 160 kVA,8ae558c8,U,2.0,0.0,2.0,0.0,0.1667,2.0,0.0,En Cours,40.56671500483382,86.19554336323075,66.2101165422529,0
HC-386,c386f58c,ALI_Kan_04,Localite_017,ALIBORI,Commune_D,P2AE_Terre,Travaux BT,Mise à la terre,002f1a3d,U,74.0,48.0,26.0,0.6486486486486487,0.0667,74.0,0.0432648648648648,En Cours,40.56671500483382,86.19554336323075,66.2101165422529,0
HC-325,c706ff6e,ALI_Kan_01,Localite_020,ALIBORI,Commune_D,P2AE_Cable_BT,Travaux BT,PRC 50mm²,8e6b4946,m,1920.0,839.0,1081.0,0.4369791666666666,0.3111,3225.0,0.0809342325581395,En Cours,44.20000928664295,62.33781358456465,54.39345530207495,0
HC-326,5e330fc7,ALI_Kan_01,Localite_020,ALIBORI,Commune_D,P2AE_Cable_BT,Travaux BT,PRC 70mm²,59dc5a38,m,1305.0,450.0,855.0,0.3448275862068966,0.3111,3225.0,0.0434093023255813,En Cours,44.20000928664295,62.33781358456465,54.39345530207495,0
HC-324,497e35603,ALI_Kan_01,Localite_020,ALIBORI,Commune_D,P2AE_Cable_HTA,Travaux HTA,ASTER 54mm²,e9e0a228,m,80.0,75.0,5.0,0.9375,0.3333,80.0,0.3124687499999999,En Cours,44.20000928664295,62.33781358456465,54.39345530207495,0
HC-938,404ad2fc,ALI_Kan_01,Localite_020,ALIBORI,Commune_D,P2AE_DMT,Travaux HTA,Point Double DMT-CC,a4425df9,U,1.0,0.0,1.0,0.0,0.0833,1.0,0.0,En Cours,44.20000928664295,62.33781358456465,54.39345530207495,0
HC-327,87530a00,ALI_Kan_01,Localite_020,ALIBORI,Commune_D,P2AE_EP,Travaux BT,EP,fbeef696,U,38.0,0.0,38.0,0.0,0.1556,38.0,0.0,En Cours,44.20000928664295,62.33781358456465,54.39345530207495,0
HC-330,37b37fab,ALI_Kan_01,Localite_020,ALIBORI,Commune_D,P2AE_Fouille_BT,Travaux BT,Fouille réseau basse tension,e221b25e,U,49.0,48.0,1.0,0.979591836734694,0.0467,49.0,0.0457469387755102,En Cours,44.20000928664295,62.33781358456465,54.39345530207495,0
HC-329,f1d4af89,ALI_Kan_01,Localite_020,ALIBORI,Commune_D,P2AE_Fouille_HTA,Travaux HTA,Fouille réseau haute tension,f03cfc0b,U,20.0,2.0,18.0,0.1,0.0333,20.0,0.00333,En Cours,44.20000928664295,62.33781358456465,54.39345530207495,0
HC-939,885b5bda,ALI_Kan_01,Localite_020,ALIBORI,Commune_D,P2AE_IACM,Travaux HTA,IACM,21f4f4d7,U,1.0,1.0,0.0,1.0,0.0833,1.0,0.0833,En Cours,44.20000928664295,62.33781358456465,54.39345530207495,0
HC-314,cd598c75,ALI_Kan_01,Localite_020,ALIBORI,Commune_D,P2AE_PBA_BT,Travaux BT,PBA 9A200,2ec17c4d,U,23.0,23.0,0.0,1.0,0.42,47.0,0.205531914893617,En Cours,44.20000928664295,62.33781358456465,54.39345530207495,0
HC-315,1fe48d61,ALI_Kan_01,Localite_020,ALIBORI,Commune_D,P2AE_PBA_BT,Travaux BT,PBA 9A650,215ac167,U,19.0,19.0,0.0,1.0,0.42,47.0,0.1697872340425531,En Cours,44.20000928664295,62.33781358456465,54.39345530207495,0
HC-316,836009dd,ALI_Kan_01,Localite_020,ALIBORI,Commune_D,P2AE_PBA_BT,Travaux BT,PBA 9C650,9c6af0a4,U,3.0,3.0,0.0,1.0,0.42,47.0,0.0268085106382978,En Cours,44.20000928664295,62.33781358456465,54.39345530207495,0
HC-317,62811a08,ALI_Kan_01,Localite_020,ALIBORI,Commune_D,P2AE_PBA_BT,Travaux BT,PBA 9C800,526229bb,U,2.0,2.0,0.0,1.0,0.42,47.0,0.0178723404255319,En Cours,44.20000928664295,62.33781358456465,54.39345530207495,0
HC-318,e0ebaa6d,ALI_Kan_01,Localite_020,ALIBORI,Commune_D,P2AE_PBA_HTA,Travaux HTA,PBA 11A1250,058e9b6a,U,1.0,1.0,0.0,1.0,0.3,21.0,0.0142857142857142,En Cours,44.20000928664295,62.33781358456465,54.39345530207495,0
HC-319,539c5b6c,ALI_Kan_01,Localite_020,ALIBORI,Commune_D,P2AE_PBA_HTA,Travaux HTA,PBA 12A800,46cfa5f8,U,5.0,1.0,4.0,0.2,0.3,21.0,0.0142857142857142,En Cours,44.20000928664295,62.33781358456465,54.39345530207495,0
HC-320,d1eea98f,ALI_Kan_01,Localite_020,ALIBORI,Commune_D,P2AE_PBA_HTA,Travaux HTA,PBA 13A400,cd39f595,U,5.0,0.0,5.0,0.0,0.3,21.0,0.0,En Cours,44.20000928664295,62.33781358456465,54.39345530207495,0
HC-321,ca4a12a1,ALI_Kan_01,Localite_020,ALIBORI,Commune_D,P2AE_PBA_HTA,Travaux HTA,PBA 13C800,d6344558,U,3.0,0.0,3.0,0.0,0.3,21.0,0.0,En Cours,44.20000928664295,62.33781358456465,54.39345530207495,0
HC-322,dedfa021,ALI_Kan_01,Localite_020,ALIBORI,Commune_D,P2AE_PBA_HTA,Travaux HTA,PBA 14A1000,ffbf33ef,U,5.0,0.0,5.0,0.0,0.3,21.0,0.0,En Cours,44.20000928664295,62.33781358456465,54.39345530207495,0
HC-323,476953c3,ALI_Kan_01,Localite_020,ALIBORI,Commune_D,P2AE_PBA_HTA,Travaux HTA,PBA 14C1000,f74fbc64,U,1.0,0.0,1.0,0.0,0.3,21.0,0.0,En Cours,44.20000928664295,62.33781358456465,54.39345530207495,0
HC-941,3a09df86,ALI_Kan_01,Localite_020,ALIBORI,Commune_D,P2AE_PBA_HTA,Travaux HTA,PBA 11C650,26e8ec03,U,1.0,1.0,0.0,1.0,0.3,21.0,0.0142857142857142,En Cours,44.20000928664295,62.33781358456465,54.39345530207495,0
HC-940,9cd479ed,ALI_Kan_01,Localite_020,ALIBORI,Commune_D,P2AE_TFO,Travaux HTA,Transformateur 160 kVA,8ae558c8,U,1.0,0.0,1.0,0.0,0.1667,1.0,0.0,En Cours,44.20000928664295,62.33781358456465,54.39345530207495,0
HC-328,810bcfae,ALI_Kan_01,Localite_020,ALIBORI,Commune_D,P2AE_Terre,Travaux BT,Mise à la terre,002f1a3d,U,32.0,16.0,16.0,0.5,0.0667,32.0,0.03335,En Cours,44.20000928664295,62.33781358456465,54.39345530207495,0
HC-360,ddc71ef1,ALI_Kan_03,Localite_029,ALIBORI,Commune_D,P2AE_Cable_BT,Travaux BT,PRC 50mm²,8e6b4946,m,950.0,0.0,950.0,0.0,0.3111,1175.0,0.0,En Cours,21.13068449702113,25.378905959671417,23.518184959030595,0
HC-361,3954cc2c,ALI_Kan_03,Localite_029,ALIBORI,Commune_D,P2AE_Cable_BT,Travaux BT,PRC 70mm²,59dc5a38,m,225.0,0.0,225.0,0.0,0.3111,1175.0,0.0,En Cours,21.13068449702113,25.378905959671417,23.518184959030595,0
HC-359,ba5d33b9,ALI_Kan_03,Localite_029,ALIBORI,Commune_D,P2AE_Cable_HTA,Travaux HTA,ASTER 54mm²,e9e0a228,m,245.0,0.0,245.0,0.0,0.3333,245.0,0.0,En Cours,21.13068449702113,25.378905959671417,23.518184959030595,0
HC-362,b16c31f6,ALI_Kan_03,Localite_029,ALIBORI,Commune_D,P2AE_DMT,Travaux HTA,Point Double DMT-CC,a4425df9,U,1.0,0.0,1.0,0.0,0.0833,1.0,0.0,En Cours,21.13068449702113,25.378905959671417,23.518184959030595,0
HC-365,04ba18f9,ALI_Kan_03,Localite_029,ALIBORI,Commune_D,P2AE_EP,Travaux BT,EP,fbeef696,U,11.0,0.0,11.0,0.0,0.1556,11.0,0.0,En Cours,21.13068449702113,25.378905959671417,23.518184959030595,0
HC-368,02eb6a26,ALI_Kan_03,Localite_029,ALIBORI,Commune_D,P2AE_Fouille_BT,Travaux BT,Fouille réseau basse tension,e221b25e,U,34.0,18.0,16.0,0.5294117647058824,0.0467,34.0,0.0247235294117647,En Cours,21.13068449702113,25.378905959671417,23.518184959030595,0
HC-367,16bf1526,ALI_Kan_03,Localite_029,ALIBORI,Commune_D,P2AE_Fouille_HTA,Travaux HTA,Fouille réseau haute tension,f03cfc0b,U,7.0,5.0,2.0,0.7142857142857143,0.0333,7.0,0.0237857142857142,En Cours,21.13068449702113,25.378905959671417,23.518184959030595,0
HC-363,3d8b0e97,ALI_Kan_03,Localite_029,ALIBORI,Commune_D,P2AE_IACM,Travaux HTA,IACM,21f4f4d7,U,1.0,0.0,1.0,0.0,0.0833,1.0,0.0,En Cours,21.13068449702113,25.378905959671417,23.518184959030595,0
HC-351,61c1e911,ALI_Kan_03,Localite_029,ALIBORI,Commune_D,P2AE_PBA_BT,Travaux BT,PBA 9A200,2ec17c4d,U,19.0,9.0,10.0,0.4736842105263157,0.42,33.0,0.1145454545454545,En Cours,21.13068449702113,25.378905959671417,23.518184959030595,0
HC-352,4dfbcc6c,ALI_Kan_03,Localite_029,ALIBORI,Commune_D,P2AE_PBA_BT,Travaux BT,PBA 9A650,215ac167,U,12.0,8.0,4.0,0.6666666666666666,0.42,33.0,0.1018181818181818,En Cours,21.13068449702113,25.378905959671417,23.518184959030595,0
HC-353,04cc362f,ALI_Kan_03,Localite_029,ALIBORI,Commune_D,P2AE_PBA_BT,Travaux BT,PBA 9C650,9c6af0a4,U,2.0,1.0,1.0,0.5,0.42,33.0,0.0127272727272727,En Cours,21.13068449702113,25.378905959671417,23.518184959030595,0
HC-354,1f4243cc,ALI_Kan_03,Localite_029,ALIBORI,Commune_D,P2AE_PBA_HTA,Travaux HTA,PBA 11A1250,058e9b6a,U,1.0,1.0,0.0,1.0,0.3,8.0,0.0375,En Cours,21.13068449702113,25.378905959671417,23.518184959030595,0
HC-355,7346bf23,ALI_Kan_03,Localite_029,ALIBORI,Commune_D,P2AE_PBA_HTA,Travaux HTA,PBA 12A800,46cfa5f8,U,1.0,1.0,0.0,1.0,0.3,8.0,0.0375,En Cours,21.13068449702113,25.378905959671417,23.518184959030595,0
HC-356,f2b16240,ALI_Kan_03,Localite_029,ALIBORI,Commune_D,P2AE_PBA_HTA,Travaux HTA,PBA 13A400,cd39f595,U,1.0,0.0,1.0,0.0,0.3,8.0,0.0,En Cours,21.13068449702113,25.378905959671417,23.518184959030595,0
HC-357,b001913b,ALI_Kan_03,Localite_029,ALIBORI,Commune_D,P2AE_PBA_HTA,Travaux HTA,PBA 13C1250,50dc40e9,U,2.0,2.0,0.0,1.0,0.3,8.0,0.075,En Cours,21.13068449702113,25.378905959671417,23.518184959030595,0
HC-358,da2fb789,ALI_Kan_03,Localite_029,ALIBORI,Commune_D,P2AE_PBA_HTA,Travaux HTA,PBA 13C800,d6344558,U,2.0,0.0,2.0,0.0,0.3,8.0,0.0,En Cours,21.13068449702113,25.378905959671417,23.518184959030595,0
HC-943,56aa1d2f,ALI_Kan_03,Localite_029,ALIBORI,Commune_D,P2AE_PBA_HTA,Travaux HTA,PBA 11C650,26e8ec03,U,1.0,1.0,0.0,1.0,0.3,8.0,0.0375,En Cours,21.13068449702113,25.378905959671417,23.518184959030595,0
HC-364,430bd8b0,ALI_Kan_03,Localite_029,ALIBORI,Commune_D,P2AE_TFO,Travaux HTA,Transformateur 160 kVA,8ae558c8,U,1.0,0.0,1.0,0.0,0.1667,1.0,0.0,En Cours,21.13068449702113,25.378905959671417,23.518184959030595,0
HC-366,ba660deb,ALI_Kan_03,Localite_029,ALIBORI,Commune_D,P2AE_Terre,Travaux BT,Mise à la terre,002f1a3d,U,11.0,0.0,11.0,0.0,0.0667,11.0,0.0,En Cours,21.13068449702113,25.378905959671417,23.518184959030595,0
HC-289,81ebf29a,ALI_Gog_04,Localite_038,ALIBORI,Commune_C,P2AE_Cable_BT,Travaux BT,PRC 50mm²,8e6b4946,m,10125.0,8331.3,1793.7000000000007,0.8228444444444444,0.3111,14265.0,0.1816941766561514,En Cours,69.46392413862597,74.51119472571523,72.30049020857014,0
HC-290,5b660e9e,ALI_Gog_04,Localite_038,ALIBORI,Commune_C,P2AE_Cable_BT,Travaux BT,PRC 70mm²,59dc5a38,m,4140.0,2383.03,1756.9700000000005,0.5756111111111111,0.3111,14265.0,0.0519706016824395,En Cours,69.46392413862597,74.51119472571523,72.30049020857014,0
HC-288,ed8d4083,ALI_Gog_04,Localite_038,ALIBORI,Commune_C,P2AE_Cable_HTA,Travaux HTA,ASTER 54mm²,e9e0a228,m,480.0,469.75,10.25,0.9786458333333332,0.3333,480.0,0.32618265625,En Cours,69.46392413862597,74.51119472571523,72.30049020857014,0
HC-291,861f92ed,ALI_Gog_04,Localite_038,ALIBORI,Commune_C,P2AE_DMT,Travaux HTA,Point Double DMT-CC,a4425df9,U,3.0,0.0,3.0,0.0,0.0833,3.0,0.0,En Cours,69.46392413862597,74.51119472571523,72.30049020857014,0
HC-293,d1b3bc56,ALI_Gog_04,Localite_038,ALIBORI,Commune_C,P2AE_EP,Travaux BT,EP,fbeef696,U,123.0,47.0,76.0,0.3821138211382114,0.1556,123.0,0.0594569105691056,En Cours,69.46392413862597,74.51119472571523,72.30049020857014,0
HC-296,5f2379b2,ALI_Gog_04,Localite_038,ALIBORI,Commune_C,P2AE_Fouille_BT,Travaux BT,Fouille réseau basse tension,e221b25e,U,308.0,302.0,6.0,0.9805194805194806,0.0467,308.0,0.0457902597402597,En Cours,69.46392413862597,74.51119472571523,72.30049020857014,0
HC-295,96579b83,ALI_Gog_04,Localite_038,ALIBORI,Commune_C,P2AE_Fouille_HTA,Travaux HTA,Fouille réseau haute tension,f03cfc0b,U,20.0,15.0,5.0,0.75,0.0333,20.0,0.024975,En Cours,69.46392413862597,74.51119472571523,72.30049020857014,0
HC-292,398281b2,ALI_Gog_04,Localite_038,ALIBORI,Commune_C,P2AE_IACM,Travaux HTA,IACM,21f4f4d7,U,2.0,2.0,0.0,1.0,0.0833,2.0,0.0833,En Cours,69.46392413862597,74.51119472571523,72.30049020857014,0
HC-277,a2a2e8cd,ALI_Gog_04,Localite_038,ALIBORI,Commune_C,P2AE_PBA_BT,Travaux BT,PBA 9A200,2ec17c4d,U,162.0,165.0,0.0,1.0,0.42,306.0,0.2223529411764706,En Cours,69.46392413862597,74.51119472571523,72.30049020857014,0
HC-278,998fcce0,ALI_Gog_04,Localite_038,ALIBORI,Commune_C,P2AE_PBA_BT,Travaux BT,PBA 9A650,215ac167,U,121.0,124.0,0.0,1.0,0.42,306.0,0.166078431372549,En Cours,69.46392413862597,74.51119472571523,72.30049020857014,0
HC-279,6906b808,ALI_Gog_04,Localite_038,ALIBORI,Commune_C,P2AE_PBA_BT,Travaux BT,PBA 9C650,9c6af0a4,U,21.0,13.0,8.0,0.6190476190476191,0.42,306.0,0.0178431372549019,En Cours,69.46392413862597,74.51119472571523,72.30049020857014,0
HC-280,a3c5b02e,ALI_Gog_04,Localite_038,ALIBORI,Commune_C,P2AE_PBA_BT,Travaux BT,PBA 9C800,526229bb,U,2.0,0.0,2.0,0.0,0.42,306.0,0.0,En Cours,69.46392413862597,74.51119472571523,72.30049020857014,0
HC-281,466g60485,ALI_Gog_04,Localite_038,ALIBORI,Commune_C,P2AE_PBA_HTA,Travaux HTA,PBA 11A1250,058e9b6a,U,3.0,3.0,0.0,1.0,0.3,22.0,0.0409090909090909,En Cours,69.46392413862597,74.51119472571523,72.30049020857014,0
HC-282,e80403b9,ALI_Gog_04,Localite_038,ALIBORI,Commune_C,P2AE_PBA_HTA,Travaux HTA,PBA 12A800,46cfa5f8,U,2.0,2.0,0.0,1.0,0.3,22.0,0.0272727272727272,En Cours,69.46392413862597,74.51119472571523,72.30049020857014,0
HC-283,101c03e7,ALI_Gog_04,Localite_038,ALIBORI,Commune_C,P2AE_PBA_HTA,Travaux HTA,PBA 13A400,cd39f595,U,4.0,3.0,1.0,0.75,0.3,22.0,0.0409090909090909,En Cours,69.46392413862597,74.51119472571523,72.30049020857014,0
HC-284,b104f793,ALI_Gog_04,Localite_038,ALIBORI,Commune_C,P2AE_PBA_HTA,Travaux HTA,PBA 13C1250,50dc40e9,U,1.0,1.0,0.0,1.0,0.3,22.0,0.0136363636363636,En Cours,69.46392413862597,74.51119472571523,72.30049020857014,0
HC-285,a950e58c,ALI_Gog_04,Localite_038,ALIBORI,Commune_C,P2AE_PBA_HTA,Travaux HTA,PBA 13C800,d6344558,U,4.0,4.0,0.0,1.0,0.3,22.0,0.0545454545454545,En Cours,69.46392413862597,74.51119472571523,72.30049020857014,0
HC-286,beddd44f,ALI_Gog_04,Localite_038,ALIBORI,Commune_C,P2AE_PBA_HTA,Travaux HTA,PBA 14A1000,ffbf33ef,U,5.0,0.0,5.0,0.0,0.3,22.0,0.0,En Cours,69.46392413862597,74.51119472571523,72.30049020857014,0
HC-287,ab05605b,ALI_Gog_04,Localite_038,ALIBORI,Commune_C,P2AE_PBA_HTA,Travaux HTA,PBA 14C1000,f74fbc64,U,1.0,0.0,1.0,0.0,0.3,22.0,0.0,En Cours,69.46392413862597,74.51119472571523,72.30049020857014,0
HC-948,P2AE-OBJ-219b9e6d,ALI_Gog_04,Localite_038,ALIBORI,Commune_C,P2AE_PBA_HTA,Travaux HTA,PBA 11C650,26e8ec03,U,2.0,2.0,0.0,1.0,0.3,22.0,0.0272727272727272,En Cours,69.46392413862597,74.51119472571523,72.30049020857014,0
HC-984,P2AE-OBJ-6e57c7fb,ALI_Gog_04,Localite_038,ALIBORI,Commune_C,P2AE_TFO,Travaux HTA,Transformateur 100 kVA,152ada8c,U,3.0,1.0,2.0,0.3333333333333333,0.1667,3.0,0.0555666666666666,En Cours,69.46392413862597,74.51119472571523,72.30049020857014,0
HC-294,58798a66,ALI_Gog_04,Localite_038,ALIBORI,Commune_C,P2AE_Terre,Travaux BT,Mise à la terre,002f1a3d,U,86.0,0.0,86.0,0.0,0.0667,86.0,0.0,En Cours,69.46392413862597,74.51119472571523,72.30049020857014,0
HC-305,0a7710ee,ALI_Gog_05,Localite_039,ALIBORI,Commune_C,P2AE_Cable_BT,Travaux BT,PRC 50mm²,8e6b4946,m,8550.0,6763.9400000000005,1786.0599999999995,0.7911040935672515,0.3111,13131.0,0.1602514457390907,En Cours,87.11230417159364,83.45533451262986,85.057087223256,0
HC-306,d1962a46,ALI_Gog_05,Localite_039,ALIBORI,Commune_C,P2AE_Cable_BT,Travaux BT,PRC 70mm²,59dc5a38,m,4581.0,3285.12,1295.88,0.7171185330713817,0.3111,13131.0,0.0778311501028101,En Cours,87.11230417159364,83.45533451262986,85.057087223256,0
HC-304,8bea8e0a,ALI_Gog_05,Localite_039,ALIBORI,Commune_C,P2AE_Cable_HTA,Travaux HTA,ASTER 54mm²,e9e0a228,m,425.0,366.9,58.10000000000002,0.8632941176470588,0.3333,425.0,0.2877359294117647,En Cours,87.11230417159364,83.45533451262986,85.057087223256,0
HC-307,1bda5c47,ALI_Gog_05,Localite_039,ALIBORI,Commune_C,P2AE_DMT,Travaux HTA,Point Double DMT-CC,a4425df9,U,1.0,0.0,1.0,0.0,0.0833,1.0,0.0,En Cours,87.11230417159364,83.45533451262986,85.057087223256,0
HC-310,116e2f3c,ALI_Gog_05,Localite_039,ALIBORI,Commune_C,P2AE_EP,Travaux BT,EP,fbeef696,U,84.0,78.0,6.0,0.9285714285714286,0.1556,84.0,0.1444857142857142,En Cours,87.11230417159364,83.45533451262986,85.057087223256,0
HC-313,2061b43a,ALI_Gog_05,Localite_039,ALIBORI,Commune_C,P2AE_Fouille_BT,Travaux BT,Fouille réseau basse tension,e221b25e,U,221.0,215.0,6.0,0.9728506787330315,0.0467,221.0,0.0454321266968325,En Cours,87.11230417159364,83.45533451262986,85.057087223256,0
HC-312,5cf96d0d,ALI_Gog_05,Localite_039,ALIBORI,Commune_C,P2AE_Fouille_HTA,Travaux HTA,Fouille réseau haute tension,f03cfc0b,U,9.0,10.0,0.0,1.0,0.0333,9.0,0.0333,En Cours,87.11230417159364,83.45533451262986,85.057087223256,0
HC-308,ef9cf067,ALI_Gog_05,Localite_039,ALIBORI,Commune_C,P2AE_IACM,Travaux HTA,IACM,21f4f4d7,U,1.0,1.0,0.0,1.0,0.0833,1.0,0.0833,En Cours,87.11230417159364,83.45533451262986,85.057087223256,0
HC-297,9fedf384,ALI_Gog_05,Localite_039,ALIBORI,Commune_C,P2AE_PBA_BT,Travaux BT,PBA 9A200,2ec17c4d,U,111.0,105.0,6.0,0.945945945945946,0.42,220.0,0.2004545454545454,En Cours,87.11230417159364,83.45533451262986,85.057087223256,0
HC-298,9b0e99c6,ALI_Gog_05,Localite_039,ALIBORI,Commune_C,P2AE_PBA_BT,Travaux BT,PBA 9A650,215ac167,U,87.0,89.0,0.0,1.0,0.42,220.0,0.1660909090909091,En Cours,87.11230417159364,83.45533451262986,85.057087223256,0
HC-299,1fd63c1c,ALI_Gog_05,Localite_039,ALIBORI,Commune_C,P2AE_PBA_BT,Travaux BT,PBA 9C650,9c6af0a4,U,22.0,21.0,1.0,0.9545454545454546,0.42,220.0,0.040090909090909,En Cours,87.11230417159364,83.45533451262986,85.057087223256,0
HC-300,22310fd9,ALI_Gog_05,Localite_039,ALIBORI,Commune_C,P2AE_PBA_HTA,Travaux HTA,PBA 11A1250,058e9b6a,U,1.0,1.0,0.0,1.0,0.3,10.0,0.03,En Cours,87.11230417159364,83.45533451262986,85.057087223256,0
HC-301,f166d6f0,ALI_Gog_05,Localite_039,ALIBORI,Commune_C,P2AE_PBA_HTA,Travaux HTA,PBA 12A800,46cfa5f8,U,1.0,1.0,0.0,1.0,0.3,10.0,0.03,En Cours,87.11230417159364,83.45533451262986,85.057087223256,0
HC-302,edb9f700,ALI_Gog_05,Localite_039,ALIBORI,Commune_C,P2AE_PBA_HTA,Travaux HTA,PBA 13A400,cd39f595,U,5.0,5.0,0.0,1.0,0.3,10.0,0.15,En Cours,87.11230417159364,83.45533451262986,85.057087223256,0
HC-303,53ae1d86,ALI_Gog_05,Localite_039,ALIBORI,Commune_C,P2AE_PBA_HTA,Travaux HTA,PBA 13C800,d6344558,U,2.0,2.0,0.0,1.0,0.3,10.0,0.06,En Cours,87.11230417159364,83.45533451262986,85.057087223256,0
HC-949,P2AE-OBJ-9ec7b462,ALI_Gog_05,Localite_039,ALIBORI,Commune_C,P2AE_PBA_HTA,Travaux HTA,PBA 11C650,26e8ec03,U,1.0,1.0,0.0,1.0,0.3,10.0,0.03,En Cours,87.11230417159364,83.45533451262986,85.057087223256,0
HC-309,16060e4d,ALI_Gog_05,Localite_039,ALIBORI,Commune_C,P2AE_TFO,Travaux HTA,Transformateur 160 kVA,8ae558c8,U,1.0,1.0,0.0,1.0,0.1667,1.0,0.1667,En Cours,87.11230417159364,83.45533451262986,85.057087223256,0
HC-311,077dbf72,ALI_Gog_05,Localite_039,ALIBORI,Commune_C,P2AE_Terre,Travaux BT,Mise à la terre,002f1a3d,U,64.0,0.0,64.0,0.0,0.0667,64.0,0.0,En Cours,87.11230417159364,83.45533451262986,85.057087223256,0
HC-398,20754c92,ALI_Kan_05,Localite_041,ALIBORI,Commune_D,P2AE_Cable_BT,Travaux BT,PRC 50mm²,8e6b4946,m,1920.0,1770.0,150.0,0.921875,0.3111,2180.0,0.2525903669724771,En Cours,54.80792440146271,73.84040859838598,65.50418052013359,0
HC-399,31d6c113,ALI_Kan_05,Localite_041,ALIBORI,Commune_D,P2AE_Cable_BT,Travaux BT,PRC 70mm²,59dc5a38,m,260.0,260.0,0.0,1.0,0.3111,2180.0,0.0371036697247706,En Cours,54.80792440146271,73.84040859838598,65.50418052013359,0
HC-397,973t39187,ALI_Kan_05,Localite_041,ALIBORI,Commune_D,P2AE_Cable_HTA,Travaux HTA,ASTER 54mm²,e9e0a228,m,190.0,150.0,40.0,0.7894736842105263,0.3333,190.0,0.2631315789473684,En Cours,54.80792440146271,73.84040859838598,65.50418052013359,0
HC-400,c56afe7c,ALI_Kan_05,Localite_041,ALIBORI,Commune_D,P2AE_DMT,Travaux HTA,Point Double DMT-CC,a4425df9,U,1.0,0.0,1.0,0.0,0.0833,1.0,0.0,En Cours,54.80792440146271,73.84040859838598,65.50418052013359,0
HC-403,fd2c7296,ALI_Kan_05,Localite_041,ALIBORI,Commune_D,P2AE_EP,Travaux BT,EP,fbeef696,U,25.0,0.0,25.0,0.0,0.1556,25.0,0.0,En Cours,54.80792440146271,73.84040859838598,65.50418052013359,0
HC-406,6677d762,ALI_Kan_05,Localite_041,ALIBORI,Commune_D,P2AE_Fouille_BT,Travaux BT,Fouille réseau basse tension,e221b25e,U,53.0,51.0,2.0,0.9622641509433962,0.0467,53.0,0.0449377358490566,En Cours,54.80792440146271,73.84040859838598,65.50418052013359,0
HC-405,a906d1c4,ALI_Kan_05,Localite_041,ALIBORI,Commune_D,P2AE_Fouille_HTA,Travaux HTA,Fouille réseau haute tension,f03cfc0b,U,6.0,5.0,1.0,0.8333333333333334,0.0333,6.0,0.02775,En Cours,54.80792440146271,73.84040859838598,65.50418052013359,0
HC-401,589ada51,ALI_Kan_05,Localite_041,ALIBORI,Commune_D,P2AE_IACM,Travaux HTA,IACM,21f4f4d7,U,1.0,0.0,1.0,0.0,0.0833,1.0,0.0,En Cours,54.80792440146271,73.84040859838598,65.50418052013359,0
HC-389,61f6bd4d,ALI_Kan_05,Localite_041,ALIBORI,Commune_D,P2AE_PBA_BT,Travaux BT,PBA 9A200,2ec17c4d,U,22.0,22.0,0.0,1.0,0.42,52.0,0.1776923076923076,En Cours,54.80792440146271,73.84040859838598,65.50418052013359,0
HC-390,0da904ec,ALI_Kan_05,Localite_041,ALIBORI,Commune_D,P2AE_PBA_BT,Travaux BT,PBA 9A650,215ac167,U,26.0,24.0,2.0,0.9230769230769232,0.42,52.0,0.1938461538461538,En Cours,54.80792440146271,73.84040859838598,65.50418052013359,0
HC-391,bbe0ac43,ALI_Kan_05,Localite_041,ALIBORI,Commune_D,P2AE_PBA_BT,Travaux BT,PBA 9C650,9c6af0a4,U,4.0,4.0,0.0,1.0,0.42,52.0,0.0323076923076923,En Cours,54.80792440146271,73.84040859838598,65.50418052013359,0
HC-392,9e37a6ac,ALI_Kan_05,Localite_041,ALIBORI,Commune_D,P2AE_PBA_HTA,Travaux HTA,PBA 11A1250,058e9b6a,U,1.0,1.0,0.0,1.0,0.3,7.0,0.0428571428571428,En Cours,54.80792440146271,73.84040859838598,65.50418052013359,0
HC-393,3bc8eab6,ALI_Kan_05,Localite_041,ALIBORI,Commune_D,P2AE_PBA_HTA,Travaux HTA,PBA 12A800,46cfa5f8,U,1.0,1.0,0.0,1.0,0.3,7.0,0.0428571428571428,En Cours,54.80792440146271,73.84040859838598,65.50418052013359,0
HC-394,b1541a0d,ALI_Kan_05,Localite_041,ALIBORI,Commune_D,P2AE_PBA_HTA,Travaux HTA,PBA 13A400,cd39f595,U,1.0,1.0,0.0,1.0,0.3,7.0,0.0428571428571428,En Cours,54.80792440146271,73.84040859838598,65.50418052013359,0
HC-395,6b221782,ALI_Kan_05,Localite_041,ALIBORI,Commune_D,P2AE_PBA_HTA,Travaux HTA,PBA 13C800,d6344558,U,2.0,2.0,0.0,1.0,0.3,7.0,0.0857142857142857,En Cours,54.80792440146271,73.84040859838598,65.50418052013359,0
HC-396,5bed5f62,ALI_Kan_05,Localite_041,ALIBORI,Commune_D,P2AE_PBA_HTA,Travaux HTA,PBA 14C1000,f74fbc64,U,1.0,0.0,1.0,0.0,0.3,7.0,0.0,En Cours,54.80792440146271,73.84040859838598,65.50418052013359,0
HC-945,ad10f1c1,ALI_Kan_05,Localite_041,ALIBORI,Commune_D,P2AE_PBA_HTA,Travaux HTA,PBA 11C650,26e8ec03,U,1.0,1.0,0.0,1.0,0.3,7.0,0.0428571428571428,En Cours,54.80792440146271,73.84040859838598,65.50418052013359,0
HC-402,a55e9db4,ALI_Kan_05,Localite_041,ALIBORI,Commune_D,P2AE_TFO,Travaux HTA,Transformateur 160 kVA,8ae558c8,U,1.0,0.0,1.0,0.0,0.1667,1.0,0.0,En Cours,54.80792440146271,73.84040859838598,65.50418052013359,0
HC-404,d84884d3,ALI_Kan_05,Localite_041,ALIBORI,Commune_D,P2AE_Terre,Travaux BT,Mise à la terre,002f1a3d,U,23.0,0.0,23.0,0.0,0.0667,23.0,0.0,En Cours,54.80792440146271,73.84040859838598,65.50418052013359,0
HC-235,bb65348a,ALI_Gog_01,Localite_050,ALIBORI,Commune_C,P2AE_Cable_BT,Travaux BT,PRC 50mm²,8e6b4946,m,4855.0,3659.33,1195.67,0.7537239958805355,0.3111,5040.0,0.2258765005952381,En Cours,76.84455945594559,79.89102864671761,78.55667514115947,0
HC-236,c0bd91f4,ALI_Gog_01,Localite_050,ALIBORI,Commune_C,P2AE_Cable_BT,Travaux BT,PRC 70mm²,59dc5a38,m,185.0,133.0,52.0,0.7189189189189189,0.3111,5040.0,0.0082095833333333,En Cours,76.84455945594559,79.89102864671761,78.55667514115947,0
HC-234,3eecb60d,ALI_Gog_01,Localite_050,ALIBORI,Commune_C,P2AE_Cable_HTA,Travaux HTA,ASTER 54mm²,e9e0a228,m,80.0,75.0,5.0,0.9375,0.3333,80.0,0.3124687499999999,En Cours,76.84455945594559,79.89102864671761,78.55667514115947,0
HC-237,b5356ee4,ALI_Gog_01,Localite_050,ALIBORI,Commune_C,P2AE_DMT,Travaux HTA,Point Double DMT-CC,a4425df9,U,1.0,0.0,1.0,0.0,0.0833,1.0,0.0,En Cours,76.84455945594559,79.89102864671761,78.55667514115947,0
HC-239,dcf5286e,ALI_Gog_01,Localite_050,ALIBORI,Commune_C,P2AE_EP,Travaux BT,EP,fbeef696,U,57.0,40.0,17.0,0.7017543859649122,0.1556,57.0,0.1091929824561403,En Cours,76.84455945594559,79.89102864671761,78.55667514115947,0
HC-242,6edfc796,ALI_Gog_01,Localite_050,ALIBORI,Commune_C,P2AE_Fouille_BT,Travaux BT,Fouille réseau basse tension,e221b25e,U,117.0,110.0,7.0,0.9401709401709402,0.0467,117.0,0.0439059829059829,En Cours,76.84455945594559,79.89102864671761,78.55667514115947,0
HC-241,7018519b,ALI_Gog_01,Localite_050,ALIBORI,Commune_C,P2AE_Fouille_HTA,Travaux HTA,Fouille réseau haute tension,f03cfc0b,U,9.0,7.0,2.0,0.7777777777777778,0.0333,9.0,0.0259,En Cours,76.84455945594559,79.89102864671761,78.55667514115947,0
HC-238,d65be664,ALI_Gog_01,Localite_050,ALIBORI,Commune_C,P2AE_IACM,Travaux HTA,IACM,21f4f4d7,U,1.0,1.0,0.0,1.0,0.0833,1.0,0.0833,En Cours,76.84455945594559,79.89102864671761,78.55667514115947,0
HC-227,0179fb96,ALI_Gog_01,Localite_050,ALIBORI,Commune_C,P2AE_PBA_BT,Travaux BT,PBA 11C650,26e8ec03,U,1.0,0.0,1.0,0.0,0.42,117.0,0.0,En Cours,76.84455945594559,79.89102864671761,78.55667514115947,0
HC-228,c0ed70e3,ALI_Gog_01,Localite_050,ALIBORI,Commune_C,P2AE_PBA_BT,Travaux BT,PBA 9A200,2ec17c4d,U,61.0,62.0,0.0,1.0,0.42,117.0,0.218974358974359,En Cours,76.84455945594559,79.89102864671761,78.55667514115947,0
HC-229,4cebffee,ALI_Gog_01,Localite_050,ALIBORI,Commune_C,P2AE_PBA_BT,Travaux BT,PBA 9A650,215ac167,U,43.0,39.0,4.0,0.9069767441860463,0.42,117.0,0.14,En Cours,76.84455945594559,79.89102864671761,78.55667514115947,0
HC-230,deb07602,ALI_Gog_01,Localite_050,ALIBORI,Commune_C,P2AE_PBA_BT,Travaux BT,PBA 9C650,9c6af0a4,U,12.0,9.0,3.0,0.75,0.42,117.0,0.0323076923076923,En Cours,76.84455945594559,79.89102864671761,78.55667514115947,0
HC-231,e0b8b82a,ALI_Gog_01,Localite_050,ALIBORI,Commune_C,P2AE_PBA_HTA,Travaux HTA,PBA 11A1250,058e9b6a,U,1.0,1.0,0.0,1.0,0.3,10.0,0.03,En Cours,76.84455945594559,79.89102864671761,78.55667514115947,0
HC-232,33c687b0,ALI_Gog_01,Localite_050,ALIBORI,Commune_C,P2AE_PBA_HTA,Travaux HTA,PBA 12A800,46cfa5f8,U,5.0,5.0,0.0,1.0,0.3,10.0,0.15,En Cours,76.84455945594559,79.89102864671761,78.55667514115947,0
HC-233,08f41c81,ALI_Gog_01,Localite_050,ALIBORI,Commune_C,P2AE_PBA_HTA,Travaux HTA,PBA 13C800,d6344558,U,3.0,0.0,3.0,0.0,0.3,10.0,0.0,En Cours,76.84455945594559,79.89102864671761,78.55667514115947,0
HC-967,P2AE-OBJ-1256cee9,ALI_Gog_01,Localite_050,ALIBORI,Commune_C,P2AE_PBA_HTA,Travaux HTA,PBA 11C650,26e8ec03,U,1.0,0.0,1.0,0.0,0.3,10.0,0.0,En Cours,76.84455945594559,79.89102864671761,78.55667514115947,0
HC-994,P2AE-OBJ-6ccf35fd,ALI_Gog_01,Localite_050,ALIBORI,Commune_C,P2AE_TFO,Travaux HTA,Transformateur 100 kVA,152ada8c,U,1.0,1.0,0.0,1.0,0.1667,1.0,0.1667,En Cours,76.84455945594559,79.89102864671761,78.55667514115947,0
HC-240,b4292a34,ALI_Gog_01,Localite_050,ALIBORI,Commune_C,P2AE_Terre,Travaux BT,Mise à la terre,002f1a3d,U,39.0,12.0,27.0,0.3076923076923077,0.0667,39.0,0.0205230769230769,En Cours,76.84455945594559,79.89102864671761,78.55667514115947,0
HC-120,e1b6ea09,ATA_Nat_07,Localite_012,ATACORA,Commune_F,P2AE_Cable_BT,Travaux BT,PRC 50mm²,8e6b4946,m,2930.0,1085.0,1845.0,0.3703071672354949,0.3111,3435.0,0.0982659388646288,En Cours,20.00200020002,52.12373740244695,38.05441650778395,0
HC-121,98d97d07,ATA_Nat_07,Localite_012,ATACORA,Commune_F,P2AE_Cable_BT,Travaux BT,PRC 70mm²,59dc5a38,m,505.0,0.0,505.0,0.0,0.3111,3435.0,0.0,En Cours,20.00200020002,52.12373740244695,38.05441650778395,0
HC-118,082de73e,ATA_Nat_07,Localite_012,ATACORA,Commune_F,P2AE_Cable_HTA,Travaux HTA,ASTER 54mm²,e9e0a228,m,55.0,0.0,55.0,0.0,0.3333,255.0,0.0,En Cours,20.00200020002,52.12373740244695,38.05441650778395,0
HC-119,aa15697f,ATA_Nat_07,Localite_012,ATACORA,Commune_F,P2AE_Cable_HTA,Travaux HTA,ASTER 75mm²,630f858d,m,200.0,0.0,200.0,0.0,0.3333,255.0,0.0,En Cours,20.00200020002,52.12373740244695,38.05441650778395,0
HC-122,47f701e3,ATA_Nat_07,Localite_012,ATACORA,Commune_F,P2AE_DMT,Travaux HTA,Point Double DMT-CC,a4425df9,U,1.0,0.0,1.0,0.0,0.0833,1.0,0.0,En Cours,20.00200020002,52.12373740244695,38.05441650778395,0
HC-125,9211fce7,ATA_Nat_07,Localite_012,ATACORA,Commune_F,P2AE_EP,Travaux BT,EP,fbeef696,U,40.0,0.0,40.0,0.0,0.1556,40.0,0.0,En Cours,20.00200020002,52.12373740244695,38.05441650778395,0
HC-128,ba5a771d,ATA_Nat_07,Localite_012,ATACORA,Commune_F,P2AE_Fouille_BT,Travaux BT,Fouille réseau basse tension,e221b25e,U,57.0,56.0,1.0,0.9824561403508772,0.0467,57.0,0.0458807017543859,En Cours,20.00200020002,52.12373740244695,38.05441650778395,0
HC-127,2868d5de,ATA_Nat_07,Localite_012,ATACORA,Commune_F,P2AE_Fouille_HTA,Travaux HTA,Fouille réseau haute tension,f03cfc0b,U,14.0,0.0,14.0,0.0,0.0333,14.0,0.0,En Cours,20.00200020002,52.12373740244695,38.05441650778395,0
HC-123,e92ae43c,ATA_Nat_07,Localite_012,ATACORA,Commune_F,P2AE_IACM,Travaux HTA,IACM,21f4f4d7,U,1.0,0.0,1.0,0.0,0.0833,1.0,0.0,En Cours,20.00200020002,52.12373740244695,38.05441650778395,0
HC-111,f382d4c0,ATA_Nat_07,Localite_012,ATACORA,Commune_F,P2AE_PBA_BT,Travaux BT,PBA 9A200,2ec17c4d,U,29.0,26.0,3.0,0.896551724137931,0.42,49.0,0.2228571428571428,En Cours,20.00200020002,52.12373740244695,38.05441650778395,0
HC-112,6c745148,ATA_Nat_07,Localite_012,ATACORA,Commune_F,P2AE_PBA_BT,Travaux BT,PBA 9A650,215ac167,U,15.0,14.0,1.0,0.9333333333333332,0.42,49.0,0.12,En Cours,20.00200020002,52.12373740244695,38.05441650778395,0
HC-113,703ee8ad,ATA_Nat_07,Localite_012,ATACORA,Commune_F,P2AE_PBA_BT,Travaux BT,PBA 9C650,9c6af0a4,U,5.0,4.0,1.0,0.8,0.42,49.0,0.0342857142857142,En Cours,20.00200020002,52.12373740244695,38.05441650778395,0
HC-114,a1207f30,ATA_Nat_07,Localite_012,ATACORA,Commune_F,P2AE_PBA_HTA,Travaux HTA,PBA 11A1250,058e9b6a,U,1.0,1.0,0.0,1.0,0.3,15.0,0.02,En Cours,20.00200020002,52.12373740244695,38.05441650778395,0
HC-115,48e94bf8,ATA_Nat_07,Localite_012,ATACORA,Commune_F,P2AE_PBA_HTA,Travaux HTA,PBA 12A800,46cfa5f8,U,1.0,1.0,0.0,1.0,0.3,15.0,0.02,En Cours,20.00200020002,52.12373740244695,38.05441650778395,0
HC-116,75c8e317,ATA_Nat_07,Localite_012,ATACORA,Commune_F,P2AE_PBA_HTA,Travaux HTA,PBA 13A400,cd39f595,U,7.0,2.0,5.0,0.2857142857142857,0.3,15.0,0.0399999999999999,En Cours,20.00200020002,52.12373740244695,38.05441650778395,0
HC-117,d0a63fec,ATA_Nat_07,Localite_012,ATACORA,Commune_F,P2AE_PBA_HTA,Travaux HTA,PBA 13C800,d6344558,U,5.0,5.0,0.0,1.0,0.3,15.0,0.0999999999999999,En Cours,20.00200020002,52.12373740244695,38.05441650778395,0
HC-960,P2AE-OBJ-03b6a931,ATA_Nat_07,Localite_012,ATACORA,Commune_F,P2AE_PBA_HTA,Travaux HTA,PBA 11C650,26e8ec03,U,1.0,1.0,0.0,1.0,0.3,15.0,0.02,En Cours,20.00200020002,52.12373740244695,38.05441650778395,0
HC-124,c25ae340,ATA_Nat_07,Localite_012,ATACORA,Commune_F,P2AE_TFO,Travaux HTA,Transformateur 160 kVA,8ae558c8,U,1.0,0.0,1.0,0.0,0.1667,1.0,0.0,En Cours,20.00200020002,52.12373740244695,38.05441650778395,0
HC-126,e6307f93,ATA_Nat_07,Localite_012,ATACORA,Commune_F,P2AE_Terre,Travaux BT,Mise à la terre,002f1a3d,U,31.0,0.0,31.0,0.0,0.0667,31.0,0.0,En Cours,20.00200020002,52.12373740244695,38.05441650778395,0
HC-151,e64f8efd,ATA_Nat_09,Localite_014,ATACORA,Commune_F,P2AE_Cable_BT,Travaux BT,PRC 50mm²,8e6b4946,m,2287.0,1180.0,1107.0,0.5159597726278968,0.3111,2383.0,0.1540486781368023,En Cours,2.6642664266426648,60.114150516275664,34.951101285016414,0
HC-152,557b6470,ATA_Nat_09,Localite_014,ATACORA,Commune_F,P2AE_Cable_BT,Travaux BT,PRC 70mm²,59dc5a38,m,96.0,0.0,96.0,0.0,0.3111,2383.0,0.0,En Cours,2.6642664266426648,60.114150516275664,34.951101285016414,0
HC-150,66d5f00e,ATA_Nat_09,Localite_014,ATACORA,Commune_F,P2AE_Cable_HTA,Travaux HTA,ASTER 54mm²,e9e0a228,m,100.0,0.0,100.0,0.0,0.3333,100.0,0.0,En Cours,2.6642664266426648,60.114150516275664,34.951101285016414,0
HC-153,2012a6d1,ATA_Nat_09,Localite_014,ATACORA,Commune_F,P2AE_DMT,Travaux HTA,Point Double DMT-CC,a4425df9,U,1.0,0.0,1.0,0.0,0.0833,1.0,0.0,En Cours,2.6642664266426648,60.114150516275664,34.951101285016414,0
HC-156,82995b9a,ATA_Nat_09,Localite_014,ATACORA,Commune_F,P2AE_EP,Travaux BT,EP,fbeef696,U,26.0,0.0,26.0,0.0,0.1556,26.0,0.0,En Cours,2.6642664266426648,60.114150516275664,34.951101285016414,0
HC-159,3d70fcd3,ATA_Nat_09,Localite_014,ATACORA,Commune_F,P2AE_Fouille_BT,Travaux BT,Fouille réseau basse tension,e221b25e,U,51.0,48.0,3.0,0.9411764705882352,0.0467,51.0,0.0439529411764705,En Cours,2.6642664266426648,60.114150516275664,34.951101285016414,0
HC-158,d242b7f0,ATA_Nat_09,Localite_014,ATACORA,Commune_F,P2AE_Fouille_HTA,Travaux HTA,Fouille réseau haute tension,f03cfc0b,U,5.0,4.0,1.0,0.8,0.0333,5.0,0.02664,En Cours,2.6642664266426648,60.114150516275664,34.951101285016414,0
HC-154,9e4573a2,ATA_Nat_09,Localite_014,ATACORA,Commune_F,P2AE_IACM,Travaux HTA,IACM,21f4f4d7,U,1.0,0.0,1.0,0.0,0.0833,1.0,0.0,En Cours,2.6642664266426648,60.114150516275664,34.951101285016414,0
HC-145,b57da4fe,ATA_Nat_09,Localite_014,ATACORA,Commune_F,P2AE_PBA_BT,Travaux BT,PBA 9A200,2ec17c4d,U,18.0,16.0,2.0,0.8888888888888888,0.42,50.0,0.1344,En Cours,2.6642664266426648,60.114150516275664,34.951101285016414,0
HC-146,7ec5fb34,ATA_Nat_09,Localite_014,ATACORA,Commune_F,P2AE_PBA_BT,Travaux BT,PBA 9A650,215ac167,U,30.0,32.0,0.0,1.0,0.42,50.0,0.252,En Cours,2.6642664266426648,60.114150516275664,34.951101285016414,0
HC-147,b7e33abe,ATA_Nat_09,Localite_014,ATACORA,Commune_F,P2AE_PBA_BT,Travaux BT,PBA 9C650,9c6af0a4,U,2.0,2.0,0.0,1.0,0.42,50.0,0.0168,En Cours,2.6642664266426648,60.114150516275664,34.951101285016414,0
HC-148,ce84a0e1,ATA_Nat_09,Localite_014,ATACORA,Commune_F,P2AE_PBA_HTA,Travaux HTA,PBA 11A1250,058e9b6a,U,1.0,0.0,1.0,0.0,0.3,6.0,0.0,En Cours,2.6642664266426648,60.114150516275664,34.951101285016414,0
HC-149,1600e955,ATA_Nat_09,Localite_014,ATACORA,Commune_F,P2AE_PBA_HTA,Travaux HTA,PBA 12A800,46cfa5f8,U,4.0,0.0,4.0,0.0,0.3,6.0,0.0,En Cours,2.6642664266426648,60.114150516275664,34.951101285016414,0
HC-958,P2AE-OBJ-edd4f5b2,ATA_Nat_09,Localite_014,ATACORA,Commune_F,P2AE_PBA_HTA,Travaux HTA,PBA 11C650,26e8ec03,U,1.0,0.0,1.0,0.0,0.3,6.0,0.0,En Cours,2.6642664266426648,60.114150516275664,34.951101285016414,0
HC-155,cd1069f0,ATA_Nat_09,Localite_014,ATACORA,Commune_F,P2AE_TFO,Travaux HTA,Transformateur 160 kVA,8ae558c8,U,1.0,0.0,1.0,0.0,0.1667,1.0,0.0,En Cours,2.6642664266426648,60.114150516275664,34.951101285016414,0
HC-157,2954c668,ATA_Nat_09,Localite_014,ATACORA,Commune_F,P2AE_Terre,Travaux BT,Mise à la terre,002f1a3d,U,22.0,0.0,22.0,0.0,0.0667,22.0,0.0,En Cours,2.6642664266426648,60.114150516275664,34.951101285016414,0
HC-67,e8192e4b,ATA_Nat_04,Localite_021,ATACORA,Commune_F,P2AE_Cable_BT,Travaux BT,PRC 50mm²,8e6b4946,m,5050.0,3764.0,1286.0,0.7453465346534653,0.3111,6416.0,0.1825094139650872,En Cours,63.25814399621778,68.44565130450103,66.17352310347297,1
HC-68,fde5e43f,ATA_Nat_04,Localite_021,ATACORA,Commune_F,P2AE_Cable_BT,Travaux BT,PRC 70mm²,59dc5a38,m,1366.0,1317.0,49.0,0.9641288433382138,0.3111,6416.0,0.0638588996259351,En Cours,63.25814399621778,68.44565130450103,66.17352310347297,1
HC-66,c7cc9d4f,ATA_Nat_04,Localite_021,ATACORA,Commune_F,P2AE_Cable_HTA,Travaux HTA,ASTER 54mm²,e9e0a228,m,330.0,383.0,0.0,1.0,0.3333,330.0,0.3333,En Cours,63.25814399621778,68.44565130450103,66.17352310347297,1
HC-69,7c9aa6d9,ATA_Nat_04,Localite_021,ATACORA,Commune_F,P2AE_DMT,Travaux HTA,Point Double DMT-CC,a4425df9,U,1.0,0.0,1.0,0.0,0.0833,1.0,0.0,En Cours,63.25814399621778,68.44565130450103,66.17352310347297,1
HC-72,bf37d19e,ATA_Nat_04,Localite_021,ATACORA,Commune_F,P2AE_EP,Travaux BT,EP,fbeef696,U,78.0,0.0,78.0,0.0,0.1556,78.0,0.0,En Cours,63.25814399621778,68.44565130450103,66.17352310347297,1
HC-75,e8552acf,ATA_Nat_04,Localite_021,ATACORA,Commune_F,P2AE_Fouille_BT,Travaux BT,Fouille réseau basse tension,e221b25e,U,166.0,160.0,6.0,0.963855421686747,0.0467,166.0,0.045012048192771,En Cours,63.25814399621778,68.44565130450103,66.17352310347297,1
HC-74,603ad3ca,ATA_Nat_04,Localite_021,ATACORA,Commune_F,P2AE_Fouille_HTA,Travaux HTA,Fouille réseau haute tension,f03cfc0b,U,11.0,8.0,3.0,0.7272727272727273,0.0333,11.0,0.0242181818181818,En Cours,63.25814399621778,68.44565130450103,66.17352310347297,1
HC-70,1c107945,ATA_Nat_04,Localite_021,ATACORA,Commune_F,P2AE_IACM,Travaux HTA,IACM,21f4f4d7,U,1.0,0.0,1.0,0.0,0.0833,1.0,0.0,En Cours,63.25814399621778,68.44565130450103,66.17352310347297,1
HC-57,c3c0b257,ATA_Nat_04,Localite_021,ATACORA,Commune_F,P2AE_PBA_BT,Travaux BT,PBA 11C650,29ef61f5,U,4.0,3.0,1.0,0.75,0.42,165.0,0.0076363636363636,En Cours,63.25814399621778,68.44565130450103,66.17352310347297,1
HC-58,080fae9d,ATA_Nat_04,Localite_021,ATACORA,Commune_F,P2AE_PBA_BT,Travaux BT,PBA 9A200,2ec17c4d,U,93.0,81.0,12.0,0.8709677419354839,0.42,165.0,0.2061818181818181,En Cours,63.25814399621778,68.44565130450103,66.17352310347297,1
HC-59,bd034300,ATA_Nat_04,Localite_021,ATACORA,Commune_F,P2AE_PBA_BT,Travaux BT,PBA 9A650,215ac167,U,61.0,64.0,0.0,1.0,0.42,165.0,0.1552727272727272,En Cours,63.25814399621778,68.44565130450103,66.17352310347297,1
HC-60,ae93e567,ATA_Nat_04,Localite_021,ATACORA,Commune_F,P2AE_PBA_BT,Travaux BT,PBA 9C650,9c6af0a4,U,6.0,5.0,1.0,0.8333333333333334,0.42,165.0,0.0127272727272727,En Cours,63.25814399621778,68.44565130450103,66.17352310347297,1
HC-61,44a3e172,ATA_Nat_04,Localite_021,ATACORA,Commune_F,P2AE_PBA_BT,Travaux BT,PBA 9C800,526229bb,U,1.0,0.0,1.0,0.0,0.42,165.0,0.0,En Cours,63.25814399621778,68.44565130450103,66.17352310347297,1
HC-62,58cd4f6b,ATA_Nat_04,Localite_021,ATACORA,Commune_F,P2AE_PBA_HTA,Travaux HTA,PBA 11A1250,058e9b6a,U,1.0,1.0,0.0,1.0,0.3,12.0,0.0249999999999999,En Cours,63.25814399621778,68.44565130450103,66.17352310347297,1
HC-63,76f3a49a,ATA_Nat_04,Localite_021,ATACORA,Commune_F,P2AE_PBA_HTA,Travaux HTA,PBA 12A800,46cfa5f8,U,1.0,0.0,1.0,0.0,0.3,12.0,0.0,En Cours,63.25814399621778,68.44565130450103,66.17352310347297,1
HC-64,b4d71117,ATA_Nat_04,Localite_021,ATACORA,Commune_F,P2AE_PBA_HTA,Travaux HTA,PBA 13A400,cd39f595,U,2.0,2.0,0.0,1.0,0.3,12.0,0.0499999999999999,En Cours,63.25814399621778,68.44565130450103,66.17352310347297,1
HC-65,9a98312d,ATA_Nat_04,Localite_021,ATACORA,Commune_F,P2AE_PBA_HTA,Travaux HTA,PBA 13C800,d6344558,U,7.0,7.0,0.0,1.0,0.3,12.0,0.175,En Cours,63.25814399621778,68.44565130450103,66.17352310347297,1
HC-964,P2AE-OBJ-b20de8ad,ATA_Nat_04,Localite_021,ATACORA,Commune_F,P2AE_PBA_HTA,Travaux HTA,PBA 11C650,26e8ec03,U,1.0,1.0,0.0,1.0,0.3,12.0,0.0249999999999999,En Cours,63.25814399621778,68.44565130450103,66.17352310347297,1
HC-71,14ca8f63,ATA_Nat_04,Localite_021,ATACORA,Commune_F,P2AE_TFO,Travaux HTA,Transformateur 160 kVA,8ae558c8,U,1.0,0.0,1.0,0.0,0.1667,1.0,0.0,En Cours,63.25814399621778,68.44565130450103,66.17352310347297,1
HC-73,c0c5c760,ATA_Nat_04,Localite_021,ATACORA,Commune_F,P2AE_Terre,Travaux BT,Mise à la terre,002f1a3d,U,53.0,9.0,44.0,0.1698113207547169,0.0667,53.0,0.0113264150943396,En Cours,63.25814399621778,68.44565130450103,66.17352310347297,1
HC-193,eff2181b,ATA_Nat_12,Localite_022,ATACORA,Commune_F,P2AE_Cable_BT,Travaux BT,PRC 50mm²,8e6b4946,m,850.0,543.0,307.0,0.6388235294117647,0.3111,3350.0,0.0504260597014925,En Cours,46.22829854414012,50.11965703991724,48.41524201876686,0
HC-194,51906f15,ATA_Nat_12,Localite_022,ATACORA,Commune_F,P2AE_Cable_BT,Travaux BT,PRC 70mm²,59dc5a38,m,2500.0,616.0,1884.0,0.2464,0.3111,3350.0,0.0572052537313432,En Cours,46.22829854414012,50.11965703991724,48.41524201876686,0
HC-192,1619047d,ATA_Nat_12,Localite_022,ATACORA,Commune_F,P2AE_Cable_HTA,Travaux HTA,ASTER 54mm²,e9e0a228,m,1000.0,108.0,892.0,0.108,0.3333,1000.0,0.0359964,En Cours,46.22829854414012,50.11965703991724,48.41524201876686,0
HC-195,51986f15,ATA_Nat_12,Localite_022,ATACORA,Commune_F,P2AE_DMT,Travaux HTA,Point Double DMT-CC,a4425df9,U,2.0,2.0,0.0,1.0,0.0833,2.0,0.0833,En Cours,46.22829854414012,50.11965703991724,48.41524201876686,0
HC-198,f2a82435,ATA_Nat_12,Localite_022,ATACORA,Commune_F,P2AE_EP,Travaux BT,EP,fbeef696,U,32.0,0.0,32.0,0.0,0.1556,32.0,0.0,En Cours,46.22829854414012,50.11965703991724,48.41524201876686,0
HC-201,5db8a7cb,ATA_Nat_12,Localite_022,ATACORA,Commune_F,P2AE_Fouille_BT,Travaux BT,Fouille réseau basse tension,e221b25e,U,35.0,29.0,6.0,0.8285714285714286,0.0467,35.0,0.0386942857142857,En Cours,46.22829854414012,50.11965703991724,48.41524201876686,0
HC-200,397752c4,ATA_Nat_12,Localite_022,ATACORA,Commune_F,P2AE_Fouille_HTA,Travaux HTA,Fouille réseau haute tension,f03cfc0b,U,40.0,23.0,17.0,0.575,0.0333,40.0,0.0191475,En Cours,46.22829854414012,50.11965703991724,48.41524201876686,0
HC-196,df5aa2f2,ATA_Nat_12,Localite_022,ATACORA,Commune_F,P2AE_IACM,Travaux HTA,IACM,21f4f4d7,U,2.0,2.0,0.0,1.0,0.0833,2.0,0.0833,En Cours,46.22829854414012,50.11965703991724,48.41524201876686,0
HC-185,36e0f8df,ATA_Nat_12,Localite_022,ATACORA,Commune_F,P2AE_PBA_BT,Travaux BT,PBA 9A200,2ec17c4d,U,11.0,11.0,0.0,1.0,0.42,33.0,0.1399999999999999,En Cours,46.22829854414012,50.11965703991724,48.41524201876686,0
HC-186,164a8406,ATA_Nat_12,Localite_022,ATACORA,Commune_F,P2AE_PBA_BT,Travaux BT,PBA 9A650,215ac167,U,20.0,13.0,7.0,0.65,0.42,33.0,0.1654545454545454,En Cours,46.22829854414012,50.11965703991724,48.41524201876686,0
HC-187,6ea94e28,ATA_Nat_12,Localite_022,ATACORA,Commune_F,P2AE_PBA_BT,Travaux BT,PBA 9C650,9c6af0a4,U,2.0,2.0,0.0,1.0,0.42,33.0,0.0254545454545454,En Cours,46.22829854414012,50.11965703991724,48.41524201876686,0
HC-188,adead9ca,ATA_Nat_12,Localite_022,ATACORA,Commune_F,P2AE_PBA_HTA,Travaux HTA,PBA 11A1250,058e9b6a,U,2.0,2.0,0.0,1.0,0.3,42.0,0.0142857142857142,En Cours,46.22829854414012,50.11965703991724,48.41524201876686,0
HC-189,ed0aab42,ATA_Nat_12,Localite_022,ATACORA,Commune_F,P2AE_PBA_HTA,Travaux HTA,PBA 12A800,46cfa5f8,U,12.0,2.0,10.0,0.1666666666666666,0.3,42.0,0.0142857142857142,En Cours,46.22829854414012,50.11965703991724,48.41524201876686,0
HC-190,86536b75,ATA_Nat_12,Localite_022,ATACORA,Commune_F,P2AE_PBA_HTA,Travaux HTA,PBA 13A400,cd39f595,U,15.0,7.0,8.0,0.4666666666666667,0.3,42.0,0.0499999999999999,En Cours,46.22829854414012,50.11965703991724,48.41524201876686,0
HC-191,e71d9ea4,ATA_Nat_12,Localite_022,ATACORA,Commune_F,P2AE_PBA_HTA,Travaux HTA,PBA 13C800,d6344558,U,11.0,9.0,2.0,0.8181818181818182,0.3,42.0,0.0642857142857143,En Cours,46.22829854414012,50.11965703991724,48.41524201876686,0
HC-959,P2AE-OBJ-36886d67,ATA_Nat_12,Localite_022,ATACORA,Commune_F,P2AE_PBA_HTA,Travaux HTA,PBA 11C650,26e8ec03,U,2.0,2.0,0.0,1.0,0.3,42.0,0.0142857142857142,En Cours,46.22829854414012,50.11965703991724,48.41524201876686,0
HC-197,4dcdae7b,ATA_Nat_12,Localite_022,ATACORA,Commune_F,P2AE_TFO,Travaux HTA,Transformateur 160 kVA,8ae558c8,U,2.0,1.0,1.0,0.5,0.1667,2.0,0.08335,En Cours,46.22829854414012,50.11965703991724,48.41524201876686,0
HC-199,20e9d511,ATA_Nat_12,Localite_022,ATACORA,Commune_F,P2AE_Terre,Travaux BT,Mise à la terre,002f1a3d,U,25.0,9.0,16.0,0.36,0.0667,25.0,0.024012,En Cours,46.22829854414012,50.11965703991724,48.41524201876686,0
HC-11,e2b7b307,ATA_Nat_01,Localite_025,ATACORA,Commune_F,P2AE_Cable_BT,Travaux BT,PRC 50mm²,8e6b4946,m,5080.0,3499.0,1581.0,0.6887795275590551,0.3111,7680.0,0.1417368359375,En Cours,63.58348834883488,60.571803628577,61.89092153604996,0
HC-12,4de0fea1,ATA_Nat_01,Localite_025,ATACORA,Commune_F,P2AE_Cable_BT,Travaux BT,PRC 70mm²,59dc5a38,m,2600.0,0.0,2600.0,0.0,0.3111,7680.0,0.0,En Cours,63.58348834883488,60.571803628577,61.89092153604996,0
HC-10,6f531d60,ATA_Nat_01,Localite_025,ATACORA,Commune_F,P2AE_Cable_HTA,Travaux HTA,ASTER 54mm²,e9e0a228,m,330.0,236.63,93.37,0.7170606060606061,0.3333,330.0,0.2389963,En Cours,63.58348834883488,60.571803628577,61.89092153604996,0
HC-13,c6dc8cba,ATA_Nat_01,Localite_025,ATACORA,Commune_F,P2AE_DMT,Travaux HTA,Point Double DMT-CC,a4425df9,U,1.0,1.0,0.0,1.0,0.0833,1.0,0.0833,En Cours,63.58348834883488,60.571803628577,61.89092153604996,0
HC-16,68f7a4c9,ATA_Nat_01,Localite_025,ATACORA,Commune_F,P2AE_EP,Travaux BT,EP,fbeef696,U,94.0,0.0,94.0,0.0,0.1556,94.0,0.0,En Cours,63.58348834883488,60.571803628577,61.89092153604996,0
HC-19,9d0c29d7,ATA_Nat_01,Localite_025,ATACORA,Commune_F,P2AE_Fouille_BT,Travaux BT,Fouille réseau basse tension,e221b25e,U,159.0,160.0,0.0,1.0,0.0467,159.0,0.0467,En Cours,63.58348834883488,60.571803628577,61.89092153604996,0
HC-18,27abf68c,ATA_Nat_01,Localite_025,ATACORA,Commune_F,P2AE_Fouille_HTA,Travaux HTA,Fouille réseau haute tension,f03cfc0b,U,31.0,31.0,0.0,1.0,0.0333,31.0,0.0333,En Cours,63.58348834883488,60.571803628577,61.89092153604996,0
HC-14,f4d44e61,ATA_Nat_01,Localite_025,ATACORA,Commune_F,P2AE_IACM,Travaux HTA,IACM,21f4f4d7,U,1.0,1.0,0.0,1.0,0.0833,1.0,0.0833,En Cours,63.58348834883488,60.571803628577,61.89092153604996,0
HC-1,1494a260,ATA_Nat_01,Localite_025,ATACORA,Commune_F,P2AE_PBA_BT,Travaux BT,PBA 11C650,29ef61f5,U,2.0,2.0,0.0,1.0,0.42,158.0,0.0053164556962025,En Cours,63.58348834883488,60.571803628577,61.89092153604996,0
HC-2,add9a08b,ATA_Nat_01,Localite_025,ATACORA,Commune_F,P2AE_PBA_BT,Travaux BT,PBA 9A200,2ec17c4d,U,80.0,79.0,1.0,0.9875,0.42,158.0,0.21,En Cours,63.58348834883488,60.571803628577,61.89092153604996,0
HC-3,f7e22a73,ATA_Nat_01,Localite_025,ATACORA,Commune_F,P2AE_PBA_BT,Travaux BT,PBA 9A650,215ac167,U,59.0,60.0,0.0,1.0,0.42,158.0,0.1568354430379746,En Cours,63.58348834883488,60.571803628577,61.89092153604996,0
HC-4,9daac817,ATA_Nat_01,Localite_025,ATACORA,Commune_F,P2AE_PBA_BT,Travaux BT,PBA 9C650,9c6af0a4,U,16.0,16.0,0.0,1.0,0.42,158.0,0.0425316455696202,En Cours,63.58348834883488,60.571803628577,61.89092153604996,0
HC-5,d32b7c73,ATA_Nat_01,Localite_025,ATACORA,Commune_F,P2AE_PBA_BT,Travaux BT,PBA 9C800,526229bb,U,1.0,1.0,0.0,1.0,0.42,158.0,0.0026582278481012,En Cours,63.58348834883488,60.571803628577,61.89092153604996,0
HC-6,7ca220cf,ATA_Nat_01,Localite_025,ATACORA,Commune_F,P2AE_PBA_HTA,Travaux HTA,PBA 11A1250,058e9b6a,U,1.0,1.0,0.0,1.0,0.3,32.0,0.009375,En Cours,63.58348834883488,60.571803628577,61.89092153604996,0
HC-7,f25d8a31,ATA_Nat_01,Localite_025,ATACORA,Commune_F,P2AE_PBA_HTA,Travaux HTA,PBA 12A800,46cfa5f8,U,1.0,1.0,0.0,1.0,0.3,32.0,0.009375,En Cours,63.58348834883488,60.571803628577,61.89092153604996,0
HC-8,f44df385,ATA_Nat_01,Localite_025,ATACORA,Commune_F,P2AE_PBA_HTA,Travaux HTA,PBA 13A400,cd39f595,U,16.0,10.0,6.0,0.625,0.3,32.0,0.09375,En Cours,63.58348834883488,60.571803628577,61.89092153604996,0
HC-9,2c9bad34,ATA_Nat_01,Localite_025,ATACORA,Commune_F,P2AE_PBA_HTA,Travaux HTA,PBA 13C800,d6344558,U,13.0,9.0,4.0,0.6923076923076923,0.3,32.0,0.0843749999999999,En Cours,63.58348834883488,60.571803628577,61.89092153604996,0
HC-956,P2AE-OBJ-e36effe8,ATA_Nat_01,Localite_025,ATACORA,Commune_F,P2AE_PBA_HTA,Travaux HTA,PBA 11C650,26e8ec03,U,1.0,0.0,1.0,0.0,0.3,32.0,0.0,En Cours,63.58348834883488,60.571803628577,61.89092153604996,0
HC-15,5d1b86a4,ATA_Nat_01,Localite_025,ATACORA,Commune_F,P2AE_TFO,Travaux HTA,Transformateur 160 kVA,8ae558c8,U,1.0,0.0,1.0,0.0,0.1667,1.0,0.0,En Cours,63.58348834883488,60.571803628577,61.89092153604996,0
HC-17,98c61d8c,ATA_Nat_01,Localite_025,ATACORA,Commune_F,P2AE_Terre,Travaux BT,Mise à la terre,002f1a3d,U,62.0,0.0,62.0,0.0,0.0667,62.0,0.0,En Cours,63.58348834883488,60.571803628577,61.89092153604996,0
HC-137,56dd9dbd,ATA_Nat_08,Localite_033,ATACORA,Commune_F,P2AE_Cable_BT,Travaux BT,PRC 50mm²,8e6b4946,m,6456.0,6456.0,0.0,1.0,0.3111,7691.0,0.2611444025484332,En Cours,76.66166616661666,77.24075612047673,76.98711472068602,1
HC-138,0f2fd2fa,ATA_Nat_08,Localite_033,ATACORA,Commune_F,P2AE_Cable_BT,Travaux BT,PRC 70mm²,59dc5a38,m,1235.0,1155.0,80.0,0.9352226720647774,0.3111,7691.0,0.0467196073332466,En Cours,76.66166616661666,77.24075612047673,76.98711472068602,1
HC-136,b93cce2b,ATA_Nat_08,Localite_033,ATACORA,Commune_F,P2AE_Cable_HTA,Travaux HTA,ASTER 54mm²,e9e0a228,m,100.0,80.0,20.0,0.8,0.3333,100.0,0.26664,En Cours,76.66166616661666,77.24075612047673,76.98711472068602,1
HC-139,04dc1d88,ATA_Nat_08,Localite_033,ATACORA,Commune_F,P2AE_DMT,Travaux HTA,Point Double DMT-CC,a4425df9,U,1.0,1.0,0.0,1.0,0.0833,1.0,0.0833,En Cours,76.66166616661666,77.24075612047673,76.98711472068602,1
HC-141,cc338b34,ATA_Nat_08,Localite_033,ATACORA,Commune_F,P2AE_EP,Travaux BT,EP,fbeef696,U,65.0,0.0,65.0,0.0,0.1556,65.0,0.0,En Cours,76.66166616661666,77.24075612047673,76.98711472068602,1
HC-144,e2ad5e19,ATA_Nat_08,Localite_033,ATACORA,Commune_F,P2AE_Fouille_BT,Travaux BT,Fouille réseau basse tension,e221b25e,U,203.0,205.0,0.0,1.0,0.0467,203.0,0.0467,En Cours,76.66166616661666,77.24075612047673,76.98711472068602,1
HC-143,1e71c5f2,ATA_Nat_08,Localite_033,ATACORA,Commune_F,P2AE_Fouille_HTA,Travaux HTA,Fouille réseau haute tension,f03cfc0b,U,3.0,3.0,0.0,1.0,0.0333,3.0,0.0333,En Cours,76.66166616661666,77.24075612047673,76.98711472068602,1
HC-997,P2AE-OBJ-01f1efcf,ATA_Nat_08,Localite_033,ATACORA,Commune_F,P2AE_IACM,Travaux HTA,IACM,21f4f4d7,U,1.0,1.0,0.0,1.0,0.0833,1.0,0.0833,En Cours,76.66166616661666,77.24075612047673,76.98711472068602,1
HC-129,f4d3039c,ATA_Nat_08,Localite_033,ATACORA,Commune_F,P2AE_PBA_BT,Travaux BT,PBA 9A200,2ec17c4d,U,97.0,97.0,0.0,1.0,0.42,202.0,0.2016831683168316,En Cours,76.66166616661666,77.24075612047673,76.98711472068602,1
HC-130,8f0a6802,ATA_Nat_08,Localite_033,ATACORA,Commune_F,P2AE_PBA_BT,Travaux BT,PBA 9A650,215ac167,U,81.0,83.0,0.0,1.0,0.42,202.0,0.1684158415841584,En Cours,76.66166616661666,77.24075612047673,76.98711472068602,1
HC-131,1b18d358,ATA_Nat_08,Localite_033,ATACORA,Commune_F,P2AE_PBA_BT,Travaux BT,PBA 9C650,9c6af0a4,U,23.0,24.0,0.0,1.0,0.42,202.0,0.0478217821782178,En Cours,76.66166616661666,77.24075612047673,76.98711472068602,1
HC-132,d2165126,ATA_Nat_08,Localite_033,ATACORA,Commune_F,P2AE_PBA_BT,Travaux BT,PBA 9C800,526229bb,U,1.0,0.0,1.0,0.0,0.42,202.0,0.0,En Cours,76.66166616661666,77.24075612047673,76.98711472068602,1
HC-133,0a910279,ATA_Nat_08,Localite_033,ATACORA,Commune_F,P2AE_PBA_HTA,Travaux HTA,PBA 11A1250,058e9b6a,U,1.0,1.0,0.0,1.0,0.3,4.0,0.075,En Cours,76.66166616661666,77.24075612047673,76.98711472068602,1
HC-134,b0d817af,ATA_Nat_08,Localite_033,ATACORA,Commune_F,P2AE_PBA_HTA,Travaux HTA,PBA 12A800,46cfa5f8,U,1.0,1.0,0.0,1.0,0.3,4.0,0.075,En Cours,76.66166616661666,77.24075612047673,76.98711472068602,1
HC-135,c5fd7678,ATA_Nat_08,Localite_033,ATACORA,Commune_F,P2AE_PBA_HTA,Travaux HTA,PBA 13C800,d6344558,U,1.0,1.0,0.0,1.0,0.3,4.0,0.075,En Cours,76.66166616661666,77.24075612047673,76.98711472068602,1
HC-961,P2AE-OBJ-68ddf39f,ATA_Nat_08,Localite_033,ATACORA,Commune_F,P2AE_PBA_HTA,Travaux HTA,PBA 11C650,26e8ec03,U,1.0,1.0,0.0,1.0,0.3,4.0,0.075,En Cours,76.66166616661666,77.24075612047673,76.98711472068602,1
HC-140,564230f1,ATA_Nat_08,Localite_033,ATACORA,Commune_F,P2AE_TFO,Travaux HTA,Transformateur 160 kVA,8ae558c8,U,1.0,0.0,1.0,0.0,0.1667,1.0,0.0,En Cours,76.66166616661666,77.24075612047673,76.98711472068602,1
HC-142,ec3a5dca,ATA_Nat_08,Localite_033,ATACORA,Commune_F,P2AE_Terre,Travaux BT,Mise à la terre,002f1a3d,U,50.0,0.0,50.0,0.0,0.0667,50.0,0.0,En Cours,76.66166616661666,77.24075612047673,76.98711472068602,1
HC-85,c75dff00,ATA_Nat_05,Localite_034,ATACORA,Commune_F,P2AE_Cable_BT,Travaux BT,PRC 50mm²,8e6b4946,m,8468.0,5734.070000000001,2733.9299999999994,0.6771457250826642,0.3111,9938.0,0.1794998165626886,En Cours,95.55555555555556,62.54582108199951,77.00408478141708,0
HC-86,21fcfe27,ATA_Nat_05,Localite_034,ATACORA,Commune_F,P2AE_Cable_BT,Travaux BT,PRC 70mm²,59dc5a38,m,1470.0,1021.0,449.0,0.6945578231292517,0.3111,9938.0,0.0319614711209498,En Cours,95.55555555555556,62.54582108199951,77.00408478141708,0
HC-84,01ba5478,ATA_Nat_05,Localite_034,ATACORA,Commune_F,P2AE_Cable_HTA,Travaux HTA,ASTER 54mm²,e9e0a228,m,390.0,338.0,52.0,0.8666666666666667,0.3333,390.0,0.28886,En Cours,95.55555555555556,62.54582108199951,77.00408478141708,0
HC-87,7ad33e05,ATA_Nat_05,Localite_034,ATACORA,Commune_F,P2AE_DMT,Travaux HTA,Point Double DMT-CC,a4425df9,U,2.0,2.0,0.0,1.0,0.0833,2.0,0.0833,En Cours,95.55555555555556,62.54582108199951,77.00408478141708,0
HC-90,14ca48b2,ATA_Nat_05,Localite_034,ATACORA,Commune_F,P2AE_EP,Travaux BT,EP,fbeef696,U,108.0,0.0,108.0,0.0,0.1556,108.0,0.0,En Cours,95.55555555555556,62.54582108199951,77.00408478141708,0
HC-93,8c60c9ec,ATA_Nat_05,Localite_034,ATACORA,Commune_F,P2AE_Fouille_BT,Travaux BT,Fouille réseau basse tension,e221b25e,U,197.0,193.0,4.0,0.9796954314720812,0.0467,197.0,0.0457517766497461,En Cours,95.55555555555556,62.54582108199951,77.00408478141708,0
HC-92,d7fa71d0,ATA_Nat_05,Localite_034,ATACORA,Commune_F,P2AE_Fouille_HTA,Travaux HTA,Fouille réseau haute tension,f03cfc0b,U,12.0,12.0,0.0,1.0,0.0333,12.0,0.0333,En Cours,95.55555555555556,62.54582108199951,77.00408478141708,0
HC-88,99576d3a,ATA_Nat_05,Localite_034,ATACORA,Commune_F,P2AE_IACM,Travaux HTA,IACM,21f4f4d7,U,2.0,2.0,0.0,1.0,0.0833,2.0,0.0833,En Cours,95.55555555555556,62.54582108199951,77.00408478141708,0
HC-76,e4360484,ATA_Nat_05,Localite_034,ATACORA,Commune_F,P2AE_PBA_BT,Travaux BT,PBA 11C650,29ef61f5,U,2.0,2.0,0.0,1.0,0.42,195.0,0.0043076923076923,En Cours,95.55555555555556,62.54582108199951,77.00408478141708,0
HC-77,3793cf65,ATA_Nat_05,Localite_034,ATACORA,Commune_F,P2AE_PBA_BT,Travaux BT,PBA 9A200,2ec17c4d,U,100.0,86.0,14.0,0.86,0.42,195.0,0.1852307692307692,En Cours,95.55555555555556,62.54582108199951,77.00408478141708,0
HC-78,9ce4e59e,ATA_Nat_05,Localite_034,ATACORA,Commune_F,P2AE_PBA_BT,Travaux BT,PBA 9A650,215ac167,U,75.0,65.0,10.0,0.8666666666666667,0.42,195.0,0.14,En Cours,95.55555555555556,62.54582108199951,77.00408478141708,0
HC-79,ef457d5c,ATA_Nat_05,Localite_034,ATACORA,Commune_F,P2AE_PBA_BT,Travaux BT,PBA 9C650,9c6af0a4,U,18.0,18.0,0.0,1.0,0.42,195.0,0.0387692307692307,En Cours,95.55555555555556,62.54582108199951,77.00408478141708,0
HC-80,0f4b1849,ATA_Nat_05,Localite_034,ATACORA,Commune_F,P2AE_PBA_HTA,Travaux HTA,PBA 11A1250,058e9b6a,U,2.0,2.0,0.0,1.0,0.3,14.0,0.0428571428571428,En Cours,95.55555555555556,62.54582108199951,77.00408478141708,0
HC-81,85afaf29,ATA_Nat_05,Localite_034,ATACORA,Commune_F,P2AE_PBA_HTA,Travaux HTA,PBA 12A800,46cfa5f8,U,3.0,3.0,0.0,1.0,0.3,14.0,0.0642857142857142,En Cours,95.55555555555556,62.54582108199951,77.00408478141708,0
HC-82,739g8292,ATA_Nat_05,Localite_034,ATACORA,Commune_F,P2AE_PBA_HTA,Travaux HTA,PBA 13A400,cd39f595,U,3.0,3.0,0.0,1.0,0.3,14.0,0.0642857142857142,En Cours,95.55555555555556,62.54582108199951,77.00408478141708,0
HC-83,7ed7efde,ATA_Nat_05,Localite_034,ATACORA,Commune_F,P2AE_PBA_HTA,Travaux HTA,PBA 13C800,d6344558,U,4.0,4.0,0.0,1.0,0.3,14.0,0.0857142857142857,En Cours,95.55555555555556,62.54582108199951,77.00408478141708,0
HC-962,P2AE-OBJ-3866cc76,ATA_Nat_05,Localite_034,ATACORA,Commune_F,P2AE_PBA_HTA,Travaux HTA,PBA 11C650,26e8ec03,U,2.0,2.0,0.0,1.0,0.3,14.0,0.0428571428571428,En Cours,95.55555555555556,62.54582108199951,77.00408478141708,0
HC-89,1d67c8ef,ATA_Nat_05,Localite_034,ATACORA,Commune_F,P2AE_TFO,Travaux HTA,Transformateur 160 kVA,8ae558c8,U,2.0,2.0,0.0,1.0,0.1667,2.0,0.1667,En Cours,95.55555555555556,62.54582108199951,77.00408478141708,0
HC-91,66c67160,ATA_Nat_05,Localite_034,ATACORA,Commune_F,P2AE_Terre,Travaux BT,Mise à la terre,002f1a3d,U,77.0,0.0,77.0,0.0,0.0667,77.0,0.0,En Cours,95.55555555555556,62.54582108199951,77.00408478141708,0
HC-102,4a2b6e8d,ATA_Nat_06,Localite_036,ATACORA,Commune_F,P2AE_Cable_BT,Travaux BT,PRC 50mm²,8e6b4946,m,6965.0,3356.0,3609.0,0.48183776022972,0.3111,14221.0,0.0734161873285985,En Cours,40.75859693661673,56.288929446207845,49.48664380700695,1
HC-103,85df3d66,ATA_Nat_06,Localite_036,ATACORA,Commune_F,P2AE_Cable_BT,Travaux BT,PRC 70mm²,59dc5a38,m,7256.0,1784.0,5472.0,0.2458654906284454,0.3111,14221.0,0.0390269601293861,En Cours,40.75859693661673,56.288929446207845,49.48664380700695,1
HC-101,be3e8bf4,ATA_Nat_06,Localite_036,ATACORA,Commune_F,P2AE_Cable_HTA,Travaux HTA,ASTER 54mm²,e9e0a228,m,250.0,180.15,69.85,0.7206,0.3333,250.0,0.2401759799999999,En Cours,40.75859693661673,56.288929446207845,49.48664380700695,1
HC-104,5d06293f,ATA_Nat_06,Localite_036,ATACORA,Commune_F,P2AE_DMT,Travaux HTA,Point Double DMT-CC,a4425df9,U,3.0,0.0,3.0,0.0,0.0833,3.0,0.0,En Cours,40.75859693661673,56.288929446207845,49.48664380700695,1
HC-107,14510f08,ATA_Nat_06,Localite_036,ATACORA,Commune_F,P2AE_EP,Travaux BT,EP,fbeef696,U,115.0,0.0,115.0,0.0,0.1556,115.0,0.0,En Cours,40.75859693661673,56.288929446207845,49.48664380700695,1
HC-110,2450a8ba,ATA_Nat_06,Localite_036,ATACORA,Commune_F,P2AE_Fouille_BT,Travaux BT,Fouille réseau basse tension,e221b25e,U,268.0,266.0,2.0,0.9925373134328358,0.0467,268.0,0.0463514925373134,En Cours,40.75859693661673,56.288929446207845,49.48664380700695,1
HC-109,dfe5997c,ATA_Nat_06,Localite_036,ATACORA,Commune_F,P2AE_Fouille_HTA,Travaux HTA,Fouille réseau haute tension,f03cfc0b,U,62.0,62.0,0.0,1.0,0.0333,62.0,0.0333,En Cours,40.75859693661673,56.288929446207845,49.48664380700695,1
HC-105,e26e5ea8,ATA_Nat_06,Localite_036,ATACORA,Commune_F,P2AE_IACM,Travaux HTA,IACM,21f4f4d7,U,3.0,3.0,0.0,1.0,0.0833,3.0,0.0833,En Cours,40.75859693661673,56.288929446207845,49.48664380700695,1
HC-94,3085c4a3,ATA_Nat_06,Localite_036,ATACORA,Commune_F,P2AE_PBA_BT,Travaux BT,PBA 11C650,29ef61f5,U,3.0,2.0,1.0,0.6666666666666666,0.42,265.0,0.0031698113207547,En Cours,40.75859693661673,56.288929446207845,49.48664380700695,1
HC-95,422de455,ATA_Nat_06,Localite_036,ATACORA,Commune_F,P2AE_PBA_BT,Travaux BT,PBA 9A200,2ec17c4d,U,126.0,117.0,9.0,0.9285714285714286,0.42,265.0,0.1854339622641509,En Cours,40.75859693661673,56.288929446207845,49.48664380700695,1
HC-96,c2fb3dc1,ATA_Nat_06,Localite_036,ATACORA,Commune_F,P2AE_PBA_BT,Travaux BT,PBA 9A650,215ac167,U,125.0,127.0,0.0,1.0,0.42,265.0,0.1981132075471698,En Cours,40.75859693661673,56.288929446207845,49.48664380700695,1
HC-97,6e8fd6a9,ATA_Nat_06,Localite_036,ATACORA,Commune_F,P2AE_PBA_BT,Travaux BT,PBA 9C650,9c6af0a4,U,11.0,11.0,0.0,1.0,0.42,265.0,0.0174339622641509,En Cours,40.75859693661673,56.288929446207845,49.48664380700695,1
HC-98,0d18dab7,ATA_Nat_06,Localite_036,ATACORA,Commune_F,P2AE_PBA_HTA,Travaux HTA,PBA 11A1250,058e9b6a,U,3.0,3.0,0.0,1.0,0.3,65.0,0.0138461538461538,En Cours,40.75859693661673,56.288929446207845,49.48664380700695,1
HC-99,76a20db1,ATA_Nat_06,Localite_036,ATACORA,Commune_F,P2AE_PBA_HTA,Travaux HTA,PBA 12A800,46cfa5f8,U,53.0,3.0,50.0,0.0566037735849056,0.3,65.0,0.0138461538461538,En Cours,40.75859693661673,56.288929446207845,49.48664380700695,1
HC-100,7325b66c,ATA_Nat_06,Localite_036,ATACORA,Commune_F,P2AE_PBA_HTA,Travaux HTA,PBA 13C800,d6344558,U,6.0,2.0,4.0,0.3333333333333333,0.3,65.0,0.0092307692307692,En Cours,40.75859693661673,56.288929446207845,49.48664380700695,1
HC-963,P2AE-OBJ-6001a924,ATA_Nat_06,Localite_036,ATACORA,Commune_F,P2AE_PBA_HTA,Travaux HTA,PBA 11C650,26e8ec03,U,3.0,3.0,0.0,1.0,0.3,65.0,0.0138461538461538,En Cours,40.75859693661673,56.288929446207845,49.48664380700695,1
HC-106,3496527a,ATA_Nat_06,Localite_036,ATACORA,Commune_F,P2AE_TFO,Travaux HTA,Transformateur 160 kVA,8ae558c8,U,3.0,0.0,3.0,0.0,0.1667,3.0,0.0,En Cours,40.75859693661673,56.288929446207845,49.48664380700695,1
HC-108,07a256a1,ATA_Nat_06,Localite_036,ATACORA,Commune_F,P2AE_Terre,Travaux BT,Mise à la terre,002f1a3d,U,95.0,0.0,95.0,0.0,0.0667,95.0,0.0,En Cours,40.75859693661673,56.288929446207845,49.48664380700695,1
HC-218,1238e794,ATA_Nat_14,Localite_040,ATACORA,Commune_F,P2AE_Cable_BT,Travaux BT,PRC 50mm²,8e6b4946,m,2750.0,1576.0,1174.0,0.5730909090909091,0.3111,6425.0,0.0763102879377431,En Cours,23.52306659237352,53.89179346058211,40.59029109230675,0
HC-219,af228fdb,ATA_Nat_14,Localite_040,ATACORA,Commune_F,P2AE_Cable_BT,Travaux BT,PRC 70mm²,59dc5a38,m,3675.0,0.0,3675.0,0.0,0.3111,6425.0,0.0,En Cours,23.52306659237352,53.89179346058211,40.59029109230675,0
HC-217,7685f9f0,ATA_Nat_14,Localite_040,ATACORA,Commune_F,P2AE_Cable_HTA,Travaux HTA,ASTER 54mm²,e9e0a228,m,110.0,25.0,85.0,0.2272727272727272,0.3333,110.0,0.07575,En Cours,23.52306659237352,53.89179346058211,40.59029109230675,0
HC-220,75ce56d4,ATA_Nat_14,Localite_040,ATACORA,Commune_F,P2AE_DMT,Travaux HTA,Point Double DMT-CC,a4425df9,U,1.0,0.0,1.0,0.0,0.0833,1.0,0.0,En Cours,23.52306659237352,53.89179346058211,40.59029109230675,0
HC-223,db96c5b4,ATA_Nat_14,Localite_040,ATACORA,Commune_F,P2AE_EP,Travaux BT,EP,fbeef696,U,67.0,0.0,67.0,0.0,0.1556,67.0,0.0,En Cours,23.52306659237352,53.89179346058211,40.59029109230675,0
HC-226,692e7c08,ATA_Nat_14,Localite_040,ATACORA,Commune_F,P2AE_Fouille_BT,Travaux BT,Fouille réseau basse tension,e221b25e,U,105.0,105.0,0.0,1.0,0.0467,105.0,0.0467,En Cours,23.52306659237352,53.89179346058211,40.59029109230675,0
HC-225,2dd5e786,ATA_Nat_14,Localite_040,ATACORA,Commune_F,P2AE_Fouille_HTA,Travaux HTA,Fouille réseau haute tension,f03cfc0b,U,20.0,20.0,0.0,1.0,0.0333,20.0,0.0333,En Cours,23.52306659237352,53.89179346058211,40.59029109230675,0
HC-221,dfd6bc73,ATA_Nat_14,Localite_040,ATACORA,Commune_F,P2AE_IACM,Travaux HTA,IACM,21f4f4d7,U,1.0,1.0,0.0,1.0,0.0833,1.0,0.0833,En Cours,23.52306659237352,53.89179346058211,40.59029109230675,0
HC-209,348ef044,ATA_Nat_14,Localite_040,ATACORA,Commune_F,P2AE_PBA_BT,Travaux BT,PBA 9A200,2ec17c4d,U,54.0,54.0,0.0,1.0,0.42,104.0,0.218076923076923,En Cours,23.52306659237352,53.89179346058211,40.59029109230675,0
HC-210,d1725e52,ATA_Nat_14,Localite_040,ATACORA,Commune_F,P2AE_PBA_BT,Travaux BT,PBA 9A650,215ac167,U,49.0,48.0,1.0,0.979591836734694,0.42,104.0,0.1938461538461538,En Cours,23.52306659237352,53.89179346058211,40.59029109230675,0
HC-211,ef1d1b3a,ATA_Nat_14,Localite_040,ATACORA,Commune_F,P2AE_PBA_BT,Travaux BT,PBA 9C650,9c6af0a4,U,1.0,1.0,0.0,1.0,0.42,104.0,0.0040384615384615,En Cours,23.52306659237352,53.89179346058211,40.59029109230675,0
HC-212,902cd235,ATA_Nat_14,Localite_040,ATACORA,Commune_F,P2AE_PBA_HTA,Travaux HTA,PBA 11A1250,058e9b6a,U,1.0,1.0,0.0,1.0,0.3,21.0,0.0142857142857142,En Cours,23.52306659237352,53.89179346058211,40.59029109230675,0
HC-213,b0b7613d,ATA_Nat_14,Localite_040,ATACORA,Commune_F,P2AE_PBA_HTA,Travaux HTA,PBA 12A800,46cfa5f8,U,1.0,1.0,0.0,1.0,0.3,21.0,0.0142857142857142,En Cours,23.52306659237352,53.89179346058211,40.59029109230675,0
HC-214,22c0a9cd,ATA_Nat_14,Localite_040,ATACORA,Commune_F,P2AE_PBA_HTA,Travaux HTA,PBA 13A400,cd39f595,U,10.0,0.0,10.0,0.0,0.3,21.0,0.0,En Cours,23.52306659237352,53.89179346058211,40.59029109230675,0
HC-215,88809d56,ATA_Nat_14,Localite_040,ATACORA,Commune_F,P2AE_PBA_HTA,Travaux HTA,PBA 13C800,d6344558,U,7.0,0.0,7.0,0.0,0.3,21.0,0.0,En Cours,23.52306659237352,53.89179346058211,40.59029109230675,0
HC-216,ed5f1743,ATA_Nat_14,Localite_040,ATACORA,Commune_F,P2AE_PBA_HTA,Travaux HTA,PBA 14A1000,ffbf33ef,U,1.0,0.0,1.0,0.0,0.3,21.0,0.0,En Cours,23.52306659237352,53.89179346058211,40.59029109230675,0
HC-957,P2AE-OBJ-a47036f9,ATA_Nat_14,Localite_040,ATACORA,Commune_F,P2AE_PBA_HTA,Travaux HTA,PBA 11C650,26e8ec03,U,1.0,1.0,0.0,1.0,0.3,21.0,0.0142857142857142,En Cours,23.52306659237352,53.89179346058211,40.59029109230675,0
HC-222,f9c95c80,ATA_Nat_14,Localite_040,ATACORA,Commune_F,P2AE_TFO,Travaux HTA,Transformateur 160 kVA,8ae558c8,U,1.0,0.0,1.0,0.0,0.1667,1.0,0.0,En Cours,23.52306659237352,53.89179346058211,40.59029109230675,0
HC-224,7fb248c7,ATA_Nat_14,Localite_040,ATACORA,Commune_F,P2AE_Terre,Travaux BT,Mise à la terre,002f1a3d,U,47.0,0.0,47.0,0.0,0.0667,47.0,0.0,En Cours,23.52306659237352,53.89179346058211,40.59029109230675,0
HC-205,03ed326d,ATA_Nat_13,Localite_042,ATACORA,Commune_F,P2AE_Cable_BT,Travaux BT,PRC 50mm²,8e6b4946,m,2390.0,2390.0,0.0,1.0,0.3111,2390.0,0.3111,Terminé,0.0,100.0,100.0,0
HC-206,0c7167d5,ATA_Nat_13,Localite_042,ATACORA,Commune_F,P2AE_EP,Travaux BT,EP,fbeef696,U,29.0,29.0,0.0,1.0,0.1556,29.0,0.1556,Terminé,0.0,100.0,100.0,0
HC-208,6267864e,ATA_Nat_13,Localite_042,ATACORA,Commune_F,P2AE_Fouille_BT,Travaux BT,Fouille réseau basse tension,e221b25e,U,64.0,64.0,0.0,1.0,0.0467,64.0,0.0467,Terminé,0.0,100.0,100.0,0
HC-202,f5ca6f93,ATA_Nat_13,Localite_042,ATACORA,Commune_F,P2AE_PBA_BT,Travaux BT,PBA 9A200,2ec17c4d,U,27.0,27.0,0.0,1.0,0.42,59.0,0.1922033898305084,Terminé,0.0,100.0,100.0,0
HC-203,f543956b,ATA_Nat_13,Localite_042,ATACORA,Commune_F,P2AE_PBA_BT,Travaux BT,PBA 9A650,215ac167,U,26.0,27.0,0.0,1.0,0.42,59.0,0.1850847457627118,Terminé,0.0,100.0,100.0,0
HC-204,d7eb3f50,ATA_Nat_13,Localite_042,ATACORA,Commune_F,P2AE_PBA_BT,Travaux BT,PBA 9C650,9c6af0a4,U,6.0,6.0,0.0,1.0,0.42,59.0,0.0427118644067796,Terminé,0.0,100.0,100.0,0
HC-207,0d11c9fe,ATA_Nat_13,Localite_042,ATACORA,Commune_F,P2AE_Terre,Travaux BT,Mise à la terre,002f1a3d,U,21.0,22.0,0.0,1.0,0.0667,21.0,0.0667,Terminé,0.0,100.0,100.0,0
HC-176,3f9ea0a0,ATA_Nat_11,Localite_045,ATACORA,Commune_F,P2AE_Cable_BT,Travaux BT,PRC 50mm²,8e6b4946,m,8111.0,8174.0,0.0,1.0,0.3111,11448.0,0.2204168501048218,En Cours,85.22097209720972,77.14233495212001,80.68077802166931,0
HC-177,6635f087,ATA_Nat_11,Localite_045,ATACORA,Commune_F,P2AE_Cable_BT,Travaux BT,PRC 70mm²,59dc5a38,m,3337.0,1665.0,1672.0,0.498951153730896,0.3111,11448.0,0.0452464622641509,En Cours,85.22097209720972,77.14233495212001,80.68077802166931,0
HC-175,4fe3ad17,ATA_Nat_11,Localite_045,ATACORA,Commune_F,P2AE_Cable_HTA,Travaux HTA,ASTER 54mm²,e9e0a228,m,600.0,559.0,41.0,0.9316666666666666,0.3333,600.0,0.3105245,En Cours,85.22097209720972,77.14233495212001,80.68077802166931,0
HC-178,560b3ff3,ATA_Nat_11,Localite_045,ATACORA,Commune_F,P2AE_DMT,Travaux HTA,Point Double DMT-CC,a4425df9,U,2.0,1.0,1.0,0.5,0.0833,2.0,0.04165,En Cours,85.22097209720972,77.14233495212001,80.68077802166931,0
HC-181,f95f87d3,ATA_Nat_11,Localite_045,ATACORA,Commune_F,P2AE_EP,Travaux BT,EP,fbeef696,U,97.0,0.0,97.0,0.0,0.1556,97.0,0.0,En Cours,85.22097209720972,77.14233495212001,80.68077802166931,0
HC-184,39845eb3,ATA_Nat_11,Localite_045,ATACORA,Commune_F,P2AE_Fouille_BT,Travaux BT,Fouille réseau basse tension,e221b25e,U,242.0,242.0,0.0,1.0,0.0467,242.0,0.0467,En Cours,85.22097209720972,77.14233495212001,80.68077802166931,0
HC-183,48135246,ATA_Nat_11,Localite_045,ATACORA,Commune_F,P2AE_Fouille_HTA,Travaux HTA,Fouille réseau haute tension,f03cfc0b,U,18.0,18.0,0.0,1.0,0.0333,18.0,0.0333,En Cours,85.22097209720972,77.14233495212001,80.68077802166931,0
HC-179,08b45f48,ATA_Nat_11,Localite_045,ATACORA,Commune_F,P2AE_IACM,Travaux HTA,IACM,21f4f4d7,U,2.0,2.0,0.0,1.0,0.0833,2.0,0.0833,En Cours,85.22097209720972,77.14233495212001,80.68077802166931,0
HC-168,e203e450,ATA_Nat_11,Localite_045,ATACORA,Commune_F,P2AE_PBA_BT,Travaux BT,PBA 9A200,2ec17c4d,U,128.0,125.0,3.0,0.9765625,0.42,240.0,0.21875,En Cours,85.22097209720972,77.14233495212001,80.68077802166931,0
HC-169,3cfac8f4,ATA_Nat_11,Localite_045,ATACORA,Commune_F,P2AE_PBA_BT,Travaux BT,PBA 9A650,215ac167,U,92.0,93.0,0.0,1.0,0.42,240.0,0.161,En Cours,85.22097209720972,77.14233495212001,80.68077802166931,0
HC-170,d1edf9e7,ATA_Nat_11,Localite_045,ATACORA,Commune_F,P2AE_PBA_BT,Travaux BT,PBA 9C650,9c6af0a4,U,20.0,18.0,2.0,0.9,0.42,240.0,0.0315,En Cours,85.22097209720972,77.14233495212001,80.68077802166931,0
HC-171,9660a233,ATA_Nat_11,Localite_045,ATACORA,Commune_F,P2AE_PBA_HTA,Travaux HTA,PBA 11A1250,058e9b6a,U,2.0,2.0,0.0,1.0,0.3,18.0,0.0333333333333333,En Cours,85.22097209720972,77.14233495212001,80.68077802166931,0
HC-172,1ffff91d,ATA_Nat_11,Localite_045,ATACORA,Commune_F,P2AE_PBA_HTA,Travaux HTA,PBA 12A800,46cfa5f8,U,2.0,2.0,0.0,1.0,0.3,18.0,0.0333333333333333,En Cours,85.22097209720972,77.14233495212001,80.68077802166931,0
HC-173,10866b12,ATA_Nat_11,Localite_045,ATACORA,Commune_F,P2AE_PBA_HTA,Travaux HTA,PBA 13A400,cd39f595,U,4.0,4.0,0.0,1.0,0.3,18.0,0.0666666666666666,En Cours,85.22097209720972,77.14233495212001,80.68077802166931,0
HC-174,d2042690,ATA_Nat_11,Localite_045,ATACORA,Commune_F,P2AE_PBA_HTA,Travaux HTA,PBA 13C800,d6344558,U,8.0,8.0,0.0,1.0,0.3,18.0,0.1333333333333333,En Cours,85.22097209720972,77.14233495212001,80.68077802166931,0
HC-947,P2AE-OBJ-92295bbb,ATA_Nat_11,Localite_045,ATACORA,Commune_F,P2AE_PBA_HTA,Travaux HTA,PBA 11C650,26e8ec03,U,2.0,2.0,0.0,1.0,0.3,18.0,0.0333333333333333,En Cours,85.22097209720972,77.14233495212001,80.68077802166931,0
HC-180,56fc895c,ATA_Nat_11,Localite_045,ATACORA,Commune_F,P2AE_TFO,Travaux HTA,Transformateur 160 kVA,8ae558c8,U,2.0,1.0,1.0,0.5,0.1667,2.0,0.08335,En Cours,85.22097209720972,77.14233495212001,80.68077802166931,0
HC-182,c46b12e0,ATA_Nat_11,Localite_045,ATACORA,Commune_F,P2AE_Terre,Travaux BT,Mise à la terre,002f1a3d,U,78.0,56.0,22.0,0.717948717948718,0.0667,78.0,0.0478871794871794,En Cours,85.22097209720972,77.14233495212001,80.68077802166931,0
HC-28,f68258e6,ATA_Nat_02,Localite_051,ATACORA,Commune_F,P2AE_Cable_BT,Travaux BT,PRC 50mm²,8e6b4946,m,2950.0,2980.0,0.0,1.0,0.3111,4180.0,0.2195562200956937,En Cours,88.91916439600362,100.0,95.1465940054496,0
HC-29,fbeae7bf,ATA_Nat_02,Localite_051,ATACORA,Commune_F,P2AE_Cable_BT,Travaux BT,PRC 70mm²,59dc5a38,m,1230.0,1374.0,0.0,1.0,0.3111,4180.0,0.0915437799043062,En Cours,88.91916439600362,100.0,95.1465940054496,0
HC-27,81c177c4,ATA_Nat_02,Localite_051,ATACORA,Commune_F,P2AE_Cable_HTA,Travaux HTA,ASTER 54mm²,e9e0a228,m,73.4,49.0,24.40000000000001,0.667574931880109,0.3333,73.4,0.2225027247956403,En Cours,88.91916439600362,100.0,95.1465940054496,0
HC-30,7591d1d0,ATA_Nat_02,Localite_051,ATACORA,Commune_F,P2AE_DMT,Travaux HTA,Point Double DMT-CC,a4425df9,U,1.0,1.0,0.0,1.0,0.0833,1.0,0.0833,En Cours,88.91916439600362,100.0,95.1465940054496,0
HC-33,3a692908,ATA_Nat_02,Localite_051,ATACORA,Commune_F,P2AE_EP,Travaux BT,EP,fbeef696,U,46.0,46.0,0.0,1.0,0.1556,46.0,0.1556,En Cours,88.91916439600362,100.0,95.1465940054496,0
HC-36,d2e34d0b,ATA_Nat_02,Localite_051,ATACORA,Commune_F,P2AE_Fouille_BT,Travaux BT,Fouille réseau basse tension,e221b25e,U,104.0,105.0,0.0,1.0,0.0467,104.0,0.0467,En Cours,88.91916439600362,100.0,95.1465940054496,0
HC-35,6f459a90,ATA_Nat_02,Localite_051,ATACORA,Commune_F,P2AE_Fouille_HTA,Travaux HTA,Fouille réseau haute tension,f03cfc0b,U,3.0,3.0,0.0,1.0,0.0333,3.0,0.0333,En Cours,88.91916439600362,100.0,95.1465940054496,0
HC-31,af26eaba,ATA_Nat_02,Localite_051,ATACORA,Commune_F,P2AE_IACM,Travaux HTA,IACM,21f4f4d7,U,1.0,1.0,0.0,1.0,0.0833,1.0,0.0833,En Cours,88.91916439600362,100.0,95.1465940054496,0
HC-20,5e2740ac,ATA_Nat_02,Localite_051,ATACORA,Commune_F,P2AE_PBA_BT,Travaux BT,PBA 11C650,29ef61f5,U,2.0,2.0,0.0,1.0,0.42,103.0,0.0081553398058252,En Cours,88.91916439600362,100.0,95.1465940054496,0
HC-21,50d1465a,ATA_Nat_02,Localite_051,ATACORA,Commune_F,P2AE_PBA_BT,Travaux BT,PBA 9A200,2ec17c4d,U,50.0,51.0,0.0,1.0,0.42,103.0,0.203883495145631,En Cours,88.91916439600362,100.0,95.1465940054496,0
HC-22,fff89340,ATA_Nat_02,Localite_051,ATACORA,Commune_F,P2AE_PBA_BT,Travaux BT,PBA 9A650,215ac167,U,48.0,48.0,0.0,1.0,0.42,103.0,0.1957281553398058,En Cours,88.91916439600362,100.0,95.1465940054496,0
HC-23,f72a3fc7,ATA_Nat_02,Localite_051,ATACORA,Commune_F,P2AE_PBA_BT,Travaux BT,PBA 9C650,9c6af0a4,U,3.0,3.0,0.0,1.0,0.42,103.0,0.0122330097087378,En Cours,88.91916439600362,100.0,95.1465940054496,0
HC-24,a0b7ff24,ATA_Nat_02,Localite_051,ATACORA,Commune_F,P2AE_PBA_HTA,Travaux HTA,PBA 11A1250,058e9b6a,U,1.0,1.0,0.0,1.0,0.3,4.0,0.075,En Cours,88.91916439600362,100.0,95.1465940054496,0
HC-25,b6508e19,ATA_Nat_02,Localite_051,ATACORA,Commune_F,P2AE_PBA_HTA,Travaux HTA,PBA 12A800,46cfa5f8,U,1.0,1.0,0.0,1.0,0.3,4.0,0.075,En Cours,88.91916439600362,100.0,95.1465940054496,0
HC-26,a1b7ff24,ATA_Nat_02,Localite_051,ATACORA,Commune_F,P2AE_PBA_HTA,Travaux HTA,PBA 13C800,d6344558,U,1.0,2.0,0.0,1.0,0.3,4.0,0.075,En Cours,88.91916439600362,100.0,95.1465940054496,0
HC-954,P2AE-OBJ-97682699,ATA_Nat_02,Localite_051,ATACORA,Commune_F,P2AE_PBA_HTA,Travaux HTA,PBA 11C650,26e8ec03,U,1.0,1.0,0.0,1.0,0.3,4.0,0.075,En Cours,88.91916439600362,100.0,95.1465940054496,0
HC-32,937b1e53,ATA_Nat_02,Localite_051,ATACORA,Commune_F,P2AE_TFO,Travaux HTA,Transformateur 160 kVA,8ae558c8,U,1.0,1.0,0.0,1.0,0.1667,1.0,0.1667,En Cours,88.91916439600362,100.0,95.1465940054496,0
HC-34,002a8a20,ATA_Nat_02,Localite_051,ATACORA,Commune_F,P2AE_Terre,Travaux BT,Mise à la terre,002f1a3d,U,34.0,34.0,0.0,1.0,0.0667,34.0,0.0667,En Cours,88.91916439600362,100.0,95.1465940054496,0
HC-48,9f11f717,ATA_Nat_03,Localite_053,ATACORA,Commune_F,P2AE_Cable_BT,Travaux BT,PRC 50mm²,8e6b4946,m,18980.0,17486.97,1493.0299999999988,0.921336670179136,0.3111,25510.0,0.2132574036456291,En Cours,90.98978461648498,72.43668495014838,80.56294260400381,0
HC-49,51d6e5b9,ATA_Nat_03,Localite_053,ATACORA,Commune_F,P2AE_Cable_BT,Travaux BT,PRC 70mm²,59dc5a38,m,6530.0,3868.0,2662.0,0.592343032159265,0.3111,25510.0,0.0471711015288122,En Cours,90.98978461648498,72.43668495014838,80.56294260400381,0
HC-46,3c0c9fd1,ATA_Nat_03,Localite_053,ATACORA,Commune_F,P2AE_Cable_HTA,Travaux HTA,ASTER 54mm²,e9e0a228,m,1500.0,1502.0,0.0,1.0,0.3333,2850.0,0.1754210526315789,En Cours,90.98978461648498,72.43668495014838,80.56294260400381,0
HC-47,d315473f,ATA_Nat_03,Localite_053,ATACORA,Commune_F,P2AE_Cable_HTA,Travaux HTA,ASTER 75mm²,630f858d,m,1350.0,941.0,409.0,0.697037037037037,0.3333,2850.0,0.1100474736842105,En Cours,90.98978461648498,72.43668495014838,80.56294260400381,0
HC-50,c9874f00,ATA_Nat_03,Localite_053,ATACORA,Commune_F,P2AE_DMT,Travaux HTA,Point Double DMT-CC,a4425df9,U,3.0,3.0,0.0,1.0,0.0833,3.0,0.0833,En Cours,90.98978461648498,72.43668495014838,80.56294260400381,0
HC-53,ec97f54f,ATA_Nat_03,Localite_053,ATACORA,Commune_F,P2AE_EP,Travaux BT,EP,fbeef696,U,242.0,0.0,242.0,0.0,0.1556,242.0,0.0,En Cours,90.98978461648498,72.43668495014838,80.56294260400381,0
HC-56,f0a3f7fd,ATA_Nat_03,Localite_053,ATACORA,Commune_F,P2AE_Fouille_BT,Travaux BT,Fouille réseau basse tension,e221b25e,U,530.0,526.0,4.0,0.9924528301886792,0.0467,530.0,0.0463475471698113,En Cours,90.98978461648498,72.43668495014838,80.56294260400381,0
HC-55,2f35ed01,ATA_Nat_03,Localite_053,ATACORA,Commune_F,P2AE_Fouille_HTA,Travaux HTA,Fouille réseau haute tension,f03cfc0b,U,83.0,82.0,1.0,0.9879518072289156,0.0333,83.0,0.0328987951807228,En Cours,90.98978461648498,72.43668495014838,80.56294260400381,0
HC-51,668671ea,ATA_Nat_03,Localite_053,ATACORA,Commune_F,P2AE_IACM,Travaux HTA,IACM,21f4f4d7,U,3.0,3.0,0.0,1.0,0.0833,3.0,0.0833,En Cours,90.98978461648498,72.43668495014838,80.56294260400381,0
HC-37,4e9fdffe,ATA_Nat_03,Localite_053,ATACORA,Commune_F,P2AE_PBA_BT,Travaux BT,PBA 11C650,29ef61f5,U,2.0,2.0,0.0,1.0,0.42,539.0,0.0015584415584415,En Cours,90.98978461648498,72.43668495014838,80.56294260400381,0
HC-38,c51be165,ATA_Nat_03,Localite_053,ATACORA,Commune_F,P2AE_PBA_BT,Travaux BT,PBA 9A200,2ec17c4d,U,292.0,291.0,1.0,0.9965753424657534,0.42,539.0,0.2267532467532467,En Cours,90.98978461648498,72.43668495014838,80.56294260400381,0
HC-39,4e9fdgfe,ATA_Nat_03,Localite_053,ATACORA,Commune_F,P2AE_PBA_BT,Travaux BT,PBA 9A650,215ac167,U,219.0,222.0,0.0,1.0,0.42,539.0,0.1706493506493506,En Cours,90.98978461648498,72.43668495014838,80.56294260400381,0
HC-40,5c92c4a6,ATA_Nat_03,Localite_053,ATACORA,Commune_F,P2AE_PBA_BT,Travaux BT,PBA 9C650,9c6af0a4,U,26.0,23.0,3.0,0.8846153846153846,0.42,539.0,0.0179220779220779,En Cours,90.98978461648498,72.43668495014838,80.56294260400381,0
HC-41,e0b99835,ATA_Nat_03,Localite_053,ATACORA,Commune_F,P2AE_PBA_HTA,Travaux HTA,PBA 11A1250,058e9b6a,U,3.0,3.0,0.0,1.0,0.3,86.0,0.0104651162790697,En Cours,90.98978461648498,72.43668495014838,80.56294260400381,0
HC-42,c67b9eed,ATA_Nat_03,Localite_053,ATACORA,Commune_F,P2AE_PBA_HTA,Travaux HTA,PBA 12A800,46cfa5f8,U,4.0,3.0,1.0,0.75,0.3,86.0,0.0104651162790697,En Cours,90.98978461648498,72.43668495014838,80.56294260400381,0
HC-43,d2c2e4fe,ATA_Nat_03,Localite_053,ATACORA,Commune_F,P2AE_PBA_HTA,Travaux HTA,PBA 13A400,cd39f595,U,48.0,38.0,10.0,0.7916666666666666,0.3,86.0,0.1325581395348837,En Cours,90.98978461648498,72.43668495014838,80.56294260400381,0
HC-44,6540435b,ATA_Nat_03,Localite_053,ATACORA,Commune_F,P2AE_PBA_HTA,Travaux HTA,PBA 13C1250,50dc40e9,U,1.0,1.0,0.0,1.0,0.3,86.0,0.0034883720930232,En Cours,90.98978461648498,72.43668495014838,80.56294260400381,0
HC-45,4202c815,ATA_Nat_03,Localite_053,ATACORA,Commune_F,P2AE_PBA_HTA,Travaux HTA,PBA 13C800,d6344558,U,27.0,26.0,1.0,0.9629629629629628,0.3,86.0,0.0906976744186046,En Cours,90.98978461648498,72.43668495014838,80.56294260400381,0
HC-955,P2AE-OBJ-0a4c0354,ATA_Nat_03,Localite_053,ATACORA,Commune_F,P2AE_PBA_HTA,Travaux HTA,PBA 11C650,26e8ec03,U,3.0,3.0,0.0,1.0,0.3,86.0,0.0104651162790697,En Cours,90.98978461648498,72.43668495014838,80.56294260400381,0
HC-52,c296ab46,ATA_Nat_03,Localite_053,ATACORA,Commune_F,P2AE_TFO,Travaux HTA,Transformateur 160 kVA,8ae558c8,U,3.0,3.0,0.0,1.0,0.1667,3.0,0.1667,En Cours,90.98978461648498,72.43668495014838,80.56294260400381,0
HC-54,365bfb54,ATA_Nat_03,Localite_053,ATACORA,Commune_F,P2AE_Terre,Travaux BT,Mise à la terre,002f1a3d,U,171.0,2.0,169.0,0.0116959064327485,0.0667,171.0,0.0007801169590643,En Cours,90.98978461648498,72.43668495014838,80.56294260400381,0
HC-164,726edd68,ATA_Nat_10,Localite_054,ATACORA,Commune_F,P2AE_Cable_BT,Travaux BT,PRC 50mm²,8e6b4946,m,2248.0,2357.0,0.0,1.0,0.3111,2248.0,0.3111,Terminé,0.0,100.0,100.0,0
HC-165,4d52c880,ATA_Nat_10,Localite_054,ATACORA,Commune_F,P2AE_EP,Travaux BT,EP,fbeef696,U,15.0,15.0,0.0,1.0,0.1556,15.0,0.1556,Terminé,0.0,100.0,100.0,0
HC-167,2ea85bd7,ATA_Nat_10,Localite_054,ATACORA,Commune_F,P2AE_Fouille_BT,Travaux BT,Fouille réseau basse tension,e221b25e,U,56.0,56.0,0.0,1.0,0.0467,56.0,0.0467,Terminé,0.0,100.0,100.0,0
HC-160,7066fc69,ATA_Nat_10,Localite_054,ATACORA,Commune_F,P2AE_PBA_BT,Travaux BT,PBA 11C650,29ef61f5,U,1.0,1.0,0.0,1.0,0.42,55.0,0.0076363636363636,Terminé,0.0,100.0,100.0,0
HC-161,29f9b911,ATA_Nat_10,Localite_054,ATACORA,Commune_F,P2AE_PBA_BT,Travaux BT,PBA 9A200,2ec17c4d,U,21.0,21.0,0.0,1.0,0.42,55.0,0.1603636363636363,Terminé,0.0,100.0,100.0,0
HC-162,f86d6aab,ATA_Nat_10,Localite_054,ATACORA,Commune_F,P2AE_PBA_BT,Travaux BT,PBA 9A650,215ac167,U,30.0,30.0,0.0,1.0,0.42,55.0,0.229090909090909,Terminé,0.0,100.0,100.0,0
HC-163,f613024b,ATA_Nat_10,Localite_054,ATACORA,Commune_F,P2AE_PBA_BT,Travaux BT,PBA 9C650,9c6af0a4,U,3.0,3.0,0.0,1.0,0.42,55.0,0.0229090909090909,Terminé,0.0,100.0,100.0,0
HC-166,69b9c1c6,ATA_Nat_10,Localite_054,ATACORA,Commune_F,P2AE_Terre,Travaux BT,Mise à la terre,002f1a3d,U,15.0,17.0,0.0,1.0,0.0667,15.0,0.0667,Terminé,0.0,100.0,100.0,0
HC-709,9ab37f26,BOR_Par_01,Localite_004,BORGOU,Commune_H,P2AE_Cable_BT,Travaux BT,PRC 70mm²,59dc5a38,m,1980.0,0.0,1980.0,0.0,0.3111,5990.0,0.0,En Cours,3.0741535692030744,33.97160283971603,20.43852005923136,0
HC-710,a59941e2,BOR_Par_01,Localite_004,BORGOU,Commune_H,P2AE_Cable_BT,Travaux BT,PRC 50mm²,8e6b4946,m,4010.0,0.0,4010.0,0.0,0.3111,5990.0,0.0,En Cours,3.0741535692030744,33.97160283971603,20.43852005923136,0
HC-715,514e4c9c,BOR_Par_01,Localite_004,BORGOU,Commune_H,P2AE_Cable_HTA,Travaux HTA,ASTER 54mm²,e9e0a228,m,330.0,0.0,330.0,0.0,0.3333,330.0,0.0,En Cours,3.0741535692030744,33.97160283971603,20.43852005923136,0
HC-716,c6d93d91,BOR_Par_01,Localite_004,BORGOU,Commune_H,P2AE_DMT,Travaux HTA,Point Double DMT-CC,a4425df9,U,1.0,0.0,1.0,0.0,0.0833,1.0,0.0,En Cours,3.0741535692030744,33.97160283971603,20.43852005923136,0
HC-719,e48a05e7,BOR_Par_01,Localite_004,BORGOU,Commune_H,P2AE_EP,Travaux BT,EP,fbeef696,U,57.0,0.0,57.0,0.0,0.1556,57.0,0.0,En Cours,3.0741535692030744,33.97160283971603,20.43852005923136,0
HC-722,5ba09d65,BOR_Par_01,Localite_004,BORGOU,Commune_H,P2AE_Fouille_BT,Travaux BT,Fouille réseau basse tension,e221b25e,U,148.0,74.0,74.0,0.5,0.0467,148.0,0.02335,En Cours,3.0741535692030744,33.97160283971603,20.43852005923136,0
HC-721,b4e16d19,BOR_Par_01,Localite_004,BORGOU,Commune_H,P2AE_Fouille_HTA,Travaux HTA,Fouille réseau haute tension,f03cfc0b,U,13.0,12.0,1.0,0.9230769230769232,0.0333,13.0,0.0307384615384615,En Cours,3.0741535692030744,33.97160283971603,20.43852005923136,0
HC-717,545b09d4,BOR_Par_01,Localite_004,BORGOU,Commune_H,P2AE_IACM,Travaux HTA,IACM,21f4f4d7,U,3.0,0.0,3.0,0.0,0.0833,3.0,0.0,En Cours,3.0741535692030744,33.97160283971603,20.43852005923136,0
HC-705,69cedd8c,BOR_Par_01,Localite_004,BORGOU,Commune_H,P2AE_PBA_BT,Travaux BT,PBA 9A200,2ec17c4d,U,71.0,59.0,12.0,0.8309859154929577,0.42,150.0,0.1651999999999999,En Cours,3.0741535692030744,33.97160283971603,20.43852005923136,0
HC-706,8501u1557,BOR_Par_01,Localite_004,BORGOU,Commune_H,P2AE_PBA_BT,Travaux BT,PBA 9A650,215ac167,U,66.0,44.0,22.0,0.6666666666666666,0.42,150.0,0.1231999999999999,En Cours,3.0741535692030744,33.97160283971603,20.43852005923136,0
HC-707,cd4b4e10,BOR_Par_01,Localite_004,BORGOU,Commune_H,P2AE_PBA_BT,Travaux BT,PBA 9C650,9c6af0a4,U,12.0,10.0,2.0,0.8333333333333334,0.42,150.0,0.0279999999999999,En Cours,3.0741535692030744,33.97160283971603,20.43852005923136,0
HC-708,7abebc4d,BOR_Par_01,Localite_004,BORGOU,Commune_H,P2AE_PBA_BT,Travaux BT,PBA 11C650,26e8ec03,U,1.0,0.0,1.0,0.0,0.42,150.0,0.0,En Cours,3.0741535692030744,33.97160283971603,20.43852005923136,0
HC-711,ce537eb5,BOR_Par_01,Localite_004,BORGOU,Commune_H,P2AE_PBA_HTA,Travaux HTA,PBA 13A400,cd39f595,U,4.0,0.0,4.0,0.0,0.3,13.0,0.0,En Cours,3.0741535692030744,33.97160283971603,20.43852005923136,0
HC-712,56412c9f,BOR_Par_01,Localite_004,BORGOU,Commune_H,P2AE_PBA_HTA,Travaux HTA,PBA 12A800,46cfa5f8,U,1.0,0.0,1.0,0.0,0.3,13.0,0.0,En Cours,3.0741535692030744,33.97160283971603,20.43852005923136,0
HC-713,40934e6c,BOR_Par_01,Localite_004,BORGOU,Commune_H,P2AE_PBA_HTA,Travaux HTA,PBA 11A1250,058e9b6a,U,1.0,0.0,1.0,0.0,0.3,13.0,0.0,En Cours,3.0741535692030744,33.97160283971603,20.43852005923136,0
HC-714,2aa195e8,BOR_Par_01,Localite_004,BORGOU,Commune_H,P2AE_PBA_HTA,Travaux HTA,PBA 13C800,d6344558,U,7.0,0.0,7.0,0.0,0.3,13.0,0.0,En Cours,3.0741535692030744,33.97160283971603,20.43852005923136,0
HC-718,a9461dbe,BOR_Par_01,Localite_004,BORGOU,Commune_H,P2AE_TFO,Travaux HTA,Transformateur 160 kVA,8ae558c8,U,9.0,0.0,9.0,0.0,0.1667,9.0,0.0,En Cours,3.0741535692030744,33.97160283971603,20.43852005923136,0
HC-720,e40d8d02,BOR_Par_01,Localite_004,BORGOU,Commune_H,P2AE_Terre,Travaux BT,Mise à la terre,002f1a3d,U,47.0,0.0,47.0,0.0,0.0667,47.0,0.0,En Cours,3.0741535692030744,33.97160283971603,20.43852005923136,0
HC-790,37ee6cae,BOR_Par_05,Localite_007,BORGOU,Commune_H,P2AE_Cable_BT,Travaux BT,PRC 50mm²,8e6b4946,m,11370.0,0.0,11370.0,0.0,0.3111,19170.0,0.0,En Cours,31.533153315331536,46.289292902314216,39.826103763215805,0
HC-791,b0f9b68b,BOR_Par_05,Localite_007,BORGOU,Commune_H,P2AE_Cable_BT,Travaux BT,PRC 70mm²,59dc5a38,m,7800.0,0.0,7800.0,0.0,0.3111,19170.0,0.0,En Cours,31.533153315331536,46.289292902314216,39.826103763215805,0
HC-788,68cec3dd,BOR_Par_05,Localite_007,BORGOU,Commune_H,P2AE_Cable_HTA,Travaux HTA,ASTER 54mm²,e9e0a228,m,760.0,0.0,760.0,0.0,0.3333,2620.0,0.0,En Cours,31.533153315331536,46.289292902314216,39.826103763215805,0
HC-789,f713eed8,BOR_Par_05,Localite_007,BORGOU,Commune_H,P2AE_Cable_HTA,Travaux HTA,ASTER 75mm²,630f858d,m,1860.0,0.0,1860.0,0.0,0.3333,2620.0,0.0,En Cours,31.533153315331536,46.289292902314216,39.826103763215805,0
HC-792,8e29400b,BOR_Par_05,Localite_007,BORGOU,Commune_H,P2AE_DMT,Travaux HTA,Point Double DMT-CC,a4425df9,U,3.0,0.0,3.0,0.0,0.0833,3.0,0.0,En Cours,31.533153315331536,46.289292902314216,39.826103763215805,0
HC-795,54f0712b,BOR_Par_05,Localite_007,BORGOU,Commune_H,P2AE_EP,Travaux BT,EP,fbeef696,U,132.0,0.0,132.0,0.0,0.1556,132.0,0.0,En Cours,31.533153315331536,46.289292902314216,39.826103763215805,0
HC-798,b0efc3b2,BOR_Par_05,Localite_007,BORGOU,Commune_H,P2AE_Fouille_BT,Travaux BT,Fouille réseau basse tension,e221b25e,U,412.0,406.0,6.0,0.9854368932038836,0.0467,412.0,0.0460199029126213,En Cours,31.533153315331536,46.289292902314216,39.826103763215805,0
HC-797,905bb8c6,BOR_Par_05,Localite_007,BORGOU,Commune_H,P2AE_Fouille_HTA,Travaux HTA,Fouille réseau haute tension,f03cfc0b,U,47.0,47.0,0.0,1.0,0.0333,47.0,0.0333,En Cours,31.533153315331536,46.289292902314216,39.826103763215805,0
HC-793,faf4209c,BOR_Par_05,Localite_007,BORGOU,Commune_H,P2AE_IACM,Travaux HTA,IACM,21f4f4d7,U,3.0,0.0,3.0,0.0,0.0833,3.0,0.0,En Cours,31.533153315331536,46.289292902314216,39.826103763215805,0
HC-779,b4a7ec84,BOR_Par_05,Localite_007,BORGOU,Commune_H,P2AE_PBA_BT,Travaux BT,PBA 11C650,29ef61f5,U,1.0,1.0,0.0,1.0,0.42,409.0,0.0010268948655256,En Cours,31.533153315331536,46.289292902314216,39.826103763215805,0
HC-780,e6bd2564,BOR_Par_05,Localite_007,BORGOU,Commune_H,P2AE_PBA_BT,Travaux BT,PBA 9A200,2ec17c4d,U,258.0,258.0,0.0,1.0,0.42,409.0,0.2649388753056235,En Cours,31.533153315331536,46.289292902314216,39.826103763215805,0
HC-781,6d898f41,BOR_Par_05,Localite_007,BORGOU,Commune_H,P2AE_PBA_BT,Travaux BT,PBA 9A650,215ac167,U,132.0,130.0,2.0,0.9848484848484848,0.42,409.0,0.1334963325183374,En Cours,31.533153315331536,46.289292902314216,39.826103763215805,0
HC-782,746a34ce,BOR_Par_05,Localite_007,BORGOU,Commune_H,P2AE_PBA_BT,Travaux BT,PBA 9C650,9c6af0a4,U,17.0,17.0,0.0,1.0,0.42,409.0,0.0174572127139364,En Cours,31.533153315331536,46.289292902314216,39.826103763215805,0
HC-783,3ca71575,BOR_Par_05,Localite_007,BORGOU,Commune_H,P2AE_PBA_BT,Travaux BT,PBA 9C800,526229bb,U,1.0,0.0,1.0,0.0,0.42,409.0,0.0,En Cours,31.533153315331536,46.289292902314216,39.826103763215805,0
HC-784,157f4e0c,BOR_Par_05,Localite_007,BORGOU,Commune_H,P2AE_PBA_HTA,Travaux HTA,PBA 11A1250,058e9b6a,U,3.0,3.0,0.0,1.0,0.3,50.0,0.018,En Cours,31.533153315331536,46.289292902314216,39.826103763215805,0
HC-785,9c29f0bc,BOR_Par_05,Localite_007,BORGOU,Commune_H,P2AE_PBA_HTA,Travaux HTA,PBA 12A800,46cfa5f8,U,4.0,3.0,1.0,0.75,0.3,50.0,0.018,En Cours,31.533153315331536,46.289292902314216,39.826103763215805,0
HC-786,3ecd0be7,BOR_Par_05,Localite_007,BORGOU,Commune_H,P2AE_PBA_HTA,Travaux HTA,PBA 13A400,cd39f595,U,26.0,26.0,0.0,1.0,0.3,50.0,0.156,En Cours,31.533153315331536,46.289292902314216,39.826103763215805,0
HC-787,7a7232fd,BOR_Par_05,Localite_007,BORGOU,Commune_H,P2AE_PBA_HTA,Travaux HTA,PBA 13C800,d6344558,U,14.0,12.0,2.0,0.8571428571428571,0.3,50.0,0.072,En Cours,31.533153315331536,46.289292902314216,39.826103763215805,0
HC-969,P2AE-OBJ-9d9f171a,BOR_Par_05,Localite_007,BORGOU,Commune_H,P2AE_PBA_HTA,Travaux HTA,PBA 11C650,26e8ec03,U,3.0,3.0,0.0,1.0,0.3,50.0,0.018,En Cours,31.533153315331536,46.289292902314216,39.826103763215805,0
HC-794,79190c7d,BOR_Par_05,Localite_007,BORGOU,Commune_H,P2AE_TFO,Travaux HTA,Transformateur 160 kVA,8ae558c8,U,3.0,0.0,3.0,0.0,0.1667,3.0,0.0,En Cours,31.533153315331536,46.289292902314216,39.826103763215805,0
HC-796,955c6d5f,BOR_Par_05,Localite_007,BORGOU,Commune_H,P2AE_Terre,Travaux BT,Mise à la terre,002f1a3d,U,126.0,0.0,126.0,0.0,0.0667,126.0,0.0,En Cours,31.533153315331536,46.289292902314216,39.826103763215805,0
HC-732,912e4b06,BOR_Par_02,Localite_008,BORGOU,Commune_H,P2AE_Cable_BT,Travaux BT,PRC 50mm²,8e6b4946,m,13850.0,0.0,13850.0,0.0,0.3111,20850.0,0.0,En Cours,21.252125212521246,42.007665696667765,32.91673896461159,0
HC-733,effa4d16,BOR_Par_02,Localite_008,BORGOU,Commune_H,P2AE_Cable_BT,Travaux BT,PRC 70mm²,59dc5a38,m,7000.0,0.0,7000.0,0.0,0.3111,20850.0,0.0,En Cours,21.252125212521246,42.007665696667765,32.91673896461159,0
HC-731,9b6c73b6,BOR_Par_02,Localite_008,BORGOU,Commune_H,P2AE_Cable_HTA,Travaux HTA,ASTER 54mm²,e9e0a228,m,720.0,0.0,720.0,0.0,0.3333,720.0,0.0,En Cours,21.252125212521246,42.007665696667765,32.91673896461159,0
HC-734,34b184cc,BOR_Par_02,Localite_008,BORGOU,Commune_H,P2AE_DMT,Travaux HTA,Point Double DMT-CC,a4425df9,U,2.0,0.0,2.0,0.0,0.0833,2.0,0.0,En Cours,21.252125212521246,42.007665696667765,32.91673896461159,0
HC-737,81668c5f,BOR_Par_02,Localite_008,BORGOU,Commune_H,P2AE_EP,Travaux BT,EP,fbeef696,U,119.0,0.0,119.0,0.0,0.1556,119.0,0.0,En Cours,21.252125212521246,42.007665696667765,32.91673896461159,0
HC-740,92d9fd75,BOR_Par_02,Localite_008,BORGOU,Commune_H,P2AE_Fouille_BT,Travaux BT,Fouille réseau basse tension,e221b25e,U,372.0,227.0,145.0,0.6102150537634409,0.0467,372.0,0.0284970430107526,En Cours,21.252125212521246,42.007665696667765,32.91673896461159,0
HC-739,7b919569,BOR_Par_02,Localite_008,BORGOU,Commune_H,P2AE_Fouille_HTA,Travaux HTA,Fouille réseau haute tension,f03cfc0b,U,22.0,0.0,22.0,0.0,0.0333,22.0,0.0,En Cours,21.252125212521246,42.007665696667765,32.91673896461159,0
HC-735,86fdb04f,BOR_Par_02,Localite_008,BORGOU,Commune_H,P2AE_IACM,Travaux HTA,IACM,21f4f4d7,U,2.0,0.0,2.0,0.0,0.0833,2.0,0.0,En Cours,21.252125212521246,42.007665696667765,32.91673896461159,0
HC-723,1a0ec717,BOR_Par_02,Localite_008,BORGOU,Commune_H,P2AE_PBA_BT,Travaux BT,PBA 9A200,2ec17c4d,U,229.0,216.0,13.0,0.9432314410480348,0.42,370.0,0.2451891891891892,En Cours,21.252125212521246,42.007665696667765,32.91673896461159,0
HC-724,9a4f792a,BOR_Par_02,Localite_008,BORGOU,Commune_H,P2AE_PBA_BT,Travaux BT,PBA 9A650,215ac167,U,126.0,115.0,11.0,0.9126984126984128,0.42,370.0,0.1305405405405405,En Cours,21.252125212521246,42.007665696667765,32.91673896461159,0
HC-725,200c96ef,BOR_Par_02,Localite_008,BORGOU,Commune_H,P2AE_PBA_BT,Travaux BT,PBA 9C650,9c6af0a4,U,15.0,14.0,1.0,0.9333333333333332,0.42,370.0,0.0158918918918918,En Cours,21.252125212521246,42.007665696667765,32.91673896461159,0
HC-726,7637eb98,BOR_Par_02,Localite_008,BORGOU,Commune_H,P2AE_PBA_HTA,Travaux HTA,PBA 11A1250,058e9b6a,U,2.0,1.0,1.0,0.5,0.3,24.0,0.0124999999999999,En Cours,21.252125212521246,42.007665696667765,32.91673896461159,0
HC-727,de3d3c17,BOR_Par_02,Localite_008,BORGOU,Commune_H,P2AE_PBA_HTA,Travaux HTA,PBA 12A800,46cfa5f8,U,1.0,1.0,0.0,1.0,0.3,24.0,0.0124999999999999,En Cours,21.252125212521246,42.007665696667765,32.91673896461159,0
HC-728,33e4c3ea,BOR_Par_02,Localite_008,BORGOU,Commune_H,P2AE_PBA_HTA,Travaux HTA,PBA 13A400,cd39f595,U,11.0,9.0,2.0,0.8181818181818182,0.3,24.0,0.1124999999999999,En Cours,21.252125212521246,42.007665696667765,32.91673896461159,0
HC-729,5d8db428,BOR_Par_02,Localite_008,BORGOU,Commune_H,P2AE_PBA_HTA,Travaux HTA,PBA 13C1250,50dc40e9,U,1.0,0.0,1.0,0.0,0.3,24.0,0.0,En Cours,21.252125212521246,42.007665696667765,32.91673896461159,0
HC-730,1abae342,BOR_Par_02,Localite_008,BORGOU,Commune_H,P2AE_PBA_HTA,Travaux HTA,PBA 13C800,d6344558,U,7.0,6.0,1.0,0.8571428571428571,0.3,24.0,0.075,En Cours,21.252125212521246,42.007665696667765,32.91673896461159,0
HC-970,P2AE-OBJ-0a96d740,BOR_Par_02,Localite_008,BORGOU,Commune_H,P2AE_PBA_HTA,Travaux HTA,PBA 11C650,26e8ec03,U,2.0,0.0,2.0,0.0,0.3,24.0,0.0,En Cours,21.252125212521246,42.007665696667765,32.91673896461159,0
HC-736,de4a78fd,BOR_Par_02,Localite_008,BORGOU,Commune_H,P2AE_TFO,Travaux HTA,Transformateur 160 kVA,8ae558c8,U,2.0,0.0,2.0,0.0,0.1667,2.0,0.0,En Cours,21.252125212521246,42.007665696667765,32.91673896461159,0
HC-738,6a5db012,BOR_Par_02,Localite_008,BORGOU,Commune_H,P2AE_Terre,Travaux BT,Mise à la terre,002f1a3d,U,102.0,0.0,102.0,0.0,0.0667,102.0,0.0,En Cours,21.252125212521246,42.007665696667765,32.91673896461159,0
HC-932,758bf13d,BOR_Tcha_04,Localite_009,BORGOU,Commune_I,P2AE_Cable_BT,Travaux BT,PRC 50mm²,8e6b4946,m,1133.0,1112.0,21.0,0.9814651368049426,0.3111,1324.0,0.2612864048338368,En Cours,0.0,72.79136134724897,40.90874507715392,0
HC-933,755b0540,BOR_Tcha_04,Localite_009,BORGOU,Commune_I,P2AE_Cable_BT,Travaux BT,PRC 70mm²,59dc5a38,m,191.0,0.0,191.0,0.0,0.3111,1324.0,0.0,En Cours,0.0,72.79136134724897,40.90874507715392,0
HC-934,992b3bfd,BOR_Tcha_04,Localite_009,BORGOU,Commune_I,P2AE_EP,Travaux BT,EP,fbeef696,U,13.0,0.0,13.0,0.0,0.1556,13.0,0.0,En Cours,0.0,72.79136134724897,40.90874507715392,0
HC-937,ff3f3493,BOR_Tcha_04,Localite_009,BORGOU,Commune_I,P2AE_Fouille_BT,Travaux BT,Fouille réseau basse tension,e221b25e,U,25.0,27.0,0.0,1.0,0.0467,25.0,0.0467,En Cours,0.0,72.79136134724897,40.90874507715392,0
HC-936,5990b71c,BOR_Tcha_04,Localite_009,BORGOU,Commune_I,P2AE_Fouille_HTA,Travaux HTA,Fouille réseau haute tension,f03cfc0b,U,3.0,0.0,3.0,0.0,0.0333,3.0,0.0,En Cours,0.0,72.79136134724897,40.90874507715392,0
HC-927,55bc03aa,BOR_Tcha_04,Localite_009,BORGOU,Commune_I,P2AE_PBA_BT,Travaux BT,PBA 9A200,2ec17c4d,U,12.0,12.0,0.0,1.0,0.42,25.0,0.2015999999999999,En Cours,0.0,72.79136134724897,40.90874507715392,0
HC-928,a096ac30,BOR_Tcha_04,Localite_009,BORGOU,Commune_I,P2AE_PBA_BT,Travaux BT,PBA 9A650,215ac167,U,10.0,10.0,0.0,1.0,0.42,25.0,0.168,En Cours,0.0,72.79136134724897,40.90874507715392,0
HC-929,bbc22fec,BOR_Tcha_04,Localite_009,BORGOU,Commune_I,P2AE_PBA_BT,Travaux BT,PBA 9C650,9c6af0a4,U,3.0,3.0,0.0,1.0,0.42,25.0,0.0503999999999999,En Cours,0.0,72.79136134724897,40.90874507715392,0
HC-930,1083c9ba,BOR_Tcha_04,Localite_009,BORGOU,Commune_I,P2AE_PBA_HTA,Travaux HTA,PBA 13A400,cd39f595,U,2.0,0.0,2.0,0.0,0.3,3.0,0.0,En Cours,0.0,72.79136134724897,40.90874507715392,0
HC-931,af84c445,BOR_Tcha_04,Localite_009,BORGOU,Commune_I,P2AE_PBA_HTA,Travaux HTA,PBA 13C800,d6344558,U,1.0,0.0,1.0,0.0,0.3,3.0,0.0,En Cours,0.0,72.79136134724897,40.90874507715392,0
HC-935,71a159b7,BOR_Tcha_04,Localite_009,BORGOU,Commune_I,P2AE_Terre,Travaux BT,Mise à la terre,002f1a3d,U,10.0,0.0,10.0,0.0,0.0667,10.0,0.0,En Cours,0.0,72.79136134724897,40.90874507715392,0
HC-808,22650bd9,BOR_Par_06,Localite_010,BORGOU,Commune_H,P2AE_Cable_BT,Travaux BT,PRC 50mm²,8e6b4946,m,12860.0,0.0,12860.0,0.0,0.3111,18630.0,0.0,En Cours,15.371010785289055,46.665333466653344,32.958420132215785,1
HC-809,296k79892,BOR_Par_06,Localite_010,BORGOU,Commune_H,P2AE_Cable_BT,Travaux BT,PRC 70mm²,59dc5a38,m,5770.0,0.0,5770.0,0.0,0.3111,18630.0,0.0,En Cours,15.371010785289055,46.665333466653344,32.958420132215785,1
HC-806,dc0d2840,BOR_Par_06,Localite_010,BORGOU,Commune_H,P2AE_Cable_HTA,Travaux HTA,ASTER 54mm²,e9e0a228,m,790.0,0.0,790.0,0.0,0.3333,2275.0,0.0,En Cours,15.371010785289055,46.665333466653344,32.958420132215785,1
HC-807,9cdf8375,BOR_Par_06,Localite_010,BORGOU,Commune_H,P2AE_Cable_HTA,Travaux HTA,ASTER 75mm²,630f858d,m,1485.0,0.0,1485.0,0.0,0.3333,2275.0,0.0,En Cours,15.371010785289055,46.665333466653344,32.958420132215785,1
HC-810,41e0e195,BOR_Par_06,Localite_010,BORGOU,Commune_H,P2AE_DMT,Travaux HTA,Point Double DMT-CC,a4425df9,U,3.0,0.0,3.0,0.0,0.0833,3.0,0.0,En Cours,15.371010785289055,46.665333466653344,32.958420132215785,1
HC-813,9a496e0d,BOR_Par_06,Localite_010,BORGOU,Commune_H,P2AE_EP,Travaux BT,EP,fbeef696,U,171.0,0.0,171.0,0.0,0.1556,171.0,0.0,En Cours,15.371010785289055,46.665333466653344,32.958420132215785,1
HC-816,954ff139,BOR_Par_06,Localite_010,BORGOU,Commune_H,P2AE_Fouille_BT,Travaux BT,Fouille réseau basse tension,e221b25e,U,454.0,481.0,0.0,1.0,0.0467,454.0,0.0467,En Cours,15.371010785289055,46.665333466653344,32.958420132215785,1
HC-815,67cd6881,BOR_Par_06,Localite_010,BORGOU,Commune_H,P2AE_Fouille_HTA,Travaux HTA,Fouille réseau haute tension,f03cfc0b,U,57.0,32.0,25.0,0.5614035087719298,0.0333,57.0,0.0186947368421052,En Cours,15.371010785289055,46.665333466653344,32.958420132215785,1
HC-811,20ee5d08,BOR_Par_06,Localite_010,BORGOU,Commune_H,P2AE_IACM,Travaux HTA,IACM,21f4f4d7,U,3.0,0.0,3.0,0.0,0.0833,3.0,0.0,En Cours,15.371010785289055,46.665333466653344,32.958420132215785,1
HC-799,7d3729b3,BOR_Par_06,Localite_010,BORGOU,Commune_H,P2AE_PBA_BT,Travaux BT,PBA 9A200,2ec17c4d,U,217.0,228.0,0.0,1.0,0.42,460.0,0.1981304347826087,En Cours,15.371010785289055,46.665333466653344,32.958420132215785,1
HC-800,d58d54da,BOR_Par_06,Localite_010,BORGOU,Commune_H,P2AE_PBA_BT,Travaux BT,PBA 9A650,215ac167,U,184.0,191.0,0.0,1.0,0.42,460.0,0.168,En Cours,15.371010785289055,46.665333466653344,32.958420132215785,1
HC-801,e15ee0b1,BOR_Par_06,Localite_010,BORGOU,Commune_H,P2AE_PBA_BT,Travaux BT,PBA 9C650,9c6af0a4,U,59.0,62.0,0.0,1.0,0.42,460.0,0.0538695652173913,En Cours,15.371010785289055,46.665333466653344,32.958420132215785,1
HC-802,bbe7f1d1,BOR_Par_06,Localite_010,BORGOU,Commune_H,P2AE_PBA_HTA,Travaux HTA,PBA 11A1250,058e9b6a,U,3.0,2.0,1.0,0.6666666666666666,0.3,60.0,0.01,En Cours,15.371010785289055,46.665333466653344,32.958420132215785,1
HC-803,205134bf,BOR_Par_06,Localite_010,BORGOU,Commune_H,P2AE_PBA_HTA,Travaux HTA,PBA 12A800,46cfa5f8,U,3.0,2.0,1.0,0.6666666666666666,0.3,60.0,0.01,En Cours,15.371010785289055,46.665333466653344,32.958420132215785,1
HC-804,205f134bf,BOR_Par_06,Localite_010,BORGOU,Commune_H,P2AE_PBA_HTA,Travaux HTA,PBA 13A400,cd39f595,U,25.0,12.0,13.0,0.48,0.3,60.0,0.06,En Cours,15.371010785289055,46.665333466653344,32.958420132215785,1
HC-805,1652a548,BOR_Par_06,Localite_010,BORGOU,Commune_H,P2AE_PBA_HTA,Travaux HTA,PBA 13C800,d6344558,U,26.0,10.0,16.0,0.3846153846153846,0.3,60.0,0.05,En Cours,15.371010785289055,46.665333466653344,32.958420132215785,1
HC-971,P2AE-OBJ-0206d066,BOR_Par_06,Localite_010,BORGOU,Commune_H,P2AE_PBA_HTA,Travaux HTA,PBA 11C650,26e8ec03,U,3.0,1.0,2.0,0.3333333333333333,0.3,60.0,0.005,En Cours,15.371010785289055,46.665333466653344,32.958420132215785,1
HC-812,27d331ec,BOR_Par_06,Localite_010,BORGOU,Commune_H,P2AE_TFO,Travaux HTA,Transformateur 160 kVA,8ae558c8,U,3.0,0.0,3.0,0.0,0.1667,3.0,0.0,En Cours,15.371010785289055,46.665333466653344,32.958420132215785,1
HC-814,38f9cfe4,BOR_Par_06,Localite_010,BORGOU,Commune_H,P2AE_Terre,Travaux BT,Mise à la terre,002f1a3d,U,114.0,0.0,114.0,0.0,0.0667,114.0,0.0,En Cours,15.371010785289055,46.665333466653344,32.958420132215785,1
HC-770,ac110117,BOR_Par_04,Localite_018,BORGOU,Commune_H,P2AE_Cable_BT,Travaux BT,PRC 50mm²,8e6b4946,m,16330.0,0.0,16330.0,0.0,0.3111,25192.0,0.0,En Cours,24.42619261926192,44.25419821354693,35.5695317632501,0
HC-771,1a49aa89,BOR_Par_04,Localite_018,BORGOU,Commune_H,P2AE_Cable_BT,Travaux BT,PRC 70mm²,59dc5a38,m,8862.0,0.0,8862.0,0.0,0.3111,25192.0,0.0,En Cours,24.42619261926192,44.25419821354693,35.5695317632501,0
HC-768,26260348o,BOR_Par_04,Localite_018,BORGOU,Commune_H,P2AE_Cable_HTA,Travaux HTA,ASTER 54mm²,e9e0a228,m,957.0,0.0,957.0,0.0,0.3333,2987.0,0.0,En Cours,24.42619261926192,44.25419821354693,35.5695317632501,0
HC-769,22c05b2e,BOR_Par_04,Localite_018,BORGOU,Commune_H,P2AE_Cable_HTA,Travaux HTA,ASTER 75mm²,630f858d,m,2030.0,0.0,2030.0,0.0,0.3333,2987.0,0.0,En Cours,24.42619261926192,44.25419821354693,35.5695317632501,0
HC-772,3fb88553,BOR_Par_04,Localite_018,BORGOU,Commune_H,P2AE_DMT,Travaux HTA,Point Double DMT-CC,a4425df9,U,4.0,0.0,4.0,0.0,0.0833,4.0,0.0,En Cours,24.42619261926192,44.25419821354693,35.5695317632501,0
HC-775,cbdc8e74,BOR_Par_04,Localite_018,BORGOU,Commune_H,P2AE_EP,Travaux BT,EP,fbeef696,U,167.0,0.0,167.0,0.0,0.1556,167.0,0.0,En Cours,24.42619261926192,44.25419821354693,35.5695317632501,0
HC-778,419ae2a6,BOR_Par_04,Localite_018,BORGOU,Commune_H,P2AE_Fouille_BT,Travaux BT,Fouille réseau basse tension,e221b25e,U,607.0,459.0,148.0,0.7561779242174629,0.0467,607.0,0.0353135090609555,En Cours,24.42619261926192,44.25419821354693,35.5695317632501,0
HC-777,79b4008c,BOR_Par_04,Localite_018,BORGOU,Commune_H,P2AE_Fouille_HTA,Travaux HTA,Fouille réseau haute tension,f03cfc0b,U,60.0,74.0,0.0,1.0,0.0333,60.0,0.0333,En Cours,24.42619261926192,44.25419821354693,35.5695317632501,0
HC-773,43130f43,BOR_Par_04,Localite_018,BORGOU,Commune_H,P2AE_IACM,Travaux HTA,IACM,21f4f4d7,U,4.0,0.0,4.0,0.0,0.0833,4.0,0.0,En Cours,24.42619261926192,44.25419821354693,35.5695317632501,0
HC-758,7e8660c1,BOR_Par_04,Localite_018,BORGOU,Commune_H,P2AE_PBA_BT,Travaux BT,PBA 11C650,29ef61f5,U,20.0,18.0,2.0,0.9,0.42,528.0,0.0143181818181818,En Cours,24.42619261926192,44.25419821354693,35.5695317632501,0
HC-759,9efe5442,BOR_Par_04,Localite_018,BORGOU,Commune_H,P2AE_PBA_BT,Travaux BT,PBA 9A200,2ec17c4d,U,288.0,285.0,3.0,0.9895833333333334,0.42,528.0,0.2267045454545454,En Cours,24.42619261926192,44.25419821354693,35.5695317632501,0
HC-760,ac6abb95,BOR_Par_04,Localite_018,BORGOU,Commune_H,P2AE_PBA_BT,Travaux BT,PBA 9A650,215ac167,U,188.0,182.0,6.0,0.9680851063829788,0.42,528.0,0.1447727272727272,En Cours,24.42619261926192,44.25419821354693,35.5695317632501,0
HC-761,97db0e47,BOR_Par_04,Localite_018,BORGOU,Commune_H,P2AE_PBA_BT,Travaux BT,PBA 9C650,9c6af0a4,U,30.0,27.0,3.0,0.9,0.42,528.0,0.0214772727272727,En Cours,24.42619261926192,44.25419821354693,35.5695317632501,0
HC-762,0c10778f,BOR_Par_04,Localite_018,BORGOU,Commune_H,P2AE_PBA_BT,Travaux BT,PBA 9C800,526229bb,U,2.0,0.0,2.0,0.0,0.42,528.0,0.0,En Cours,24.42619261926192,44.25419821354693,35.5695317632501,0
HC-763,aab08059,BOR_Par_04,Localite_018,BORGOU,Commune_H,P2AE_PBA_HTA,Travaux HTA,PBA 11A1250,058e9b6a,U,4.0,4.0,0.0,1.0,0.3,64.0,0.01875,En Cours,24.42619261926192,44.25419821354693,35.5695317632501,0
HC-764,fbcc8526,BOR_Par_04,Localite_018,BORGOU,Commune_H,P2AE_PBA_HTA,Travaux HTA,PBA 12A800,46cfa5f8,U,4.0,3.0,1.0,0.75,0.3,64.0,0.0140624999999999,En Cours,24.42619261926192,44.25419821354693,35.5695317632501,0
HC-765,d23ae406,BOR_Par_04,Localite_018,BORGOU,Commune_H,P2AE_PBA_HTA,Travaux HTA,PBA 13A400,cd39f595,U,34.0,40.0,0.0,1.0,0.3,64.0,0.159375,En Cours,24.42619261926192,44.25419821354693,35.5695317632501,0
HC-766,feb50dad,BOR_Par_04,Localite_018,BORGOU,Commune_H,P2AE_PBA_HTA,Travaux HTA,PBA 13C1250,50dc40e9,U,1.0,0.0,1.0,0.0,0.3,64.0,0.0,En Cours,24.42619261926192,44.25419821354693,35.5695317632501,0
HC-767,426a87e2,BOR_Par_04,Localite_018,BORGOU,Commune_H,P2AE_PBA_HTA,Travaux HTA,PBA 13C800,d6344558,U,17.0,0.0,17.0,0.0,0.3,64.0,0.0,En Cours,24.42619261926192,44.25419821354693,35.5695317632501,0
HC-968,P2AE-OBJ-a1f2d054,BOR_Par_04,Localite_018,BORGOU,Commune_H,P2AE_PBA_HTA,Travaux HTA,PBA 11C650,26e8ec03,U,4.0,4.0,0.0,1.0,0.3,64.0,0.01875,En Cours,24.42619261926192,44.25419821354693,35.5695317632501,0
HC-774,79c2367b,BOR_Par_04,Localite_018,BORGOU,Commune_H,P2AE_TFO,Travaux HTA,Transformateur 160 kVA,8ae558c8,U,4.0,0.0,4.0,0.0,0.1667,4.0,0.0,En Cours,24.42619261926192,44.25419821354693,35.5695317632501,0
HC-776,307b8a6d,BOR_Par_04,Localite_018,BORGOU,Commune_H,P2AE_Terre,Travaux BT,Mise à la terre,002f1a3d,U,175.0,0.0,175.0,0.0,0.0667,175.0,0.0,En Cours,24.42619261926192,44.25419821354693,35.5695317632501,0
HC-700,29e7d2b7,BOR_Dal_03,Localite_023,BORGOU,Commune_E,P2AE_Cable_BT,Travaux BT,PRC 50mm²,8e6b4946,m,7730.0,0.0,7730.0,0.0,0.3111,10445.0,0.0,En Cours,0.0,40.14689440146895,40.14689440146895,0
HC-701,db8db2ed,BOR_Dal_03,Localite_023,BORGOU,Commune_E,P2AE_Cable_BT,Travaux BT,PRC 70mm²,59dc5a38,m,2715.0,0.0,2715.0,0.0,0.3111,10445.0,0.0,En Cours,0.0,40.14689440146895,40.14689440146895,0
HC-702,3d5835ac,BOR_Dal_03,Localite_023,BORGOU,Commune_E,P2AE_EP,Travaux BT,EP,fbeef696,U,61.0,0.0,61.0,0.0,0.1556,61.0,0.0,En Cours,0.0,40.14689440146895,40.14689440146895,0
HC-704,c346c06f,BOR_Dal_03,Localite_023,BORGOU,Commune_E,P2AE_Fouille_BT,Travaux BT,Fouille réseau basse tension,e221b25e,U,242.0,156.0,86.0,0.6446280991735537,0.0467,242.0,0.0301041322314049,En Cours,0.0,40.14689440146895,40.14689440146895,0
HC-696,e01f4baf,BOR_Dal_03,Localite_023,BORGOU,Commune_E,P2AE_PBA_BT,Travaux BT,PBA 11C650,26e8ec03,U,2.0,0.0,2.0,0.0,0.42,242.0,0.0,En Cours,0.0,40.14689440146895,40.14689440146895,0
HC-697,e5474fbf,BOR_Dal_03,Localite_023,BORGOU,Commune_E,P2AE_PBA_BT,Travaux BT,PBA 9A200,2ec17c4d,U,120.0,97.0,23.0,0.8083333333333333,0.42,242.0,0.1683471074380165,En Cours,0.0,40.14689440146895,40.14689440146895,0
HC-698,1c7fe0bd,BOR_Dal_03,Localite_023,BORGOU,Commune_E,P2AE_PBA_BT,Travaux BT,PBA 9A650,215ac167,U,101.0,102.0,0.0,1.0,0.42,242.0,0.1752892561983471,En Cours,0.0,40.14689440146895,40.14689440146895,0
HC-699,b4409b88,BOR_Dal_03,Localite_023,BORGOU,Commune_E,P2AE_PBA_BT,Travaux BT,PBA 9C650,9c6af0a4,U,19.0,16.0,3.0,0.8421052631578947,0.42,242.0,0.0277685950413223,En Cours,0.0,40.14689440146895,40.14689440146895,0
HC-703,d3104aeb,BOR_Dal_03,Localite_023,BORGOU,Commune_E,P2AE_Terre,Travaux BT,Mise à la terre,002f1a3d,U,49.0,0.0,49.0,0.0,0.0667,49.0,0.0,En Cours,0.0,40.14689440146895,40.14689440146895,0
HC-888,87fead19,BOR_Tcha_01,Localite_026,BORGOU,Commune_I,P2AE_Cable_BT,Travaux BT,PRC 50mm²,8e6b4946,m,6020.0,3432.65,2587.35,0.5702076411960133,0.3111,6370.0,0.1676448061224489,En Cours,8.850243313101362,63.92236720632079,39.80077694109069,0
HC-889,87fead20,BOR_Tcha_01,Localite_026,BORGOU,Commune_I,P2AE_Cable_BT,Travaux BT,PRC 70mm²,59dc5a38,m,350.0,325.55,24.44999999999999,0.9301428571428572,0.3111,6370.0,0.0158993100470957,En Cours,8.850243313101362,63.92236720632079,39.80077694109069,0
HC-887,cd50c45d,BOR_Tcha_01,Localite_026,BORGOU,Commune_I,P2AE_Cable_HTA,Travaux HTA,ASTER 54mm²,e9e0a228,m,370.0,0.0,370.0,0.0,0.3333,370.0,0.0,En Cours,8.850243313101362,63.92236720632079,39.80077694109069,0
HC-890,bec678c2,BOR_Tcha_01,Localite_026,BORGOU,Commune_I,P2AE_DMT,Travaux HTA,Point Double DMT-CC,a4425df9,U,1.0,0.0,1.0,0.0,0.0833,1.0,0.0,En Cours,8.850243313101362,63.92236720632079,39.80077694109069,0
HC-893,cd78303a,BOR_Tcha_01,Localite_026,BORGOU,Commune_I,P2AE_EP,Travaux BT,EP,fbeef696,U,52.0,0.0,52.0,0.0,0.1556,52.0,0.0,En Cours,8.850243313101362,63.92236720632079,39.80077694109069,0
HC-896,137d5858,BOR_Tcha_01,Localite_026,BORGOU,Commune_I,P2AE_Fouille_BT,Travaux BT,Fouille réseau basse tension,e221b25e,U,121.0,132.0,0.0,1.0,0.0467,121.0,0.0467,En Cours,8.850243313101362,63.92236720632079,39.80077694109069,0
HC-895,7b506150,BOR_Tcha_01,Localite_026,BORGOU,Commune_I,P2AE_Fouille_HTA,Travaux HTA,Fouille réseau haute tension,f03cfc0b,U,33.0,9.0,24.0,0.2727272727272727,0.0333,33.0,0.0090818181818181,En Cours,8.850243313101362,63.92236720632079,39.80077694109069,0
HC-891,e579073d,BOR_Tcha_01,Localite_026,BORGOU,Commune_I,P2AE_IACM,Travaux HTA,IACM,21f4f4d7,U,1.0,0.0,1.0,0.0,0.0833,1.0,0.0,En Cours,8.850243313101362,63.92236720632079,39.80077694109069,0
HC-877,332f83f7,BOR_Tcha_01,Localite_026,BORGOU,Commune_I,P2AE_PBA_BT,Travaux BT,PBA 11C650,29ef61f5,U,5.0,5.0,0.0,1.0,0.42,115.0,0.0182608695652173,En Cours,8.850243313101362,63.92236720632079,39.80077694109069,0
HC-878,03e64732,BOR_Tcha_01,Localite_026,BORGOU,Commune_I,P2AE_PBA_BT,Travaux BT,PBA 9A200,2ec17c4d,U,66.0,73.0,0.0,1.0,0.42,115.0,0.2410434782608695,En Cours,8.850243313101362,63.92236720632079,39.80077694109069,0
HC-879,53f2b20e,BOR_Tcha_01,Localite_026,BORGOU,Commune_I,P2AE_PBA_BT,Travaux BT,PBA 9A650,215ac167,U,39.0,41.0,0.0,1.0,0.42,115.0,0.1424347826086956,En Cours,8.850243313101362,63.92236720632079,39.80077694109069,0
HC-880,ad32dc26,BOR_Tcha_01,Localite_026,BORGOU,Commune_I,P2AE_PBA_BT,Travaux BT,PBA 9C650,9c6af0a4,U,5.0,2.0,3.0,0.4,0.42,115.0,0.0073043478260869,En Cours,8.850243313101362,63.92236720632079,39.80077694109069,0
HC-881,71169bac,BOR_Tcha_01,Localite_026,BORGOU,Commune_I,P2AE_PBA_HTA,Travaux HTA,PBA 11A1250,058e9b6a,U,1.0,1.0,0.0,1.0,0.3,34.0,0.0088235294117647,En Cours,8.850243313101362,63.92236720632079,39.80077694109069,0
HC-882,89f19841,BOR_Tcha_01,Localite_026,BORGOU,Commune_I,P2AE_PBA_HTA,Travaux HTA,PBA 12A800,46cfa5f8,U,1.0,1.0,0.0,1.0,0.3,34.0,0.0088235294117647,En Cours,8.850243313101362,63.92236720632079,39.80077694109069,0
HC-883,e0419913,BOR_Tcha_01,Localite_026,BORGOU,Commune_I,P2AE_PBA_HTA,Travaux HTA,PBA 13A400,cd39f595,U,8.0,6.0,2.0,0.75,0.3,34.0,0.0529411764705882,En Cours,8.850243313101362,63.92236720632079,39.80077694109069,0
HC-884,fc331779,BOR_Tcha_01,Localite_026,BORGOU,Commune_I,P2AE_PBA_HTA,Travaux HTA,PBA 13C800,d6344558,U,1.0,1.0,0.0,1.0,0.3,34.0,0.0088235294117647,En Cours,8.850243313101362,63.92236720632079,39.80077694109069,0
HC-885,41be1136,BOR_Tcha_01,Localite_026,BORGOU,Commune_I,P2AE_PBA_HTA,Travaux HTA,PBA 14A1000,ffbf33ef,U,19.0,0.0,19.0,0.0,0.3,34.0,0.0,En Cours,8.850243313101362,63.92236720632079,39.80077694109069,0
HC-886,c9282d92,BOR_Tcha_01,Localite_026,BORGOU,Commune_I,P2AE_PBA_HTA,Travaux HTA,PBA 14C1000,f74fbc64,U,3.0,0.0,3.0,0.0,0.3,34.0,0.0,En Cours,8.850243313101362,63.92236720632079,39.80077694109069,0
HC-952,P2AE-OBJ-0f012762,BOR_Tcha_01,Localite_026,BORGOU,Commune_I,P2AE_PBA_HTA,Travaux HTA,PBA 11C650,26e8ec03,U,1.0,0.0,1.0,0.0,0.3,34.0,0.0,En Cours,8.850243313101362,63.92236720632079,39.80077694109069,0
HC-892,d9d55cf8,BOR_Tcha_01,Localite_026,BORGOU,Commune_I,P2AE_TFO,Travaux HTA,Transformateur 160 kVA,8ae558c8,U,1.0,0.0,1.0,0.0,0.1667,1.0,0.0,En Cours,8.850243313101362,63.92236720632079,39.80077694109069,0
HC-894,ce98695d,BOR_Tcha_01,Localite_026,BORGOU,Commune_I,P2AE_Terre,Travaux BT,Mise à la terre,002f1a3d,U,40.0,0.0,40.0,0.0,0.0667,40.0,0.0,En Cours,8.850243313101362,63.92236720632079,39.80077694109069,0
HC-921,40b3eacd,BOR_Tcha_03,Localite_027,BORGOU,Commune_I,P2AE_Cable_BT,Travaux BT,PRC 50mm²,8e6b4946,m,1396.0,1150.0,246.0,0.8237822349570201,0.3111,3258.0,0.1098112338858195,En Cours,0.0,64.18248485199665,36.07055648682212,0
HC-922,cb7771dc,BOR_Tcha_03,Localite_027,BORGOU,Commune_I,P2AE_Cable_BT,Travaux BT,PRC 70mm²,59dc5a38,m,1862.0,1468.0,394.0,0.7883995703544576,0.3111,3258.0,0.1401764272559852,En Cours,0.0,64.18248485199665,36.07055648682212,0
HC-920,392796c8,BOR_Tcha_03,Localite_027,BORGOU,Commune_I,P2AE_Cable_HTA,Travaux HTA,ASTER 54mm²,e9e0a228,m,1221.0,0.0,1221.0,0.0,0.3333,1221.0,0.0,En Cours,0.0,64.18248485199665,36.07055648682212,0
HC-923,9919e9f5,BOR_Tcha_03,Localite_027,BORGOU,Commune_I,P2AE_EP,Travaux BT,EP,fbeef696,U,29.0,0.0,29.0,0.0,0.1556,29.0,0.0,En Cours,0.0,64.18248485199665,36.07055648682212,0
HC-926,fb3bba75,BOR_Tcha_03,Localite_027,BORGOU,Commune_I,P2AE_Fouille_BT,Travaux BT,Fouille réseau basse tension,e221b25e,U,73.0,64.0,9.0,0.8767123287671232,0.0467,73.0,0.0409424657534246,En Cours,0.0,64.18248485199665,36.07055648682212,0
HC-925,9b0026f1,BOR_Tcha_03,Localite_027,BORGOU,Commune_I,P2AE_Fouille_HTA,Travaux HTA,Fouille réseau haute tension,f03cfc0b,U,7.0,0.0,7.0,0.0,0.0333,7.0,0.0,En Cours,0.0,64.18248485199665,36.07055648682212,0
HC-914,a6107a5e,BOR_Tcha_03,Localite_027,BORGOU,Commune_I,P2AE_PBA_BT,Travaux BT,PBA 11C650,29ef61f5,U,2.0,1.0,1.0,0.5,0.42,73.0,0.0057534246575342,En Cours,0.0,64.18248485199665,36.07055648682212,0
HC-915,0f5ae7cb,BOR_Tcha_03,Localite_027,BORGOU,Commune_I,P2AE_PBA_BT,Travaux BT,PBA 9A200,2ec17c4d,U,34.0,32.0,2.0,0.9411764705882352,0.42,73.0,0.1841095890410958,En Cours,0.0,64.18248485199665,36.07055648682212,0
HC-916,d843b262,BOR_Tcha_03,Localite_027,BORGOU,Commune_I,P2AE_PBA_BT,Travaux BT,PBA 9A650,215ac167,U,31.0,22.0,9.0,0.7096774193548387,0.42,73.0,0.1265753424657534,En Cours,0.0,64.18248485199665,36.07055648682212,0
HC-917,7fec8e1e,BOR_Tcha_03,Localite_027,BORGOU,Commune_I,P2AE_PBA_BT,Travaux BT,PBA 9C650,9c6af0a4,U,6.0,6.0,0.0,1.0,0.42,73.0,0.0345205479452054,En Cours,0.0,64.18248485199665,36.07055648682212,0
HC-918,1565b0147,BOR_Tcha_03,Localite_027,BORGOU,Commune_I,P2AE_PBA_HTA,Travaux HTA,PBA 12A800,46cfa5f8,U,2.0,0.0,2.0,0.0,0.3,7.0,0.0,En Cours,0.0,64.18248485199665,36.07055648682212,0
HC-919,c005f395,BOR_Tcha_03,Localite_027,BORGOU,Commune_I,P2AE_PBA_HTA,Travaux HTA,PBA 13C800,d6344558,U,5.0,0.0,5.0,0.0,0.3,7.0,0.0,En Cours,0.0,64.18248485199665,36.07055648682212,0
HC-924,84e99616,BOR_Tcha_03,Localite_027,BORGOU,Commune_I,P2AE_Terre,Travaux BT,Mise à la terre,002f1a3d,U,27.0,0.0,27.0,0.0,0.0667,27.0,0.0,En Cours,0.0,64.18248485199665,36.07055648682212,0
HC-847,8ed3259b,BOR_Par_08,Localite_028,BORGOU,Commune_H,P2AE_Cable_BT,Travaux BT,PRC 50mm²,8e6b4946,m,17090.0,16249.28,840.7200000000012,0.9508063194850788,0.3111,27840.0,0.1815786999999999,En Cours,83.23201792541063,75.64570068410201,78.96850763579519,0
HC-848,f9076ae5,BOR_Par_08,Localite_028,BORGOU,Commune_H,P2AE_Cable_BT,Travaux BT,PRC 70mm²,59dc5a38,m,10750.0,10560.3,189.70000000000076,0.9823534883720928,0.3111,27840.0,0.1180068006465517,En Cours,83.23201792541063,75.64570068410201,78.96850763579519,0
HC-845,7q0985427,BOR_Par_08,Localite_028,BORGOU,Commune_H,P2AE_Cable_HTA,Travaux HTA,ASTER 54mm²,e9e0a228,m,630.0,624.25,5.75,0.990873015873016,0.3333,1990.0,0.1045540326633165,En Cours,83.23201792541063,75.64570068410201,78.96850763579519,0
HC-846,ff87e787,BOR_Par_08,Localite_028,BORGOU,Commune_H,P2AE_Cable_HTA,Travaux HTA,ASTER 75mm²,630f858d,m,1360.0,1404.1,0.0,1.0,0.3333,1990.0,0.2277829145728643,En Cours,83.23201792541063,75.64570068410201,78.96850763579519,0
HC-849,b013d28d,BOR_Par_08,Localite_028,BORGOU,Commune_H,P2AE_DMT,Travaux HTA,Point Double DMT-CC,a4425df9,U,3.0,3.0,0.0,1.0,0.0833,3.0,0.0833,En Cours,83.23201792541063,75.64570068410201,78.96850763579519,0
HC-852,9e8519f3,BOR_Par_08,Localite_028,BORGOU,Commune_H,P2AE_EP,Travaux BT,EP,fbeef696,U,183.0,0.0,183.0,0.0,0.1556,183.0,0.0,En Cours,83.23201792541063,75.64570068410201,78.96850763579519,0
HC-855,ba6c5e71,BOR_Par_08,Localite_028,BORGOU,Commune_H,P2AE_Fouille_BT,Travaux BT,Fouille réseau basse tension,e221b25e,U,596.0,580.0,16.0,0.9731543624161074,0.0467,596.0,0.0454463087248322,En Cours,83.23201792541063,75.64570068410201,78.96850763579519,0
HC-854,ea81842f,BOR_Par_08,Localite_028,BORGOU,Commune_H,P2AE_Fouille_HTA,Travaux HTA,Fouille réseau haute tension,f03cfc0b,U,50.0,51.0,0.0,1.0,0.0333,50.0,0.0333,En Cours,83.23201792541063,75.64570068410201,78.96850763579519,0
HC-850,07344f0a,BOR_Par_08,Localite_028,BORGOU,Commune_H,P2AE_IACM,Travaux HTA,IACM,21f4f4d7,U,3.0,3.0,0.0,1.0,0.0833,3.0,0.0833,En Cours,83.23201792541063,75.64570068410201,78.96850763579519,0
HC-837,1ab69bbe,BOR_Par_08,Localite_028,BORGOU,Commune_H,P2AE_PBA_BT,Travaux BT,PBA 11C650,29ef61f5,U,3.0,5.0,0.0,1.0,0.42,593.0,0.0021247892074198,En Cours,83.23201792541063,75.64570068410201,78.96850763579519,0
HC-838,7392a1487,BOR_Par_08,Localite_028,BORGOU,Commune_H,P2AE_PBA_BT,Travaux BT,PBA 9A200,2ec17c4d,U,377.0,379.0,0.0,1.0,0.42,593.0,0.2670151770657673,En Cours,83.23201792541063,75.64570068410201,78.96850763579519,0
HC-839,83729d0e,BOR_Par_08,Localite_028,BORGOU,Commune_H,P2AE_PBA_BT,Travaux BT,PBA 9A650,215ac167,U,178.0,167.0,11.0,0.9382022471910112,0.42,593.0,0.1182799325463743,En Cours,83.23201792541063,75.64570068410201,78.96850763579519,0
HC-840,4cb8d0a2,BOR_Par_08,Localite_028,BORGOU,Commune_H,P2AE_PBA_BT,Travaux BT,PBA 9C650,9c6af0a4,U,35.0,34.0,1.0,0.9714285714285714,0.42,593.0,0.0240809443507588,En Cours,83.23201792541063,75.64570068410201,78.96850763579519,0
HC-841,f286993d,BOR_Par_08,Localite_028,BORGOU,Commune_H,P2AE_PBA_HTA,Travaux HTA,PBA 11A1250,058e9b6a,U,3.0,3.0,0.0,1.0,0.3,53.0,0.0169811320754716,En Cours,83.23201792541063,75.64570068410201,78.96850763579519,0
HC-842,4e732755,BOR_Par_08,Localite_028,BORGOU,Commune_H,P2AE_PBA_HTA,Travaux HTA,PBA 12A800,46cfa5f8,U,3.0,3.0,0.0,1.0,0.3,53.0,0.0169811320754716,En Cours,83.23201792541063,75.64570068410201,78.96850763579519,0
HC-843,1c48efae,BOR_Par_08,Localite_028,BORGOU,Commune_H,P2AE_PBA_HTA,Travaux HTA,PBA 13A400,cd39f595,U,27.0,27.0,0.0,1.0,0.3,53.0,0.1528301886792452,En Cours,83.23201792541063,75.64570068410201,78.96850763579519,0
HC-844,6cf9058a,BOR_Par_08,Localite_028,BORGOU,Commune_H,P2AE_PBA_HTA,Travaux HTA,PBA 13C800,d6344558,U,17.0,17.0,0.0,1.0,0.3,53.0,0.0962264150943396,En Cours,83.23201792541063,75.64570068410201,78.96850763579519,0
HC-951,P2AE-OBJ-5b0259b2,BOR_Par_08,Localite_028,BORGOU,Commune_H,P2AE_PBA_HTA,Travaux HTA,PBA 11C650,26e8ec03,U,3.0,3.0,0.0,1.0,0.3,53.0,0.0169811320754716,En Cours,83.23201792541063,75.64570068410201,78.96850763579519,0
HC-851,852e4b42,BOR_Par_08,Localite_028,BORGOU,Commune_H,P2AE_TFO,Travaux HTA,Transformateur 160 kVA,8ae558c8,U,3.0,0.0,3.0,0.0,0.1667,3.0,0.0,En Cours,83.23201792541063,75.64570068410201,78.96850763579519,0
HC-853,8a069ed2,BOR_Par_08,Localite_028,BORGOU,Commune_H,P2AE_Terre,Travaux BT,Mise à la terre,002f1a3d,U,163.0,0.0,163.0,0.0,0.0667,163.0,0.0,En Cours,83.23201792541063,75.64570068410201,78.96850763579519,0
HC-868,e805f2fd,BOR_Par_09,Localite_032,BORGOU,Commune_H,P2AE_Cable_BT,Travaux BT,PRC 50mm²,8e6b4946,m,22761.0,0.0,22761.0,0.0,0.3111,35332.0,0.0,En Cours,18.98763925305574,43.74166690248493,32.89940279203494,0
HC-869,7ec1b0c1,BOR_Par_09,Localite_032,BORGOU,Commune_H,P2AE_Cable_BT,Travaux BT,PRC 70mm²,59dc5a38,m,12571.0,0.0,12571.0,0.0,0.3111,35332.0,0.0,En Cours,18.98763925305574,43.74166690248493,32.89940279203494,0
HC-866,dc8d120a,BOR_Par_09,Localite_032,BORGOU,Commune_H,P2AE_Cable_HTA,Travaux HTA,ASTER 54mm²,e9e0a228,m,1091.0,0.0,1091.0,0.0,0.3333,3271.0,0.0,En Cours,18.98763925305574,43.74166690248493,32.89940279203494,0
HC-867,1046c187,BOR_Par_09,Localite_032,BORGOU,Commune_H,P2AE_Cable_HTA,Travaux HTA,ASTER 75mm²,630f858d,m,2180.0,0.0,2180.0,0.0,0.3333,3271.0,0.0,En Cours,18.98763925305574,43.74166690248493,32.89940279203494,0
HC-870,746de047,BOR_Par_09,Localite_032,BORGOU,Commune_H,P2AE_DMT,Travaux HTA,Point Double DMT-CC,a4425df9,U,5.0,0.0,5.0,0.0,0.0833,5.0,0.0,En Cours,18.98763925305574,43.74166690248493,32.89940279203494,0
HC-873,24ae6fb2,BOR_Par_09,Localite_032,BORGOU,Commune_H,P2AE_EP,Travaux BT,EP,fbeef696,U,229.0,0.0,229.0,0.0,0.1556,229.0,0.0,En Cours,18.98763925305574,43.74166690248493,32.89940279203494,0
HC-876,2c77da4d,BOR_Par_09,Localite_032,BORGOU,Commune_H,P2AE_Fouille_BT,Travaux BT,Fouille réseau basse tension,e221b25e,U,758.0,728.0,30.0,0.9604221635883904,0.0467,758.0,0.0448517150395778,En Cours,18.98763925305574,43.74166690248493,32.89940279203494,0
HC-875,2a4c07f8,BOR_Par_09,Localite_032,BORGOU,Commune_H,P2AE_Fouille_HTA,Travaux HTA,Fouille réseau haute tension,f03cfc0b,U,64.0,39.0,25.0,0.609375,0.0333,64.0,0.0202921875,En Cours,18.98763925305574,43.74166690248493,32.89940279203494,0
HC-871,e273ce8e,BOR_Par_09,Localite_032,BORGOU,Commune_H,P2AE_IACM,Travaux HTA,IACM,21f4f4d7,U,5.0,0.0,5.0,0.0,0.0833,5.0,0.0,En Cours,18.98763925305574,43.74166690248493,32.89940279203494,0
HC-856,63aee59a,BOR_Par_09,Localite_032,BORGOU,Commune_H,P2AE_PBA_BT,Travaux BT,PBA 11C650,29ef61f5,U,4.0,4.0,0.0,1.0,0.42,782.0,0.0021483375959079,En Cours,18.98763925305574,43.74166690248493,32.89940279203494,0
HC-857,f76b7771,BOR_Par_09,Localite_032,BORGOU,Commune_H,P2AE_PBA_BT,Travaux BT,PBA 9A200,2ec17c4d,U,480.0,443.0,37.0,0.9229166666666668,0.42,782.0,0.237928388746803,En Cours,18.98763925305574,43.74166690248493,32.89940279203494,0
HC-858,732766cc,BOR_Par_09,Localite_032,BORGOU,Commune_H,P2AE_PBA_BT,Travaux BT,PBA 9A650,215ac167,U,259.0,250.0,9.0,0.9652509652509652,0.42,782.0,0.1342710997442455,En Cours,18.98763925305574,43.74166690248493,32.89940279203494,0
HC-859,f4190a5d,BOR_Par_09,Localite_032,BORGOU,Commune_H,P2AE_PBA_BT,Travaux BT,PBA 9C650,9c6af0a4,U,38.0,34.0,4.0,0.8947368421052632,0.42,782.0,0.0182608695652173,En Cours,18.98763925305574,43.74166690248493,32.89940279203494,0
HC-860,11b9d43e,BOR_Par_09,Localite_032,BORGOU,Commune_H,P2AE_PBA_BT,Travaux BT,PBA 9C800,526229bb,U,1.0,0.0,1.0,0.0,0.42,782.0,0.0,En Cours,18.98763925305574,43.74166690248493,32.89940279203494,0
HC-861,e2618d03,BOR_Par_09,Localite_032,BORGOU,Commune_H,P2AE_PBA_HTA,Travaux HTA,PBA 11A1250,058e9b6a,U,5.0,4.0,1.0,0.8,0.3,69.0,0.017391304347826,En Cours,18.98763925305574,43.74166690248493,32.89940279203494,0
HC-862,efcc84c4,BOR_Par_09,Localite_032,BORGOU,Commune_H,P2AE_PBA_HTA,Travaux HTA,PBA 12A800,46cfa5f8,U,5.0,4.0,1.0,0.8,0.3,69.0,0.017391304347826,En Cours,18.98763925305574,43.74166690248493,32.89940279203494,0
HC-863,8621f898,BOR_Par_09,Localite_032,BORGOU,Commune_H,P2AE_PBA_HTA,Travaux HTA,PBA 13A400,cd39f595,U,35.0,22.0,13.0,0.6285714285714286,0.3,69.0,0.0956521739130434,En Cours,18.98763925305574,43.74166690248493,32.89940279203494,0
HC-864,32eba73e,BOR_Par_09,Localite_032,BORGOU,Commune_H,P2AE_PBA_HTA,Travaux HTA,PBA 13C1250,50dc40e9,U,1.0,0.0,1.0,0.0,0.3,69.0,0.0,En Cours,18.98763925305574,43.74166690248493,32.89940279203494,0
HC-865,5d5892b9,BOR_Par_09,Localite_032,BORGOU,Commune_H,P2AE_PBA_HTA,Travaux HTA,PBA 13C800,d6344558,U,18.0,7.0,11.0,0.3888888888888889,0.3,69.0,0.0304347826086956,En Cours,18.98763925305574,43.74166690248493,32.89940279203494,0
HC-972,P2AE-OBJ-d3088a80,BOR_Par_09,Localite_032,BORGOU,Commune_H,P2AE_PBA_HTA,Travaux HTA,PBA 11C650,26e8ec03,U,5.0,2.0,3.0,0.4,0.3,69.0,0.008695652173913,En Cours,18.98763925305574,43.74166690248493,32.89940279203494,0
HC-872,3e6beab5,BOR_Par_09,Localite_032,BORGOU,Commune_H,P2AE_TFO,Travaux HTA,Transformateur 160 kVA,8ae558c8,U,5.0,0.0,5.0,0.0,0.1667,5.0,0.0,En Cours,18.98763925305574,43.74166690248493,32.89940279203494,0
HC-874,6a97f9f2,BOR_Par_09,Localite_032,BORGOU,Commune_H,P2AE_Terre,Travaux BT,Mise à la terre,002f1a3d,U,216.0,0.0,216.0,0.0,0.0667,216.0,0.0,En Cours,18.98763925305574,43.74166690248493,32.89940279203494,0
HC-906,532f881e,BOR_Tcha_02,Localite_037,BORGOU,Commune_I,P2AE_Cable_BT,Travaux BT,PRC 50mm²,8e6b4946,m,1830.0,958.0,872.0,0.5234972677595628,0.3111,1830.0,0.16286,En Cours,2.3992509141023985,58.75012498750125,34.06844214335256,0
HC-905,0be3e1d7,BOR_Tcha_02,Localite_037,BORGOU,Commune_I,P2AE_Cable_HTA,Travaux HTA,ASTER 54mm²,e9e0a228,m,78.79,0.0,78.79,0.0,0.3333,78.79,0.0,En Cours,2.3992509141023985,58.75012498750125,34.06844214335256,0
HC-907,9a75a5bd,BOR_Tcha_02,Localite_037,BORGOU,Commune_I,P2AE_DMT,Travaux HTA,Point Double DMT-CC,a4425df9,U,1.0,0.0,1.0,0.0,0.0833,1.0,0.0,En Cours,2.3992509141023985,58.75012498750125,34.06844214335256,0
HC-910,702b42a7,BOR_Tcha_02,Localite_037,BORGOU,Commune_I,P2AE_EP,Travaux BT,EP,fbeef696,U,20.0,0.0,20.0,0.0,0.1556,20.0,0.0,En Cours,2.3992509141023985,58.75012498750125,34.06844214335256,0
HC-913,02d5e652,BOR_Tcha_02,Localite_037,BORGOU,Commune_I,P2AE_Fouille_BT,Travaux BT,Fouille réseau basse tension,e221b25e,U,30.0,32.0,0.0,1.0,0.0467,30.0,0.0467,En Cours,2.3992509141023985,58.75012498750125,34.06844214335256,0
HC-912,3222c307,BOR_Tcha_02,Localite_037,BORGOU,Commune_I,P2AE_Fouille_HTA,Travaux HTA,Fouille réseau haute tension,f03cfc0b,U,13.0,1.0,12.0,0.0769230769230769,0.0333,13.0,0.0025615384615384,En Cours,2.3992509141023985,58.75012498750125,34.06844214335256,0
HC-908,871f8a4a,BOR_Tcha_02,Localite_037,BORGOU,Commune_I,P2AE_IACM,Travaux HTA,IACM,21f4f4d7,U,1.0,0.0,1.0,0.0,0.0833,1.0,0.0,En Cours,2.3992509141023985,58.75012498750125,34.06844214335256,0
HC-897,b4a033ff,BOR_Tcha_02,Localite_037,BORGOU,Commune_I,P2AE_PBA_BT,Travaux BT,PBA 11C650,29ef61f5,U,5.0,4.0,1.0,0.8,0.42,30.0,0.056,En Cours,2.3992509141023985,58.75012498750125,34.06844214335256,0
HC-898,3fc7c3b6,BOR_Tcha_02,Localite_037,BORGOU,Commune_I,P2AE_PBA_BT,Travaux BT,PBA 9A200,2ec17c4d,U,9.0,9.0,0.0,1.0,0.42,30.0,0.126,En Cours,2.3992509141023985,58.75012498750125,34.06844214335256,0
HC-899,cb881354,BOR_Tcha_02,Localite_037,BORGOU,Commune_I,P2AE_PBA_BT,Travaux BT,PBA 9A650,215ac167,U,15.0,13.0,2.0,0.8666666666666667,0.42,30.0,0.182,En Cours,2.3992509141023985,58.75012498750125,34.06844214335256,0
HC-900,1f880df6,BOR_Tcha_02,Localite_037,BORGOU,Commune_I,P2AE_PBA_BT,Travaux BT,PBA 9C650,9c6af0a4,U,1.0,1.0,0.0,1.0,0.42,30.0,0.0139999999999999,En Cours,2.3992509141023985,58.75012498750125,34.06844214335256,0
HC-901,73e8b84d,BOR_Tcha_02,Localite_037,BORGOU,Commune_I,P2AE_PBA_HTA,Travaux HTA,PBA 11A1250,058e9b6a,U,1.0,0.0,1.0,0.0,0.3,14.0,0.0,En Cours,2.3992509141023985,58.75012498750125,34.06844214335256,0
HC-902,7e9e477c,BOR_Tcha_02,Localite_037,BORGOU,Commune_I,P2AE_PBA_HTA,Travaux HTA,PBA 12A800,46cfa5f8,U,1.0,1.0,0.0,1.0,0.3,14.0,0.0214285714285714,En Cours,2.3992509141023985,58.75012498750125,34.06844214335256,0
HC-903,e48280eb,BOR_Tcha_02,Localite_037,BORGOU,Commune_I,P2AE_PBA_HTA,Travaux HTA,PBA 13A400,cd39f595,U,4.0,0.0,4.0,0.0,0.3,14.0,0.0,En Cours,2.3992509141023985,58.75012498750125,34.06844214335256,0
HC-904,d5b2af21,BOR_Tcha_02,Localite_037,BORGOU,Commune_I,P2AE_PBA_HTA,Travaux HTA,PBA 13C800,d6344558,U,7.0,0.0,7.0,0.0,0.3,14.0,0.0,En Cours,2.3992509141023985,58.75012498750125,34.06844214335256,0
HC-953,P2AE-OBJ-a0cc85b1,BOR_Tcha_02,Localite_037,BORGOU,Commune_I,P2AE_PBA_HTA,Travaux HTA,PBA 11C650,26e8ec03,U,1.0,0.0,1.0,0.0,0.3,14.0,0.0,En Cours,2.3992509141023985,58.75012498750125,34.06844214335256,0
HC-909,13a91024,BOR_Tcha_02,Localite_037,BORGOU,Commune_I,P2AE_TFO,Travaux HTA,Transformateur 160 kVA,8ae558c8,U,1.0,0.0,1.0,0.0,0.1667,1.0,0.0,En Cours,2.3992509141023985,58.75012498750125,34.06844214335256,0
HC-911,460b42b2,BOR_Tcha_02,Localite_037,BORGOU,Commune_I,P2AE_Terre,Travaux BT,Mise à la terre,002f1a3d,U,19.0,0.0,19.0,0.0,0.0667,19.0,0.0,En Cours,2.3992509141023985,58.75012498750125,34.06844214335256,0
HC-828,70f53b98,BOR_Par_07,Localite_046,BORGOU,Commune_H,P2AE_Cable_BT,Travaux BT,PRC 50mm²,8e6b4946,m,32600.0,0.0,32600.0,0.0,0.3111,49229.0,0.0,En Cours,26.754200346720893,44.11733310721461,36.51228095811837,1
HC-829,ba715ede,BOR_Par_07,Localite_046,BORGOU,Commune_H,P2AE_Cable_BT,Travaux BT,PRC 70mm²,59dc5a38,m,16629.0,0.0,16629.0,0.0,0.3111,49229.0,0.0,En Cours,26.754200346720893,44.11733310721461,36.51228095811837,1
HC-826,14c7b85c,BOR_Par_07,Localite_046,BORGOU,Commune_H,P2AE_Cable_HTA,Travaux HTA,ASTER 54mm²,e9e0a228,m,1868.0,0.0,1868.0,0.0,0.3333,3423.0,0.0,En Cours,26.754200346720893,44.11733310721461,36.51228095811837,1
HC-827,5feadc2f,BOR_Par_07,Localite_046,BORGOU,Commune_H,P2AE_Cable_HTA,Travaux HTA,ASTER 75mm²,630f858d,m,1555.0,0.0,1555.0,0.0,0.3333,3423.0,0.0,En Cours,26.754200346720893,44.11733310721461,36.51228095811837,1
HC-830,6664c2c8,BOR_Par_07,Localite_046,BORGOU,Commune_H,P2AE_DMT,Travaux HTA,Point Double DMT-CC,a4425df9,U,6.0,0.0,6.0,0.0,0.0833,6.0,0.0,En Cours,26.754200346720893,44.11733310721461,36.51228095811837,1
HC-833,27bc4230,BOR_Par_07,Localite_046,BORGOU,Commune_H,P2AE_EP,Travaux BT,EP,fbeef696,U,366.0,0.0,366.0,0.0,0.1556,366.0,0.0,En Cours,26.754200346720893,44.11733310721461,36.51228095811837,1
HC-836,9effd2fc,BOR_Par_07,Localite_046,BORGOU,Commune_H,P2AE_Fouille_BT,Travaux BT,Fouille réseau basse tension,e221b25e,U,1066.0,934.0,132.0,0.8761726078799249,0.0467,1066.0,0.0409172607879924,En Cours,26.754200346720893,44.11733310721461,36.51228095811837,1
HC-835,f13dcd0e,BOR_Par_07,Localite_046,BORGOU,Commune_H,P2AE_Fouille_HTA,Travaux HTA,Fouille réseau haute tension,f03cfc0b,U,93.0,87.0,6.0,0.935483870967742,0.0333,93.0,0.0311516129032258,En Cours,26.754200346720893,44.11733310721461,36.51228095811837,1
HC-831,0380d004,BOR_Par_07,Localite_046,BORGOU,Commune_H,P2AE_IACM,Travaux HTA,IACM,21f4f4d7,U,6.0,0.0,6.0,0.0,0.0833,6.0,0.0,En Cours,26.754200346720893,44.11733310721461,36.51228095811837,1
HC-817,9f18285d,BOR_Par_07,Localite_046,BORGOU,Commune_H,P2AE_PBA_BT,Travaux BT,PBA 11C650,29ef61f5,U,16.0,6.0,10.0,0.375,0.42,1066.0,0.0023639774859287,En Cours,26.754200346720893,44.11733310721461,36.51228095811837,1
HC-818,0be0e267,BOR_Par_07,Localite_046,BORGOU,Commune_H,P2AE_PBA_BT,Travaux BT,PBA 9A200,2ec17c4d,U,623.0,613.0,10.0,0.9839486356340288,0.42,1066.0,0.2415196998123827,En Cours,26.754200346720893,44.11733310721461,36.51228095811837,1
HC-819,fc4d9735,BOR_Par_07,Localite_046,BORGOU,Commune_H,P2AE_PBA_BT,Travaux BT,PBA 9A650,215ac167,U,374.0,344.0,30.0,0.9197860962566844,0.42,1066.0,0.1355347091932457,En Cours,26.754200346720893,44.11733310721461,36.51228095811837,1
HC-820,866a8b06,BOR_Par_07,Localite_046,BORGOU,Commune_H,P2AE_PBA_BT,Travaux BT,PBA 9C650,9c6af0a4,U,53.0,53.0,0.0,1.0,0.42,1066.0,0.0208818011257035,En Cours,26.754200346720893,44.11733310721461,36.51228095811837,1
HC-821,43b071ab,BOR_Par_07,Localite_046,BORGOU,Commune_H,P2AE_PBA_HTA,Travaux HTA,PBA 11A1250,058e9b6a,U,6.0,4.0,2.0,0.6666666666666666,0.3,99.0,0.0121212121212121,En Cours,26.754200346720893,44.11733310721461,36.51228095811837,1
HC-822,6109a74a,BOR_Par_07,Localite_046,BORGOU,Commune_H,P2AE_PBA_HTA,Travaux HTA,PBA 12A800,46cfa5f8,U,7.0,5.0,2.0,0.7142857142857143,0.3,99.0,0.0151515151515151,En Cours,26.754200346720893,44.11733310721461,36.51228095811837,1
HC-823,c0eac664,BOR_Par_07,Localite_046,BORGOU,Commune_H,P2AE_PBA_HTA,Travaux HTA,PBA 13A400,cd39f595,U,43.0,48.0,0.0,1.0,0.3,99.0,0.1303030303030303,En Cours,26.754200346720893,44.11733310721461,36.51228095811837,1
HC-824,6016206d,BOR_Par_07,Localite_046,BORGOU,Commune_H,P2AE_PBA_HTA,Travaux HTA,PBA 13C1250,50dc40e9,U,4.0,5.0,0.0,1.0,0.3,99.0,0.0121212121212121,En Cours,26.754200346720893,44.11733310721461,36.51228095811837,1
HC-825,f07a2683,BOR_Par_07,Localite_046,BORGOU,Commune_H,P2AE_PBA_HTA,Travaux HTA,PBA 13C800,d6344558,U,33.0,19.0,14.0,0.5757575757575758,0.3,99.0,0.0575757575757575,En Cours,26.754200346720893,44.11733310721461,36.51228095811837,1
HC-950,P2AE-OBJ-8894ecde,BOR_Par_07,Localite_046,BORGOU,Commune_H,P2AE_PBA_HTA,Travaux HTA,PBA 11C650,26e8ec03,U,6.0,3.0,3.0,0.5,0.3,99.0,0.009090909090909,En Cours,26.754200346720893,44.11733310721461,36.51228095811837,1
HC-832,7e6d1447,BOR_Par_07,Localite_046,BORGOU,Commune_H,P2AE_TFO,Travaux HTA,Transformateur 160 kVA,8ae558c8,U,6.0,0.0,6.0,0.0,0.1667,6.0,0.0,En Cours,26.754200346720893,44.11733310721461,36.51228095811837,1
HC-834,43a06dd5,BOR_Par_07,Localite_046,BORGOU,Commune_H,P2AE_Terre,Travaux BT,Mise à la terre,002f1a3d,U,316.0,0.0,316.0,0.0,0.0667,316.0,0.0,En Cours,26.754200346720893,44.11733310721461,36.51228095811837,1
HC-688,2fab6710,BOR_Dal_02,Localite_047,BORGOU,Commune_E,P2AE_Cable_BT,Travaux BT,PRC 50mm²,8e6b4946,m,10933.0,0.0,10933.0,0.0,0.3111,17147.0,0.0,En Cours,32.73250992886135,44.38489943983091,39.28115283402624,0
HC-689,223bf758,BOR_Dal_02,Localite_047,BORGOU,Commune_E,P2AE_Cable_BT,Travaux BT,PRC 70mm²,59dc5a38,m,6214.0,0.0,6214.0,0.0,0.3111,17147.0,0.0,En Cours,32.73250992886135,44.38489943983091,39.28115283402624,0
HC-687,1c080681,BOR_Dal_02,Localite_047,BORGOU,Commune_E,P2AE_Cable_HTA,Travaux HTA,ASTER 54mm²,e9e0a228,m,388.24,0.0,388.24,0.0,0.3333,388.24,0.0,En Cours,32.73250992886135,44.38489943983091,39.28115283402624,0
HC-690,daeb4d01,BOR_Dal_02,Localite_047,BORGOU,Commune_E,P2AE_DMT,Travaux HTA,Point Double DMT-CC,a4425df9,U,1.0,0.0,1.0,0.0,0.0833,1.0,0.0,En Cours,32.73250992886135,44.38489943983091,39.28115283402624,0
HC-692,2fd83668,BOR_Dal_02,Localite_047,BORGOU,Commune_E,P2AE_EP,Travaux BT,EP,fbeef696,U,130.0,0.0,130.0,0.0,0.1556,130.0,0.0,En Cours,32.73250992886135,44.38489943983091,39.28115283402624,0
HC-695,570339fd,BOR_Dal_02,Localite_047,BORGOU,Commune_E,P2AE_Fouille_BT,Travaux BT,Fouille réseau basse tension,e221b25e,U,363.0,321.0,42.0,0.8842975206611571,0.0467,363.0,0.041296694214876,En Cours,32.73250992886135,44.38489943983091,39.28115283402624,0
HC-694,ee02887d,BOR_Dal_02,Localite_047,BORGOU,Commune_E,P2AE_Fouille_HTA,Travaux HTA,Fouille réseau haute tension,f03cfc0b,U,10.0,0.0,10.0,0.0,0.0333,10.0,0.0,En Cours,32.73250992886135,44.38489943983091,39.28115283402624,0
HC-691,5105b98b,BOR_Dal_02,Localite_047,BORGOU,Commune_E,P2AE_IACM,Travaux HTA,IACM,21f4f4d7,U,1.0,0.0,1.0,0.0,0.0833,1.0,0.0,En Cours,32.73250992886135,44.38489943983091,39.28115283402624,0
HC-679,bd5582d1,BOR_Dal_02,Localite_047,BORGOU,Commune_E,P2AE_PBA_BT,Travaux BT,PBA 9A200,2ec17c4d,U,216.0,209.0,7.0,0.9675925925925926,0.42,362.0,0.2424861878453038,En Cours,32.73250992886135,44.38489943983091,39.28115283402624,0
HC-680,142ab1a2,BOR_Dal_02,Localite_047,BORGOU,Commune_E,P2AE_PBA_BT,Travaux BT,PBA 9A650,215ac167,U,124.0,118.0,6.0,0.9516129032258064,0.42,362.0,0.1369060773480662,En Cours,32.73250992886135,44.38489943983091,39.28115283402624,0
HC-681,48d58c9f,BOR_Dal_02,Localite_047,BORGOU,Commune_E,P2AE_PBA_BT,Travaux BT,PBA 9C650,9c6af0a4,U,21.0,20.0,1.0,0.9523809523809524,0.42,362.0,0.0232044198895027,En Cours,32.73250992886135,44.38489943983091,39.28115283402624,0
HC-682,4d649164,BOR_Dal_02,Localite_047,BORGOU,Commune_E,P2AE_PBA_BT,Travaux BT,PBA 9C800,526229bb,U,1.0,0.0,1.0,0.0,0.42,362.0,0.0,En Cours,32.73250992886135,44.38489943983091,39.28115283402624,0
HC-683,d313edd0,BOR_Dal_02,Localite_047,BORGOU,Commune_E,P2AE_PBA_HTA,Travaux HTA,PBA 11A1250,058e9b6a,U,1.0,1.0,0.0,1.0,0.3,11.0,0.0272727272727272,En Cours,32.73250992886135,44.38489943983091,39.28115283402624,0
HC-684,2a36a598,BOR_Dal_02,Localite_047,BORGOU,Commune_E,P2AE_PBA_HTA,Travaux HTA,PBA 12A800,46cfa5f8,U,1.0,1.0,0.0,1.0,0.3,11.0,0.0272727272727272,En Cours,32.73250992886135,44.38489943983091,39.28115283402624,0
HC-685,7fdf98e7,BOR_Dal_02,Localite_047,BORGOU,Commune_E,P2AE_PBA_HTA,Travaux HTA,PBA 13A400,cd39f595,U,4.0,4.0,0.0,1.0,0.3,11.0,0.109090909090909,En Cours,32.73250992886135,44.38489943983091,39.28115283402624,0
HC-686,f855bd37,BOR_Dal_02,Localite_047,BORGOU,Commune_E,P2AE_PBA_HTA,Travaux HTA,PBA 13C800,d6344558,U,4.0,3.0,1.0,0.75,0.3,11.0,0.0818181818181818,En Cours,32.73250992886135,44.38489943983091,39.28115283402624,0
HC-974,P2AE-OBJ-b47e558c,BOR_Dal_02,Localite_047,BORGOU,Commune_E,P2AE_PBA_HTA,Travaux HTA,PBA 11C650,26e8ec03,U,1.0,1.0,0.0,1.0,0.3,11.0,0.0272727272727272,En Cours,32.73250992886135,44.38489943983091,39.28115283402624,0
HC-693,28f9e9b0,BOR_Dal_02,Localite_047,BORGOU,Commune_E,P2AE_Terre,Travaux BT,Mise à la terre,002f1a3d,U,101.0,0.0,101.0,0.0,0.0667,101.0,0.0,En Cours,32.73250992886135,44.38489943983091,39.28115283402624,0
HC-672,8c94279b,BOR_Dal_01,Localite_052,BORGOU,Commune_E,P2AE_Cable_BT,Travaux BT,PRC 70mm²,59dc5a38,m,3156.0,0.0,3156.0,0.0,0.3111,6341.0,0.0,En Cours,6.2172434486897385,42.72483862724839,26.734511939039702,0
HC-982,P2AE-OBJ-b230a8a0,BOR_Dal_01,Localite_052,BORGOU,Commune_E,P2AE_Cable_BT,Travaux BT,PRC 50mm²,8e6b4946,m,3185.0,0.0,3185.0,0.0,0.3111,6341.0,0.0,En Cours,6.2172434486897385,42.72483862724839,26.734511939039702,0
HC-671,0f27a0d0,BOR_Dal_01,Localite_052,BORGOU,Commune_E,P2AE_Cable_HTA,Travaux HTA,ASTER 75mm²,630f858d,m,0.0,0.0,0.0,0.0,0.3333,0.0,0.0,En Cours,6.2172434486897385,42.72483862724839,26.734511939039702,0
HC-673,f9b5bb1c,BOR_Dal_01,Localite_052,BORGOU,Commune_E,P2AE_DMT,Travaux HTA,Point Double DMT-CC,a4425df9,U,1.0,0.0,1.0,0.0,0.0833,1.0,0.0,En Cours,6.2172434486897385,42.72483862724839,26.734511939039702,0
HC-675,962b8573,BOR_Dal_01,Localite_052,BORGOU,Commune_E,P2AE_EP,Travaux BT,EP,fbeef696,U,54.0,0.0,54.0,0.0,0.1556,54.0,0.0,En Cours,6.2172434486897385,42.72483862724839,26.734511939039702,0
HC-678,360f6f8f,BOR_Dal_01,Localite_052,BORGOU,Commune_E,P2AE_Fouille_BT,Travaux BT,Fouille réseau basse tension,e221b25e,U,90.0,86.0,4.0,0.9555555555555556,0.0467,90.0,0.0446244444444444,En Cours,6.2172434486897385,42.72483862724839,26.734511939039702,0
HC-677,a088150e,BOR_Dal_01,Localite_052,BORGOU,Commune_E,P2AE_Fouille_HTA,Travaux HTA,Fouille réseau haute tension,f03cfc0b,U,15.0,14.0,1.0,0.9333333333333332,0.0333,15.0,0.03108,En Cours,6.2172434486897385,42.72483862724839,26.734511939039702,0
HC-674,af87ed42,BOR_Dal_01,Localite_052,BORGOU,Commune_E,P2AE_IACM,Travaux HTA,IACM,21f4f4d7,U,1.0,0.0,1.0,0.0,0.0833,1.0,0.0,En Cours,6.2172434486897385,42.72483862724839,26.734511939039702,0
HC-669,acb41d19,BOR_Dal_01,Localite_052,BORGOU,Commune_E,P2AE_PBA_BT,Travaux BT,PBA 9A200,2ec17c4d,U,52.0,50.0,2.0,0.9615384615384616,0.42,90.0,0.2333333333333333,En Cours,6.2172434486897385,42.72483862724839,26.734511939039702,0
HC-976,P2AE-OBJ-ee5e73ad,BOR_Dal_01,Localite_052,BORGOU,Commune_E,P2AE_PBA_BT,Travaux BT,PBA 9A650,215ac167,U,28.0,24.0,4.0,0.8571428571428571,0.42,90.0,0.112,En Cours,6.2172434486897385,42.72483862724839,26.734511939039702,0
HC-977,P2AE-OBJ-a10e0494,BOR_Dal_01,Localite_052,BORGOU,Commune_E,P2AE_PBA_BT,Travaux BT,PBA 9C650,9c6af0a4,U,9.0,8.0,1.0,0.8888888888888888,0.42,90.0,0.0373333333333333,En Cours,6.2172434486897385,42.72483862724839,26.734511939039702,0
HC-978,P2AE-OBJ-ae005ce0,BOR_Dal_01,Localite_052,BORGOU,Commune_E,P2AE_PBA_BT,Travaux BT,PBA 9C800,526229bb,U,1.0,0.0,1.0,0.0,0.42,90.0,0.0,En Cours,6.2172434486897385,42.72483862724839,26.734511939039702,0
HC-670,73f914d0,BOR_Dal_01,Localite_052,BORGOU,Commune_E,P2AE_PBA_HTA,Travaux HTA,PBA 11A1250,058e9b6a,U,0.0,0.0,0.0,0.0,0.3,15.0,0.0,En Cours,6.2172434486897385,42.72483862724839,26.734511939039702,0
HC-979,P2AE-OBJ-82c3bb9d,BOR_Dal_01,Localite_052,BORGOU,Commune_E,P2AE_PBA_HTA,Travaux HTA,PBA 11C650,26e8ec03,U,1.0,0.0,1.0,0.0,0.3,15.0,0.0,En Cours,6.2172434486897385,42.72483862724839,26.734511939039702,0
HC-980,P2AE-OBJ-0d05c903,BOR_Dal_01,Localite_052,BORGOU,Commune_E,P2AE_PBA_HTA,Travaux HTA,PBA 12A800,46cfa5f8,U,6.0,0.0,6.0,0.0,0.3,15.0,0.0,En Cours,6.2172434486897385,42.72483862724839,26.734511939039702,0
HC-981,P2AE-OBJ-51817102,BOR_Dal_01,Localite_052,BORGOU,Commune_E,P2AE_PBA_HTA,Travaux HTA,PBA 14A1000,ffbf33ef,U,8.0,0.0,8.0,0.0,0.3,15.0,0.0,En Cours,6.2172434486897385,42.72483862724839,26.734511939039702,0
HC-676,777f0856,BOR_Dal_01,Localite_052,BORGOU,Commune_E,P2AE_Terre,Travaux BT,Mise à la terre,002f1a3d,U,37.0,0.0,37.0,0.0,0.0667,37.0,0.0,En Cours,6.2172434486897385,42.72483862724839,26.734511939039702,0
HC-749,1f16a896,BOR_Par_03,Localite_055,BORGOU,Commune_H,P2AE_Cable_BT,Travaux BT,PRC 50mm²,8e6b4946,m,3840.0,3235.0,605.0,0.8424479166666666,0.3111,6350.0,0.1584895275590551,En Cours,71.32484999912421,73.79232554578647,72.71157125634839,0
HC-750,f7cc5dad,BOR_Par_03,Localite_055,BORGOU,Commune_H,P2AE_Cable_BT,Travaux BT,PRC 70mm²,59dc5a38,m,2510.0,2420.0,90.0,0.9641434262948207,0.3111,6350.0,0.1185609448818897,En Cours,71.32484999912421,73.79232554578647,72.71157125634839,0
HC-748,3b9ae7bf,BOR_Par_03,Localite_055,BORGOU,Commune_H,P2AE_Cable_HTA,Travaux HTA,ASTER 54mm²,e9e0a228,m,295.0,292.0,3.0,0.9898305084745764,0.3333,295.0,0.3299105084745762,En Cours,71.32484999912421,73.79232554578647,72.71157125634839,0
HC-751,c8be21e0,BOR_Par_03,Localite_055,BORGOU,Commune_H,P2AE_DMT,Travaux HTA,Point Double DMT-CC,a4425df9,U,1.0,0.0,1.0,0.0,0.0833,1.0,0.0,En Cours,71.32484999912421,73.79232554578647,72.71157125634839,0
HC-754,a3d71cc5,BOR_Par_03,Localite_055,BORGOU,Commune_H,P2AE_EP,Travaux BT,EP,fbeef696,U,44.0,0.0,44.0,0.0,0.1556,44.0,0.0,En Cours,71.32484999912421,73.79232554578647,72.71157125634839,0
HC-757,14cbe35f,BOR_Par_03,Localite_055,BORGOU,Commune_H,P2AE_Fouille_BT,Travaux BT,Fouille réseau basse tension,e221b25e,U,146.0,146.0,0.0,1.0,0.0467,146.0,0.0467,En Cours,71.32484999912421,73.79232554578647,72.71157125634839,0
HC-756,34beb747,BOR_Par_03,Localite_055,BORGOU,Commune_H,P2AE_Fouille_HTA,Travaux HTA,Fouille réseau haute tension,f03cfc0b,U,8.0,8.0,0.0,1.0,0.0333,8.0,0.0333,En Cours,71.32484999912421,73.79232554578647,72.71157125634839,0
HC-752,ca18e069,BOR_Par_03,Localite_055,BORGOU,Commune_H,P2AE_IACM,Travaux HTA,IACM,21f4f4d7,U,1.0,1.0,0.0,1.0,0.0833,1.0,0.0833,En Cours,71.32484999912421,73.79232554578647,72.71157125634839,0
HC-741,b9e5d6a0,BOR_Par_03,Localite_055,BORGOU,Commune_H,P2AE_PBA_BT,Travaux BT,PBA 9A200,2ec17c4d,U,92.0,90.0,2.0,0.9782608695652174,0.42,146.0,0.2589041095890411,En Cours,71.32484999912421,73.79232554578647,72.71157125634839,0
HC-742,38c8a61c,BOR_Par_03,Localite_055,BORGOU,Commune_H,P2AE_PBA_BT,Travaux BT,PBA 9A650,215ac167,U,48.0,49.0,0.0,1.0,0.42,146.0,0.1380821917808219,En Cours,71.32484999912421,73.79232554578647,72.71157125634839,0
HC-743,350j39843,BOR_Par_03,Localite_055,BORGOU,Commune_H,P2AE_PBA_BT,Travaux BT,PBA 9C650,9c6af0a4,U,6.0,7.0,0.0,1.0,0.42,146.0,0.0172602739726027,En Cours,71.32484999912421,73.79232554578647,72.71157125634839,0
HC-744,b23a2ab1,BOR_Par_03,Localite_055,BORGOU,Commune_H,P2AE_PBA_HTA,Travaux HTA,PBA 11A1250,058e9b6a,U,1.0,1.0,0.0,1.0,0.3,9.0,0.0333333333333333,En Cours,71.32484999912421,73.79232554578647,72.71157125634839,0
HC-745,bd2c83fa,BOR_Par_03,Localite_055,BORGOU,Commune_H,P2AE_PBA_HTA,Travaux HTA,PBA 12A800,46cfa5f8,U,1.0,1.0,0.0,1.0,0.3,9.0,0.0333333333333333,En Cours,71.32484999912421,73.79232554578647,72.71157125634839,0
HC-746,68d7cac6,BOR_Par_03,Localite_055,BORGOU,Commune_H,P2AE_PBA_HTA,Travaux HTA,PBA 13A400,cd39f595,U,2.0,2.0,0.0,1.0,0.3,9.0,0.0666666666666666,En Cours,71.32484999912421,73.79232554578647,72.71157125634839,0
HC-747,2z0510657,BOR_Par_03,Localite_055,BORGOU,Commune_H,P2AE_PBA_HTA,Travaux HTA,PBA 13C800,d6344558,U,4.0,3.0,1.0,0.75,0.3,9.0,0.0999999999999999,En Cours,71.32484999912421,73.79232554578647,72.71157125634839,0
HC-973,P2AE-OBJ-a3c4cb49,BOR_Par_03,Localite_055,BORGOU,Commune_H,P2AE_PBA_HTA,Travaux HTA,PBA 11C650,26e8ec03,U,1.0,1.0,0.0,1.0,0.3,9.0,0.0333333333333333,En Cours,71.32484999912421,73.79232554578647,72.71157125634839,0
HC-753,327f754e,BOR_Par_03,Localite_055,BORGOU,Commune_H,P2AE_TFO,Travaux HTA,Transformateur 160 kVA,8ae558c8,U,1.0,0.0,1.0,0.0,0.1667,1.0,0.0,En Cours,71.32484999912421,73.79232554578647,72.71157125634839,0
HC-755,3ef2793f,BOR_Par_03,Localite_055,BORGOU,Commune_H,P2AE_Terre,Travaux BT,Mise à la terre,002f1a3d,U,43.0,0.0,43.0,0.0,0.0667,43.0,0.0,En Cours,71.32484999912421,73.79232554578647,72.71157125634839,0
HC-467,694adcc3,DON_Bas_03,Localite_001,DONGA,Commune_A,P2AE_Cable_BT,Travaux BT,PRC 70mm²,59dc5a38,m,4030.0,0.0,4030.0,0.0,0.3111,12860.0,0.0,En Cours,0.0,19.737165627699525,11.092287082767134,0
HC-468,aa6f47da,DON_Bas_03,Localite_001,DONGA,Commune_A,P2AE_Cable_BT,Travaux BT,PRC 50mm²,8e6b4946,m,8830.0,0.0,8830.0,0.0,0.3111,12860.0,0.0,En Cours,0.0,19.737165627699525,11.092287082767134,0
HC-473,680621u15,DON_Bas_03,Localite_001,DONGA,Commune_A,P2AE_Cable_HTA,Travaux HTA,ASTER 54mm²,e9e0a228,m,608.0,0.0,608.0,0.0,0.3333,608.0,0.0,En Cours,0.0,19.737165627699525,11.092287082767134,0
HC-474,35f31249,DON_Bas_03,Localite_001,DONGA,Commune_A,P2AE_DMT,Travaux HTA,Point Double DMT-CC,a4425df9,U,3.0,0.0,3.0,0.0,0.0833,3.0,0.0,En Cours,0.0,19.737165627699525,11.092287082767134,0
HC-477,ec64ea72,DON_Bas_03,Localite_001,DONGA,Commune_A,P2AE_EP,Travaux BT,EP,fbeef696,U,115.0,0.0,115.0,0.0,0.1556,115.0,0.0,En Cours,0.0,19.737165627699525,11.092287082767134,0
HC-480,f8d87af2,DON_Bas_03,Localite_001,DONGA,Commune_A,P2AE_Fouille_BT,Travaux BT,Fouille réseau basse tension,e221b25e,U,244.0,105.0,139.0,0.430327868852459,0.0467,244.0,0.0200963114754098,En Cours,0.0,19.737165627699525,11.092287082767134,0
HC-479,8159ba33,DON_Bas_03,Localite_001,DONGA,Commune_A,P2AE_Fouille_HTA,Travaux HTA,Fouille réseau haute tension,f03cfc0b,U,58.0,0.0,58.0,0.0,0.0333,58.0,0.0,En Cours,0.0,19.737165627699525,11.092287082767134,0
HC-475,2066e88e,DON_Bas_03,Localite_001,DONGA,Commune_A,P2AE_IACM,Travaux HTA,IACM,21f4f4d7,U,3.0,0.0,3.0,0.0,0.0833,3.0,0.0,En Cours,0.0,19.737165627699525,11.092287082767134,0
HC-463,31710acc,DON_Bas_03,Localite_001,DONGA,Commune_A,P2AE_PBA_BT,Travaux BT,PBA 9A200,2ec17c4d,U,141.0,82.0,59.0,0.5815602836879432,0.42,244.0,0.1411475409836065,En Cours,0.0,19.737165627699525,11.092287082767134,0
HC-464,270bec47,DON_Bas_03,Localite_001,DONGA,Commune_A,P2AE_PBA_BT,Travaux BT,PBA 9C650,9c6af0a4,U,75.0,3.0,72.0,0.04,0.42,244.0,0.0051639344262295,En Cours,0.0,19.737165627699525,11.092287082767134,0
HC-465,8a4802c2,DON_Bas_03,Localite_001,DONGA,Commune_A,P2AE_PBA_BT,Travaux BT,PBA 9A650,215ac167,U,18.0,47.0,0.0,1.0,0.42,244.0,0.030983606557377,En Cours,0.0,19.737165627699525,11.092287082767134,0
HC-466,82d2ffa3,DON_Bas_03,Localite_001,DONGA,Commune_A,P2AE_PBA_BT,Travaux BT,PBA 11C650,26e8ec03,U,10.0,0.0,10.0,0.0,0.42,244.0,0.0,En Cours,0.0,19.737165627699525,11.092287082767134,0
HC-469,c819fc70,DON_Bas_03,Localite_001,DONGA,Commune_A,P2AE_PBA_HTA,Travaux HTA,PBA 13A400,cd39f595,U,3.0,0.0,3.0,0.0,0.3,61.0,0.0,En Cours,0.0,19.737165627699525,11.092287082767134,0
HC-470,35cf629e,DON_Bas_03,Localite_001,DONGA,Commune_A,P2AE_PBA_HTA,Travaux HTA,PBA 12A800,46cfa5f8,U,41.0,0.0,41.0,0.0,0.3,61.0,0.0,En Cours,0.0,19.737165627699525,11.092287082767134,0
HC-471,a5ea907a,DON_Bas_03,Localite_001,DONGA,Commune_A,P2AE_PBA_HTA,Travaux HTA,PBA 11A1250,058e9b6a,U,4.0,0.0,4.0,0.0,0.3,61.0,0.0,En Cours,0.0,19.737165627699525,11.092287082767134,0
HC-472,244accd5,DON_Bas_03,Localite_001,DONGA,Commune_A,P2AE_PBA_HTA,Travaux HTA,PBA 13C800,d6344558,U,10.0,0.0,10.0,0.0,0.3,61.0,0.0,En Cours,0.0,19.737165627699525,11.092287082767134,0
HC-986,P2AE-OBJ-e4782e0e,DON_Bas_03,Localite_001,DONGA,Commune_A,P2AE_PBA_HTA,Travaux HTA,PBA 11C650,26e8ec03,U,3.0,0.0,3.0,0.0,0.3,61.0,0.0,En Cours,0.0,19.737165627699525,11.092287082767134,0
HC-476,05a57dfd,DON_Bas_03,Localite_001,DONGA,Commune_A,P2AE_TFO,Travaux HTA,Transformateur 160 kVA,8ae558c8,U,3.0,0.0,3.0,0.0,0.1667,3.0,0.0,En Cours,0.0,19.737165627699525,11.092287082767134,0
HC-478,c1c6e8a9,DON_Bas_03,Localite_001,DONGA,Commune_A,P2AE_Terre,Travaux BT,Mise à la terre,002f1a3d,U,79.0,0.0,79.0,0.0,0.0667,79.0,0.0,En Cours,0.0,19.737165627699525,11.092287082767134,0
HC-524,3257170f,DON_Djo_02,Localite_003,DONGA,Commune_B,P2AE_Cable_BT,Travaux BT,PRC 50mm²,8e6b4946,m,3090.0,0.0,3090.0,0.0,0.3111,3770.0,0.0,En Cours,0.0,27.80214936252854,15.62480794174104,0
HC-525,3af5b091,DON_Djo_02,Localite_003,DONGA,Commune_B,P2AE_Cable_BT,Travaux BT,PRC 70mm²,59dc5a38,m,680.0,0.0,680.0,0.0,0.3111,3770.0,0.0,En Cours,0.0,27.80214936252854,15.62480794174104,0
HC-985,P2AE-OBJ-a021bb7f,DON_Djo_02,Localite_003,DONGA,Commune_B,P2AE_Cable_HTA,Travaux HTA,ASTER 54mm²,e9e0a228,m,20.0,0.0,20.0,0.0,0.3333,20.0,0.0,En Cours,0.0,27.80214936252854,15.62480794174104,0
HC-526,8d6a901b,DON_Djo_02,Localite_003,DONGA,Commune_B,P2AE_EP,Travaux BT,EP,fbeef696,U,40.0,0.0,40.0,0.0,0.1556,40.0,0.0,En Cours,0.0,27.80214936252854,15.62480794174104,0
HC-529,bbdcfe61,DON_Djo_02,Localite_003,DONGA,Commune_B,P2AE_Fouille_BT,Travaux BT,Fouille réseau basse tension,e221b25e,U,71.0,45.0,26.0,0.6338028169014085,0.0467,71.0,0.0295985915492957,En Cours,0.0,27.80214936252854,15.62480794174104,0
HC-528,8e15127b,DON_Djo_02,Localite_003,DONGA,Commune_B,P2AE_Fouille_HTA,Travaux HTA,Fouille réseau haute tension,f03cfc0b,U,11.0,0.0,11.0,0.0,0.0333,11.0,0.0,En Cours,0.0,27.80214936252854,15.62480794174104,0
HC-518,381n52949,DON_Djo_02,Localite_003,DONGA,Commune_B,P2AE_PBA_BT,Travaux BT,PBA 11C650,26e8ec03,U,1.0,0.0,1.0,0.0,0.42,71.0,0.0,En Cours,0.0,27.80214936252854,15.62480794174104,0
HC-519,df4dc83d,DON_Djo_02,Localite_003,DONGA,Commune_B,P2AE_PBA_BT,Travaux BT,PBA 9A200,2ec17c4d,U,44.0,28.0,16.0,0.6363636363636364,0.42,71.0,0.1656338028169014,En Cours,0.0,27.80214936252854,15.62480794174104,0
HC-520,e587ed7a,DON_Djo_02,Localite_003,DONGA,Commune_B,P2AE_PBA_BT,Travaux BT,PBA 9A650,215ac167,U,18.0,10.0,8.0,0.5555555555555556,0.42,71.0,0.0591549295774647,En Cours,0.0,27.80214936252854,15.62480794174104,0
HC-521,2b02a7dd,DON_Djo_02,Localite_003,DONGA,Commune_B,P2AE_PBA_BT,Travaux BT,PBA 9C650,9c6af0a4,U,8.0,4.0,4.0,0.5,0.42,71.0,0.0236619718309859,En Cours,0.0,27.80214936252854,15.62480794174104,0
HC-522,a5892035,DON_Djo_02,Localite_003,DONGA,Commune_B,P2AE_PBA_HTA,Travaux HTA,PBA 12A800,46cfa5f8,U,10.0,0.0,10.0,0.0,0.3,11.0,0.0,En Cours,0.0,27.80214936252854,15.62480794174104,0
HC-523,16a803a0,DON_Djo_02,Localite_003,DONGA,Commune_B,P2AE_PBA_HTA,Travaux HTA,PBA 13C800,d6344558,U,1.0,0.0,1.0,0.0,0.3,11.0,0.0,En Cours,0.0,27.80214936252854,15.62480794174104,0
HC-527,207ea0e9,DON_Djo_02,Localite_003,DONGA,Commune_B,P2AE_Terre,Travaux BT,Mise à la terre,002f1a3d,U,22.0,0.0,22.0,0.0,0.0667,22.0,0.0,En Cours,0.0,27.80214936252854,15.62480794174104,0
HC-590,25044dff,DON_Oua_01,Localite_011,DONGA,Commune_G,P2AE_Cable_BT,Travaux BT,PRC 50mm²,8e6b4946,m,2160.0,0.0,2160.0,0.0,0.3111,4921.0,0.0,En Cours,2.1430714500021426,26.6153298906816,15.896480693663998,0
HC-591,34df6f26,DON_Oua_01,Localite_011,DONGA,Commune_G,P2AE_Cable_BT,Travaux BT,PRC 70mm²,59dc5a38,m,2761.0,0.0,2761.0,0.0,0.3111,4921.0,0.0,En Cours,2.1430714500021426,26.6153298906816,15.896480693663998,0
HC-589,70635c08,DON_Oua_01,Localite_011,DONGA,Commune_G,P2AE_Cable_HTA,Travaux HTA,ASTER 54mm²,e9e0a228,m,100.0,0.0,100.0,0.0,0.3333,100.0,0.0,En Cours,2.1430714500021426,26.6153298906816,15.896480693663998,0
HC-592,b373a5b1,DON_Oua_01,Localite_011,DONGA,Commune_G,P2AE_DMT,Travaux HTA,Point Double DMT-CC,a4425df9,U,1.0,0.0,1.0,0.0,0.0833,1.0,0.0,En Cours,2.1430714500021426,26.6153298906816,15.896480693663998,0
HC-595,6b3ed9f9,DON_Oua_01,Localite_011,DONGA,Commune_G,P2AE_EP,Travaux BT,EP,fbeef696,U,48.0,0.0,48.0,0.0,0.1556,48.0,0.0,En Cours,2.1430714500021426,26.6153298906816,15.896480693663998,0
HC-598,02d190a5,DON_Oua_01,Localite_011,DONGA,Commune_G,P2AE_Fouille_BT,Travaux BT,Fouille réseau basse tension,e221b25e,U,110.0,39.0,71.0,0.3545454545454545,0.0467,110.0,0.0165572727272727,En Cours,2.1430714500021426,26.6153298906816,15.896480693663998,0
HC-597,f49e8557,DON_Oua_01,Localite_011,DONGA,Commune_G,P2AE_Fouille_HTA,Travaux HTA,Fouille réseau haute tension,f03cfc0b,U,14.0,0.0,14.0,0.0,0.0333,14.0,0.0,En Cours,2.1430714500021426,26.6153298906816,15.896480693663998,0
HC-593,8a1e5817,DON_Oua_01,Localite_011,DONGA,Commune_G,P2AE_IACM,Travaux HTA,IACM,21f4f4d7,U,1.0,0.0,1.0,0.0,0.0833,1.0,0.0,En Cours,2.1430714500021426,26.6153298906816,15.896480693663998,0
HC-582,57b771fa,DON_Oua_01,Localite_011,DONGA,Commune_G,P2AE_PBA_BT,Travaux BT,PBA 11C650,29ef61f5,U,7.0,2.0,5.0,0.2857142857142857,0.42,106.0,0.0079245283018867,En Cours,2.1430714500021426,26.6153298906816,15.896480693663998,0
HC-583,155bb569,DON_Oua_01,Localite_011,DONGA,Commune_G,P2AE_PBA_BT,Travaux BT,PBA 9A200,2ec17c4d,U,38.0,31.0,7.0,0.8157894736842105,0.42,106.0,0.1228301886792452,En Cours,2.1430714500021426,26.6153298906816,15.896480693663998,0
HC-584,2c9ee062,DON_Oua_01,Localite_011,DONGA,Commune_G,P2AE_PBA_BT,Travaux BT,PBA 9A650,215ac167,U,50.0,30.0,20.0,0.6,0.42,106.0,0.1188679245283018,En Cours,2.1430714500021426,26.6153298906816,15.896480693663998,0
HC-585,0267eee8,DON_Oua_01,Localite_011,DONGA,Commune_G,P2AE_PBA_BT,Travaux BT,PBA 9C650,9c6af0a4,U,11.0,0.0,11.0,0.0,0.42,106.0,0.0,En Cours,2.1430714500021426,26.6153298906816,15.896480693663998,0
HC-586,481h50626,DON_Oua_01,Localite_011,DONGA,Commune_G,P2AE_PBA_HTA,Travaux HTA,PBA 11A1250,058e9b6a,U,1.0,0.0,1.0,0.0,0.3,14.0,0.0,En Cours,2.1430714500021426,26.6153298906816,15.896480693663998,0
HC-587,bcd5d52b,DON_Oua_01,Localite_011,DONGA,Commune_G,P2AE_PBA_HTA,Travaux HTA,PBA 12A800,46cfa5f8,U,10.0,1.0,9.0,0.1,0.3,14.0,0.0214285714285714,En Cours,2.1430714500021426,26.6153298906816,15.896480693663998,0
HC-588,6c157f18,DON_Oua_01,Localite_011,DONGA,Commune_G,P2AE_PBA_HTA,Travaux HTA,PBA 13C800,d6344558,U,2.0,0.0,2.0,0.0,0.3,14.0,0.0,En Cours,2.1430714500021426,26.6153298906816,15.896480693663998,0
HC-989,P2AE-OBJ-c642265d,DON_Oua_01,Localite_011,DONGA,Commune_G,P2AE_PBA_HTA,Travaux HTA,PBA 11C650,26e8ec03,U,1.0,0.0,1.0,0.0,0.3,14.0,0.0,En Cours,2.1430714500021426,26.6153298906816,15.896480693663998,0
HC-594,0ad88237,DON_Oua_01,Localite_011,DONGA,Commune_G,P2AE_TFO,Travaux HTA,Transformateur 160 kVA,8ae558c8,U,1.0,0.0,1.0,0.0,0.1667,1.0,0.0,En Cours,2.1430714500021426,26.6153298906816,15.896480693663998,0
HC-596,97cf5837,DON_Oua_01,Localite_011,DONGA,Commune_G,P2AE_Terre,Travaux BT,Mise à la terre,002f1a3d,U,32.0,0.0,32.0,0.0,0.0667,32.0,0.0,En Cours,2.1430714500021426,26.6153298906816,15.896480693663998,0
HC-574,cc11cf26,DON_Djo_05,Localite_013,DONGA,Commune_B,P2AE_Cable_BT,Travaux BT,PRC 50mm²,8e6b4946,m,4183.0,0.0,4183.0,0.0,0.3111,4183.0,0.0,En Cours,2.1881128999599464,46.105389461053896,26.869622327294746,0
HC-573,7a81ae43,DON_Djo_05,Localite_013,DONGA,Commune_B,P2AE_Cable_HTA,Travaux HTA,ASTER 54mm²,e9e0a228,m,160.0,0.0,160.0,0.0,0.3333,160.0,0.0,En Cours,2.1881128999599464,46.105389461053896,26.869622327294746,0
HC-575,365e2f1a,DON_Djo_05,Localite_013,DONGA,Commune_B,P2AE_DMT,Travaux HTA,Point Double DMT-CC,a4425df9,U,1.0,0.0,1.0,0.0,0.0833,1.0,0.0,En Cours,2.1881128999599464,46.105389461053896,26.869622327294746,0
HC-578,7d96ab6a,DON_Djo_05,Localite_013,DONGA,Commune_B,P2AE_EP,Travaux BT,EP,fbeef696,U,47.0,0.0,47.0,0.0,0.1556,47.0,0.0,En Cours,2.1881128999599464,46.105389461053896,26.869622327294746,0
HC-581,2d4f8920,DON_Djo_05,Localite_013,DONGA,Commune_B,P2AE_Fouille_BT,Travaux BT,Fouille réseau basse tension,e221b25e,U,76.0,78.0,0.0,1.0,0.0467,76.0,0.0467,En Cours,2.1881128999599464,46.105389461053896,26.869622327294746,0
HC-580,456653cc,DON_Djo_05,Localite_013,DONGA,Commune_B,P2AE_Fouille_HTA,Travaux HTA,Fouille réseau haute tension,f03cfc0b,U,28.0,1.0,27.0,0.0357142857142857,0.0333,28.0,0.0011892857142857,En Cours,2.1881128999599464,46.105389461053896,26.869622327294746,0
HC-576,8168af21,DON_Djo_05,Localite_013,DONGA,Commune_B,P2AE_IACM,Travaux HTA,IACM,21f4f4d7,U,1.0,0.0,1.0,0.0,0.0833,1.0,0.0,En Cours,2.1881128999599464,46.105389461053896,26.869622327294746,0
HC-565,5e6824a2,DON_Djo_05,Localite_013,DONGA,Commune_B,P2AE_PBA_BT,Travaux BT,PBA 9A200,2ec17c4d,U,37.0,36.0,1.0,0.972972972972973,0.42,75.0,0.2016,En Cours,2.1881128999599464,46.105389461053896,26.869622327294746,0
HC-566,248510f9,DON_Djo_05,Localite_013,DONGA,Commune_B,P2AE_PBA_BT,Travaux BT,PBA 9A650,215ac167,U,31.0,31.0,0.0,1.0,0.42,75.0,0.1736,En Cours,2.1881128999599464,46.105389461053896,26.869622327294746,0
HC-567,1651f2681,DON_Djo_05,Localite_013,DONGA,Commune_B,P2AE_PBA_BT,Travaux BT,PBA 9C650,9c6af0a4,U,7.0,7.0,0.0,1.0,0.42,75.0,0.0392,En Cours,2.1881128999599464,46.105389461053896,26.869622327294746,0
HC-568,18aceafd,DON_Djo_05,Localite_013,DONGA,Commune_B,P2AE_PBA_HTA,Travaux HTA,PBA 11A1250,058e9b6a,U,1.0,0.0,1.0,0.0,0.3,29.0,0.0,En Cours,2.1881128999599464,46.105389461053896,26.869622327294746,0
HC-569,5a1a4d38,DON_Djo_05,Localite_013,DONGA,Commune_B,P2AE_PBA_HTA,Travaux HTA,PBA 12A800,46cfa5f8,U,18.0,1.0,17.0,0.0555555555555555,0.3,29.0,0.0103448275862068,En Cours,2.1881128999599464,46.105389461053896,26.869622327294746,0
HC-570,f63d1d45,DON_Djo_05,Localite_013,DONGA,Commune_B,P2AE_PBA_HTA,Travaux HTA,PBA 13C800,d6344558,U,7.0,0.0,7.0,0.0,0.3,29.0,0.0,En Cours,2.1881128999599464,46.105389461053896,26.869622327294746,0
HC-571,214772d7,DON_Djo_05,Localite_013,DONGA,Commune_B,P2AE_PBA_HTA,Travaux HTA,PBA 14A1000,ffbf33ef,U,1.0,0.0,1.0,0.0,0.3,29.0,0.0,En Cours,2.1881128999599464,46.105389461053896,26.869622327294746,0
HC-572,7845e6c6,DON_Djo_05,Localite_013,DONGA,Commune_B,P2AE_PBA_HTA,Travaux HTA,PBA 14C1000,f74fbc64,U,1.0,0.0,1.0,0.0,0.3,29.0,0.0,En Cours,2.1881128999599464,46.105389461053896,26.869622327294746,0
HC-975,P2AE-OBJ-fcf635b8,DON_Djo_05,Localite_013,DONGA,Commune_B,P2AE_PBA_HTA,Travaux HTA,PBA 11C650,26e8ec03,U,1.0,2.0,0.0,1.0,0.3,29.0,0.0103448275862068,En Cours,2.1881128999599464,46.105389461053896,26.869622327294746,0
HC-577,19ed9d42,DON_Djo_05,Localite_013,DONGA,Commune_B,P2AE_TFO,Travaux HTA,Transformateur 160 kVA,8ae558c8,U,1.0,0.0,1.0,0.0,0.1667,1.0,0.0,En Cours,2.1881128999599464,46.105389461053896,26.869622327294746,0
HC-579,3f1bda6e,DON_Djo_05,Localite_013,DONGA,Commune_B,P2AE_Terre,Travaux BT,Mise à la terre,002f1a3d,U,37.0,0.0,37.0,0.0,0.0667,37.0,0.0,En Cours,2.1881128999599464,46.105389461053896,26.869622327294746,0
HC-509,f22d0d79,DON_Djo_01,Localite_016,DONGA,Commune_B,P2AE_Cable_BT,Travaux BT,PRC 50mm²,8e6b4946,m,22805.0,9680.24,13124.76,0.4244788423591317,0.3111,38185.0,0.0788666404085373,En Cours,21.73177317731773,53.30352316135003,39.47509666834389,0
HC-510,d844b4c7,DON_Djo_01,Localite_016,DONGA,Commune_B,P2AE_Cable_BT,Travaux BT,PRC 70mm²,59dc5a38,m,15380.0,1975.45,13404.55,0.1284427828348504,0.3111,38185.0,0.0160943431975906,En Cours,21.73177317731773,53.30352316135003,39.47509666834389,0
HC-508,4f0ad9ad,DON_Djo_01,Localite_016,DONGA,Commune_B,P2AE_Cable_HTA,Travaux HTA,ASTER 54mm²,e9e0a228,m,2235.0,0.0,2235.0,0.0,0.3333,2235.0,0.0,En Cours,21.73177317731773,53.30352316135003,39.47509666834389,0
HC-511,28e2d46f,DON_Djo_01,Localite_016,DONGA,Commune_B,P2AE_DMT,Travaux HTA,Point Double DMT-CC,a4425df9,U,5.0,0.0,5.0,0.0,0.0833,5.0,0.0,En Cours,21.73177317731773,53.30352316135003,39.47509666834389,0
HC-514,4234f201,DON_Djo_01,Localite_016,DONGA,Commune_B,P2AE_EP,Travaux BT,EP,fbeef696,U,309.0,0.0,309.0,0.0,0.1556,309.0,0.0,En Cours,21.73177317731773,53.30352316135003,39.47509666834389,0
HC-517,c809ab08,DON_Djo_01,Localite_016,DONGA,Commune_B,P2AE_Fouille_BT,Travaux BT,Fouille réseau basse tension,e221b25e,U,792.0,669.0,123.0,0.8446969696969697,0.0467,792.0,0.0394473484848484,En Cours,21.73177317731773,53.30352316135003,39.47509666834389,0
HC-516,adffc051,DON_Djo_01,Localite_016,DONGA,Commune_B,P2AE_Fouille_HTA,Travaux HTA,Fouille réseau haute tension,f03cfc0b,U,100.0,32.0,68.0,0.32,0.0333,100.0,0.010656,En Cours,21.73177317731773,53.30352316135003,39.47509666834389,0
HC-512,48b56adf,DON_Djo_01,Localite_016,DONGA,Commune_B,P2AE_IACM,Travaux HTA,IACM,21f4f4d7,U,5.0,4.0,1.0,0.8,0.0833,5.0,0.06664,En Cours,21.73177317731773,53.30352316135003,39.47509666834389,0
HC-499,47c50483,DON_Djo_01,Localite_016,DONGA,Commune_B,P2AE_PBA_BT,Travaux BT,PBA 11C650,29ef61f5,U,5.0,7.0,0.0,1.0,0.42,788.0,0.0026649746192893,En Cours,21.73177317731773,53.30352316135003,39.47509666834389,0
HC-500,5a0d3f39,DON_Djo_01,Localite_016,DONGA,Commune_B,P2AE_PBA_BT,Travaux BT,PBA 9A200,2ec17c4d,U,497.0,478.0,19.0,0.9617706237424548,0.42,788.0,0.2547715736040609,En Cours,21.73177317731773,53.30352316135003,39.47509666834389,0
HC-501,7b99cc01,DON_Djo_01,Localite_016,DONGA,Commune_B,P2AE_PBA_BT,Travaux BT,PBA 9A650,215ac167,U,247.0,233.0,14.0,0.9433198380566802,0.42,788.0,0.1241878172588832,En Cours,21.73177317731773,53.30352316135003,39.47509666834389,0
HC-502,e127e164,DON_Djo_01,Localite_016,DONGA,Commune_B,P2AE_PBA_BT,Travaux BT,PBA 9C650,9c6af0a4,U,39.0,32.0,7.0,0.8205128205128205,0.42,788.0,0.0170558375634517,En Cours,21.73177317731773,53.30352316135003,39.47509666834389,0
HC-503,d99a2f2e,DON_Djo_01,Localite_016,DONGA,Commune_B,P2AE_PBA_HTA,Travaux HTA,PBA 11A1250,058e9b6a,U,6.0,4.0,2.0,0.6666666666666666,0.3,105.0,0.0114285714285714,En Cours,21.73177317731773,53.30352316135003,39.47509666834389,0
HC-504,c899574d,DON_Djo_01,Localite_016,DONGA,Commune_B,P2AE_PBA_HTA,Travaux HTA,PBA 12A800,46cfa5f8,U,33.0,5.0,28.0,0.1515151515151515,0.3,105.0,0.0142857142857142,En Cours,21.73177317731773,53.30352316135003,39.47509666834389,0
HC-505,4dc4b1a6,DON_Djo_01,Localite_016,DONGA,Commune_B,P2AE_PBA_HTA,Travaux HTA,PBA 13A400,cd39f595,U,38.0,27.0,11.0,0.7105263157894737,0.3,105.0,0.0771428571428571,En Cours,21.73177317731773,53.30352316135003,39.47509666834389,0
HC-506,645c7c44,DON_Djo_01,Localite_016,DONGA,Commune_B,P2AE_PBA_HTA,Travaux HTA,PBA 13C1250,50dc40e9,U,3.0,4.0,0.0,1.0,0.3,105.0,0.0085714285714285,En Cours,21.73177317731773,53.30352316135003,39.47509666834389,0
HC-507,9894r4923,DON_Djo_01,Localite_016,DONGA,Commune_B,P2AE_PBA_HTA,Travaux HTA,PBA 13C800,d6344558,U,20.0,6.0,14.0,0.3,0.3,105.0,0.0171428571428571,En Cours,21.73177317731773,53.30352316135003,39.47509666834389,0
HC-993,P2AE-OBJ-53bc4f0f,DON_Djo_01,Localite_016,DONGA,Commune_B,P2AE_PBA_HTA,Travaux HTA,PBA 11C650,26e8ec03,U,5.0,4.0,1.0,0.8,0.3,105.0,0.0114285714285714,En Cours,21.73177317731773,53.30352316135003,39.47509666834389,0
HC-513,c06adb76,DON_Djo_01,Localite_016,DONGA,Commune_B,P2AE_TFO,Travaux HTA,Transformateur 160 kVA,8ae558c8,U,6.0,0.0,6.0,0.0,0.1667,6.0,0.0,En Cours,21.73177317731773,53.30352316135003,39.47509666834389,0
HC-515,772g50400,DON_Djo_01,Localite_016,DONGA,Commune_B,P2AE_Terre,Travaux BT,Mise à la terre,002f1a3d,U,211.0,0.0,211.0,0.0,0.0667,211.0,0.0,En Cours,21.73177317731773,53.30352316135003,39.47509666834389,0
HC-624,d24eb0ed,DON_Oua_03,Localite_019,DONGA,Commune_G,P2AE_Cable_BT,Travaux BT,PRC 50mm²,8e6b4946,m,2760.0,0.0,2760.0,0.0,0.3111,4272.0,0.0,En Cours,12.001200120012,31.65615488726069,23.04728469920577,0
HC-625,dfbc4cca,DON_Oua_03,Localite_019,DONGA,Commune_G,P2AE_Cable_BT,Travaux BT,PRC 70mm²,59dc5a38,m,1512.0,0.0,1512.0,0.0,0.3111,4272.0,0.0,En Cours,12.001200120012,31.65615488726069,23.04728469920577,0
HC-623,fdb96314,DON_Oua_03,Localite_019,DONGA,Commune_G,P2AE_Cable_HTA,Travaux HTA,ASTER 54mm²,e9e0a228,m,100.0,0.0,100.0,0.0,0.3333,100.0,0.0,En Cours,12.001200120012,31.65615488726069,23.04728469920577,0
HC-626,622a3cd2,DON_Oua_03,Localite_019,DONGA,Commune_G,P2AE_DMT,Travaux HTA,Point Double DMT-CC,a4425df9,U,1.0,0.0,1.0,0.0,0.0833,1.0,0.0,En Cours,12.001200120012,31.65615488726069,23.04728469920577,0
HC-629,a68383f3,DON_Oua_03,Localite_019,DONGA,Commune_G,P2AE_EP,Travaux BT,EP,fbeef696,U,42.0,0.0,42.0,0.0,0.1556,42.0,0.0,En Cours,12.001200120012,31.65615488726069,23.04728469920577,0
HC-632,b71982ca,DON_Oua_03,Localite_019,DONGA,Commune_G,P2AE_Fouille_BT,Travaux BT,Fouille réseau basse tension,e221b25e,U,134.0,31.0,103.0,0.2313432835820895,0.0467,134.0,0.0108037313432835,En Cours,12.001200120012,31.65615488726069,23.04728469920577,0
HC-631,18ecefa9,DON_Oua_03,Localite_019,DONGA,Commune_G,P2AE_Fouille_HTA,Travaux HTA,Fouille réseau haute tension,f03cfc0b,U,4.0,0.0,4.0,0.0,0.0333,4.0,0.0,En Cours,12.001200120012,31.65615488726069,23.04728469920577,0
HC-627,11dabb8a,DON_Oua_03,Localite_019,DONGA,Commune_G,P2AE_IACM,Travaux HTA,IACM,21f4f4d7,U,1.0,0.0,1.0,0.0,0.0833,1.0,0.0,En Cours,12.001200120012,31.65615488726069,23.04728469920577,0
HC-617,06eb3078,DON_Oua_03,Localite_019,DONGA,Commune_G,P2AE_PBA_BT,Travaux BT,PBA 9A200,2ec17c4d,U,39.0,30.0,9.0,0.7692307692307693,0.42,114.0,0.1105263157894737,En Cours,12.001200120012,31.65615488726069,23.04728469920577,0
HC-618,f750ec4e,DON_Oua_03,Localite_019,DONGA,Commune_G,P2AE_PBA_BT,Travaux BT,PBA 9A650,215ac167,U,63.0,53.0,10.0,0.8412698412698413,0.42,114.0,0.1952631578947368,En Cours,12.001200120012,31.65615488726069,23.04728469920577,0
HC-619,8419ca28,DON_Oua_03,Localite_019,DONGA,Commune_G,P2AE_PBA_BT,Travaux BT,PBA 9C650,9c6af0a4,U,12.0,0.0,12.0,0.0,0.42,114.0,0.0,En Cours,12.001200120012,31.65615488726069,23.04728469920577,0
HC-620,1bc22f74,DON_Oua_03,Localite_019,DONGA,Commune_G,P2AE_PBA_HTA,Travaux HTA,PBA 11A1250,058e9b6a,U,1.0,0.0,1.0,0.0,0.3,5.0,0.0,En Cours,12.001200120012,31.65615488726069,23.04728469920577,0
HC-621,7f86f7d6,DON_Oua_03,Localite_019,DONGA,Commune_G,P2AE_PBA_HTA,Travaux HTA,PBA 12A800,46cfa5f8,U,1.0,1.0,0.0,1.0,0.3,5.0,0.06,En Cours,12.001200120012,31.65615488726069,23.04728469920577,0
HC-622,4c5cbb14,DON_Oua_03,Localite_019,DONGA,Commune_G,P2AE_PBA_HTA,Travaux HTA,PBA 13C800,d6344558,U,2.0,0.0,2.0,0.0,0.3,5.0,0.0,En Cours,12.001200120012,31.65615488726069,23.04728469920577,0
HC-990,P2AE-OBJ-8077c816,DON_Oua_03,Localite_019,DONGA,Commune_G,P2AE_PBA_HTA,Travaux HTA,PBA 11C650,26e8ec03,U,1.0,1.0,0.0,1.0,0.3,5.0,0.06,En Cours,12.001200120012,31.65615488726069,23.04728469920577,0
HC-628,cd09f0eb,DON_Oua_03,Localite_019,DONGA,Commune_G,P2AE_TFO,Travaux HTA,Transformateur 160 kVA,8ae558c8,U,1.0,0.0,1.0,0.0,0.1667,1.0,0.0,En Cours,12.001200120012,31.65615488726069,23.04728469920577,0
HC-630,69ddc81c,DON_Oua_03,Localite_019,DONGA,Commune_G,P2AE_Terre,Travaux BT,Mise à la terre,002f1a3d,U,37.0,0.0,37.0,0.0,0.0667,37.0,0.0,En Cours,12.001200120012,31.65615488726069,23.04728469920577,0
HC-608,2c65053c,DON_Oua_02,Localite_024,DONGA,Commune_G,P2AE_Cable_BT,Travaux BT,PRC 50mm²,8e6b4946,m,2750.0,0.0,2750.0,0.0,0.3111,2790.0,0.0,En Cours,5.455090963641819,34.368184803141304,21.70424970144053,0
HC-609,ed6d57ef,DON_Oua_02,Localite_024,DONGA,Commune_G,P2AE_Cable_BT,Travaux BT,PRC 70mm²,59dc5a38,m,40.0,0.0,40.0,0.0,0.3111,2790.0,0.0,En Cours,5.455090963641819,34.368184803141304,21.70424970144053,0
HC-607,1c348b7c,DON_Oua_02,Localite_024,DONGA,Commune_G,P2AE_Cable_HTA,Travaux HTA,ASTER 54mm²,e9e0a228,m,90.0,0.0,90.0,0.0,0.3333,90.0,0.0,En Cours,5.455090963641819,34.368184803141304,21.70424970144053,0
HC-610,2c65153c,DON_Oua_02,Localite_024,DONGA,Commune_G,P2AE_DMT,Travaux HTA,Point Double DMT-CC,a4425df9,U,1.0,0.0,1.0,0.0,0.0833,1.0,0.0,En Cours,5.455090963641819,34.368184803141304,21.70424970144053,0
HC-613,3a868827,DON_Oua_02,Localite_024,DONGA,Commune_G,P2AE_EP,Travaux BT,EP,fbeef696,U,34.0,0.0,34.0,0.0,0.1556,34.0,0.0,En Cours,5.455090963641819,34.368184803141304,21.70424970144053,0
HC-616,d329bef8,DON_Oua_02,Localite_024,DONGA,Commune_G,P2AE_Fouille_BT,Travaux BT,Fouille réseau basse tension,e221b25e,U,74.0,50.0,24.0,0.6756756756756757,0.0467,74.0,0.031554054054054,En Cours,5.455090963641819,34.368184803141304,21.70424970144053,0
HC-615,8c19bbf4,DON_Oua_02,Localite_024,DONGA,Commune_G,P2AE_Fouille_HTA,Travaux HTA,Fouille réseau haute tension,f03cfc0b,U,9.0,0.0,9.0,0.0,0.0333,9.0,0.0,En Cours,5.455090963641819,34.368184803141304,21.70424970144053,0
HC-611,0ee5a06f,DON_Oua_02,Localite_024,DONGA,Commune_G,P2AE_IACM,Travaux HTA,IACM,21f4f4d7,U,1.0,0.0,1.0,0.0,0.0833,1.0,0.0,En Cours,5.455090963641819,34.368184803141304,21.70424970144053,0
HC-599,4bc7f472,DON_Oua_02,Localite_024,DONGA,Commune_G,P2AE_PBA_BT,Travaux BT,PBA 11C650,29ef61f5,U,1.0,0.0,1.0,0.0,0.42,74.0,0.0,En Cours,5.455090963641819,34.368184803141304,21.70424970144053,0
HC-600,2da7a0ab,DON_Oua_02,Localite_024,DONGA,Commune_G,P2AE_PBA_BT,Travaux BT,PBA 9A200,2ec17c4d,U,36.0,50.0,0.0,1.0,0.42,74.0,0.2043243243243243,En Cours,5.455090963641819,34.368184803141304,21.70424970144053,0
HC-601,d3b2a8e2,DON_Oua_02,Localite_024,DONGA,Commune_G,P2AE_PBA_BT,Travaux BT,PBA 9A650,215ac167,U,32.0,19.0,13.0,0.59375,0.42,74.0,0.1078378378378378,En Cours,5.455090963641819,34.368184803141304,21.70424970144053,0
HC-602,7a4f0f54,DON_Oua_02,Localite_024,DONGA,Commune_G,P2AE_PBA_BT,Travaux BT,PBA 9C650,9c6af0a4,U,5.0,0.0,5.0,0.0,0.42,74.0,0.0,En Cours,5.455090963641819,34.368184803141304,21.70424970144053,0
HC-603,0b181d9f,DON_Oua_02,Localite_024,DONGA,Commune_G,P2AE_PBA_HTA,Travaux HTA,PBA 11A1250,058e9b6a,U,1.0,0.0,1.0,0.0,0.3,11.0,0.0,En Cours,5.455090963641819,34.368184803141304,21.70424970144053,0
HC-604,0094b63c,DON_Oua_02,Localite_024,DONGA,Commune_G,P2AE_PBA_HTA,Travaux HTA,PBA 12A800,46cfa5f8,U,5.0,1.0,4.0,0.2,0.3,11.0,0.0272727272727272,En Cours,5.455090963641819,34.368184803141304,21.70424970144053,0
HC-605,25c201ec,DON_Oua_02,Localite_024,DONGA,Commune_G,P2AE_PBA_HTA,Travaux HTA,PBA 13C1250,50dc40e9,U,1.0,0.0,1.0,0.0,0.3,11.0,0.0,En Cours,5.455090963641819,34.368184803141304,21.70424970144053,0
HC-606,a74a8b73,DON_Oua_02,Localite_024,DONGA,Commune_G,P2AE_PBA_HTA,Travaux HTA,PBA 13C800,d6344558,U,3.0,0.0,3.0,0.0,0.3,11.0,0.0,En Cours,5.455090963641819,34.368184803141304,21.70424970144053,0
HC-996,P2AE-OBJ-d5c4a9c5,DON_Oua_02,Localite_024,DONGA,Commune_G,P2AE_PBA_HTA,Travaux HTA,PBA 11C650,26e8ec03,U,1.0,1.0,0.0,1.0,0.3,11.0,0.0272727272727272,En Cours,5.455090963641819,34.368184803141304,21.70424970144053,0
HC-612,932d6081,DON_Oua_02,Localite_024,DONGA,Commune_G,P2AE_TFO,Travaux HTA,Transformateur 160 kVA,8ae558c8,U,1.0,0.0,1.0,0.0,0.1667,1.0,0.0,En Cours,5.455090963641819,34.368184803141304,21.70424970144053,0
HC-614,13db7bcf,DON_Oua_02,Localite_024,DONGA,Commune_G,P2AE_Terre,Travaux BT,Mise à la terre,002f1a3d,U,26.0,0.0,26.0,0.0,0.0667,26.0,0.0,En Cours,5.455090963641819,34.368184803141304,21.70424970144053,0
HC-556,8790f759,DON_Djo_04,Localite_030,DONGA,Commune_B,P2AE_Cable_BT,Travaux BT,PRC 50mm²,8e6b4946,m,2965.0,0.0,2965.0,0.0,0.3111,4827.0,0.0,En Cours,32.777722216666106,44.480551944805526,39.35471252388047,0
HC-557,43e2781f,DON_Djo_04,Localite_030,DONGA,Commune_B,P2AE_Cable_BT,Travaux BT,PRC 70mm²,59dc5a38,m,1862.0,0.0,1862.0,0.0,0.3111,4827.0,0.0,En Cours,32.777722216666106,44.480551944805526,39.35471252388047,0
HC-555,fb7fb5c0,DON_Djo_04,Localite_030,DONGA,Commune_B,P2AE_Cable_HTA,Travaux HTA,ASTER 54mm²,e9e0a228,m,2965.0,0.0,2965.0,0.0,0.3333,2965.0,0.0,En Cours,32.777722216666106,44.480551944805526,39.35471252388047,0
HC-558,1477bbab,DON_Djo_04,Localite_030,DONGA,Commune_B,P2AE_DMT,Travaux HTA,Point Double DMT-CC,a4425df9,U,1.0,0.0,1.0,0.0,0.0833,1.0,0.0,En Cours,32.777722216666106,44.480551944805526,39.35471252388047,0
HC-561,3cbb10a6,DON_Djo_04,Localite_030,DONGA,Commune_B,P2AE_EP,Travaux BT,EP,fbeef696,U,60.0,0.0,60.0,0.0,0.1556,60.0,0.0,En Cours,32.777722216666106,44.480551944805526,39.35471252388047,0
HC-564,4dcab6e1,DON_Djo_04,Localite_030,DONGA,Commune_B,P2AE_Fouille_BT,Travaux BT,Fouille réseau basse tension,e221b25e,U,94.0,77.0,17.0,0.8191489361702128,0.0467,94.0,0.0382542553191489,En Cours,32.777722216666106,44.480551944805526,39.35471252388047,0
HC-563,2c2340f5,DON_Djo_04,Localite_030,DONGA,Commune_B,P2AE_Fouille_HTA,Travaux HTA,Fouille réseau haute tension,f03cfc0b,U,26.0,0.0,26.0,0.0,0.0333,26.0,0.0,En Cours,32.777722216666106,44.480551944805526,39.35471252388047,0
HC-559,1e106a2a,DON_Djo_04,Localite_030,DONGA,Commune_B,P2AE_IACM,Travaux HTA,IACM,21f4f4d7,U,1.0,1.0,0.0,1.0,0.0833,1.0,0.0833,En Cours,32.777722216666106,44.480551944805526,39.35471252388047,0
HC-547,8c90f909,DON_Djo_04,Localite_030,DONGA,Commune_B,P2AE_PBA_BT,Travaux BT,PBA 11C650,26e8ec03,U,1.0,0.0,1.0,0.0,0.42,94.0,0.0,En Cours,32.777722216666106,44.480551944805526,39.35471252388047,0
HC-548,79f21437,DON_Djo_04,Localite_030,DONGA,Commune_B,P2AE_PBA_BT,Travaux BT,PBA 9A200,2ec17c4d,U,52.0,51.0,1.0,0.9807692307692308,0.42,94.0,0.2278723404255319,En Cours,32.777722216666106,44.480551944805526,39.35471252388047,0
HC-549,d62c14f4,DON_Djo_04,Localite_030,DONGA,Commune_B,P2AE_PBA_BT,Travaux BT,PBA 9A650,215ac167,U,39.0,38.0,1.0,0.9743589743589745,0.42,94.0,0.1697872340425532,En Cours,32.777722216666106,44.480551944805526,39.35471252388047,0
HC-550,4b32aab5,DON_Djo_04,Localite_030,DONGA,Commune_B,P2AE_PBA_BT,Travaux BT,PBA 9C650,9c6af0a4,U,2.0,2.0,0.0,1.0,0.42,94.0,0.0089361702127659,En Cours,32.777722216666106,44.480551944805526,39.35471252388047,0
HC-551,42b0c18c,DON_Djo_04,Localite_030,DONGA,Commune_B,P2AE_PBA_HTA,Travaux HTA,PBA 11A1250,058e9b6a,U,1.0,0.0,1.0,0.0,0.3,27.0,0.0,En Cours,32.777722216666106,44.480551944805526,39.35471252388047,0
HC-552,147fcc35,DON_Djo_04,Localite_030,DONGA,Commune_B,P2AE_PBA_HTA,Travaux HTA,PBA 12A800,46cfa5f8,U,3.0,1.0,2.0,0.3333333333333333,0.3,27.0,0.0111111111111111,En Cours,32.777722216666106,44.480551944805526,39.35471252388047,0
HC-553,adb82394,DON_Djo_04,Localite_030,DONGA,Commune_B,P2AE_PBA_HTA,Travaux HTA,PBA 13A400,cd39f595,U,14.0,12.0,2.0,0.8571428571428571,0.3,27.0,0.1333333333333333,En Cours,32.777722216666106,44.480551944805526,39.35471252388047,0
HC-554,5782a02d,DON_Djo_04,Localite_030,DONGA,Commune_B,P2AE_PBA_HTA,Travaux HTA,PBA 13C800,d6344558,U,8.0,8.0,0.0,1.0,0.3,27.0,0.0888888888888888,En Cours,32.777722216666106,44.480551944805526,39.35471252388047,0
HC-988,P2AE-OBJ-bf9c4727,DON_Djo_04,Localite_030,DONGA,Commune_B,P2AE_PBA_HTA,Travaux HTA,PBA 11C650,26e8ec03,U,1.0,1.0,0.0,1.0,0.3,27.0,0.0111111111111111,En Cours,32.777722216666106,44.480551944805526,39.35471252388047,0
HC-560,e0c2eb98,DON_Djo_04,Localite_030,DONGA,Commune_B,P2AE_TFO,Travaux HTA,Transformateur 160 kVA,8ae558c8,U,1.0,0.0,1.0,0.0,0.1667,1.0,0.0,En Cours,32.777722216666106,44.480551944805526,39.35471252388047,0
HC-562,2c630229,DON_Djo_04,Localite_030,DONGA,Commune_B,P2AE_Terre,Travaux BT,Mise à la terre,002f1a3d,U,44.0,0.0,44.0,0.0,0.0667,44.0,0.0,En Cours,32.777722216666106,44.480551944805526,39.35471252388047,0
HC-454,0fb5dd68,DON_Bas_02,Localite_031,DONGA,Commune_A,P2AE_Cable_BT,Travaux BT,PRC 50mm²,8e6b4946,m,8230.0,5252.98,2977.0200000000004,0.6382721749696233,0.3111,10190.0,0.1603731185475956,En Cours,34.21095356288875,62.10955160382454,49.88996566189466,1
HC-455,93c9241f,DON_Bas_02,Localite_031,DONGA,Commune_A,P2AE_Cable_BT,Travaux BT,PRC 70mm²,59dc5a38,m,1960.0,0.0,1960.0,0.0,0.3111,10190.0,0.0,En Cours,34.21095356288875,62.10955160382454,49.88996566189466,1
HC-452,6e8e9474,DON_Bas_02,Localite_031,DONGA,Commune_A,P2AE_Cable_HTA,Travaux HTA,ASTER 54mm²,e9e0a228,m,1473.0,0.0,1473.0,0.0,0.3333,1473.0,0.0,En Cours,34.21095356288875,62.10955160382454,49.88996566189466,1
HC-453,cbe511c4,DON_Bas_02,Localite_031,DONGA,Commune_A,P2AE_Cable_HTA,Travaux HTA,ASTER 75mm²,630f858d,m,0.0,0.0,0.0,0.0,0.3333,1473.0,0.0,En Cours,34.21095356288875,62.10955160382454,49.88996566189466,1
HC-456,484d4240,DON_Bas_02,Localite_031,DONGA,Commune_A,P2AE_DMT,Travaux HTA,Point Double DMT-CC,a4425df9,U,2.0,0.0,2.0,0.0,0.0833,2.0,0.0,En Cours,34.21095356288875,62.10955160382454,49.88996566189466,1
HC-459,3d083619,DON_Bas_02,Localite_031,DONGA,Commune_A,P2AE_EP,Travaux BT,EP,fbeef696,U,86.0,0.0,86.0,0.0,0.1556,86.0,0.0,En Cours,34.21095356288875,62.10955160382454,49.88996566189466,1
HC-462,df17c444,DON_Bas_02,Localite_031,DONGA,Commune_A,P2AE_Fouille_BT,Travaux BT,Fouille réseau basse tension,e221b25e,U,216.0,219.0,0.0,1.0,0.0467,216.0,0.0467,En Cours,34.21095356288875,62.10955160382454,49.88996566189466,1
HC-461,ed1be846,DON_Bas_02,Localite_031,DONGA,Commune_A,P2AE_Fouille_HTA,Travaux HTA,Fouille réseau haute tension,f03cfc0b,U,42.0,34.0,8.0,0.8095238095238095,0.0333,42.0,0.0269571428571428,En Cours,34.21095356288875,62.10955160382454,49.88996566189466,1
HC-457,b3957f1b,DON_Bas_02,Localite_031,DONGA,Commune_A,P2AE_IACM,Travaux HTA,IACM,21f4f4d7,U,2.0,2.0,0.0,1.0,0.0833,2.0,0.0833,En Cours,34.21095356288875,62.10955160382454,49.88996566189466,1
HC-443,830c6e17,DON_Bas_02,Localite_031,DONGA,Commune_A,P2AE_PBA_BT,Travaux BT,PBA 11C650,29ef61f5,U,2.0,2.0,0.0,1.0,0.42,213.0,0.0039436619718309,En Cours,34.21095356288875,62.10955160382454,49.88996566189466,1
HC-444,86b1a6e4,DON_Bas_02,Localite_031,DONGA,Commune_A,P2AE_PBA_BT,Travaux BT,PBA 9A200,2ec17c4d,U,111.0,111.0,0.0,1.0,0.42,213.0,0.2188732394366197,En Cours,34.21095356288875,62.10955160382454,49.88996566189466,1
HC-445,90cbd802,DON_Bas_02,Localite_031,DONGA,Commune_A,P2AE_PBA_BT,Travaux BT,PBA 9A650,215ac167,U,77.0,74.0,3.0,0.961038961038961,0.42,213.0,0.1459154929577464,En Cours,34.21095356288875,62.10955160382454,49.88996566189466,1
HC-446,a5945017,DON_Bas_02,Localite_031,DONGA,Commune_A,P2AE_PBA_BT,Travaux BT,PBA 9C650,9c6af0a4,U,23.0,23.0,0.0,1.0,0.42,213.0,0.0453521126760563,En Cours,34.21095356288875,62.10955160382454,49.88996566189466,1
HC-447,111e6de9,DON_Bas_02,Localite_031,DONGA,Commune_A,P2AE_PBA_HTA,Travaux HTA,PBA 11A1250,058e9b6a,U,2.0,2.0,0.0,1.0,0.3,44.0,0.0136363636363636,En Cours,34.21095356288875,62.10955160382454,49.88996566189466,1
HC-448,cfe9974f,DON_Bas_02,Localite_031,DONGA,Commune_A,P2AE_PBA_HTA,Travaux HTA,PBA 12A800,46cfa5f8,U,2.0,2.0,0.0,1.0,0.3,44.0,0.0136363636363636,En Cours,34.21095356288875,62.10955160382454,49.88996566189466,1
HC-449,1d8cbaca,DON_Bas_02,Localite_031,DONGA,Commune_A,P2AE_PBA_HTA,Travaux HTA,PBA 13A400,cd39f595,U,23.0,19.0,4.0,0.8260869565217391,0.3,44.0,0.1295454545454545,En Cours,34.21095356288875,62.10955160382454,49.88996566189466,1
HC-450,c7f52aa7,DON_Bas_02,Localite_031,DONGA,Commune_A,P2AE_PBA_HTA,Travaux HTA,PBA 13C1250,50dc40e9,U,1.0,1.0,0.0,1.0,0.3,44.0,0.0068181818181818,En Cours,34.21095356288875,62.10955160382454,49.88996566189466,1
HC-451,ff732e0a,DON_Bas_02,Localite_031,DONGA,Commune_A,P2AE_PBA_HTA,Travaux HTA,PBA 13C800,d6344558,U,14.0,8.0,6.0,0.5714285714285714,0.3,44.0,0.0545454545454545,En Cours,34.21095356288875,62.10955160382454,49.88996566189466,1
HC-992,P2AE-OBJ-65ef45ba,DON_Bas_02,Localite_031,DONGA,Commune_A,P2AE_PBA_HTA,Travaux HTA,PBA 11C650,26e8ec03,U,2.0,2.0,0.0,1.0,0.3,44.0,0.0136363636363636,En Cours,34.21095356288875,62.10955160382454,49.88996566189466,1
HC-458,7000c192,DON_Bas_02,Localite_031,DONGA,Commune_A,P2AE_TFO,Travaux HTA,Transformateur 160 kVA,8ae558c8,U,2.0,0.0,2.0,0.0,0.1667,2.0,0.0,En Cours,34.21095356288875,62.10955160382454,49.88996566189466,1
HC-460,6c0f9b49,DON_Bas_02,Localite_031,DONGA,Commune_A,P2AE_Terre,Travaux BT,Mise à la terre,002f1a3d,U,64.0,0.0,64.0,0.0,0.0667,64.0,0.0,En Cours,34.21095356288875,62.10955160382454,49.88996566189466,1
HC-434,7d028f38,DON_Bas_01,Localite_035,DONGA,Commune_A,P2AE_Cable_BT,Travaux BT,PRC 50mm²,8e6b4946,m,6050.0,0.0,6050.0,0.0,0.3111,6185.0,0.0,En Cours,22.50225023,36.36595052,30.29364979,0
HC-435,822c9213,DON_Bas_01,Localite_035,DONGA,Commune_A,P2AE_Cable_BT,Travaux BT,PRC 70mm²,59dc5a38,m,135.0,0.0,135.0,0.0,0.3111,6185.0,0.0,En Cours,22.50225023,36.36595052,30.29364979,0
HC-432,d5bba431,DON_Bas_01,Localite_035,DONGA,Commune_A,P2AE_Cable_HTA,Travaux HTA,ASTER 54mm²,e9e0a228,m,153.0,0.0,153.0,0.0,0.3333,153.0,0.0,En Cours,22.50225023,36.36595052,30.29364979,0
HC-433,ecf2aac4,DON_Bas_01,Localite_035,DONGA,Commune_A,P2AE_Cable_HTA,Travaux HTA,ASTER 75mm²,630f858d,m,0.0,0.0,0.0,0.0,0.3333,153.0,0.0,En Cours,22.50225023,36.36595052,30.29364979,0
HC-436,d93af626,DON_Bas_01,Localite_035,DONGA,Commune_A,P2AE_DMT,Travaux HTA,Point Double DMT-CC,a4425df9,U,1.0,0.0,1.0,0.0,0.0833,1.0,0.0,En Cours,22.50225023,36.36595052,30.29364979,0
HC-439,90baf2d5,DON_Bas_01,Localite_035,DONGA,Commune_A,P2AE_EP,Travaux BT,EP,fbeef696,U,54.0,0.0,54.0,0.0,0.1556,54.0,0.0,En Cours,22.50225023,36.36595052,30.29364979,0
HC-442,806d0e68,DON_Bas_01,Localite_035,DONGA,Commune_A,P2AE_Fouille_BT,Travaux BT,Fouille réseau basse tension,e221b25e,U,139.0,77.0,62.0,0.5539568345323741,0.0467,139.0,0.0258697841726618,En Cours,22.50225023,36.36595052,30.29364979,0
HC-441,50o58371,DON_Bas_01,Localite_035,DONGA,Commune_A,P2AE_Fouille_HTA,Travaux HTA,Fouille réseau haute tension,f03cfc0b,U,3.0,0.0,3.0,0.0,0.0333,3.0,0.0,En Cours,22.50225023,36.36595052,30.29364979,0
HC-437,20bf0aa4,DON_Bas_01,Localite_035,DONGA,Commune_A,P2AE_IACM,Travaux HTA,IACM,21f4f4d7,U,1.0,0.0,1.0,0.0,0.0833,1.0,0.0,En Cours,22.50225023,36.36595052,30.29364979,0
HC-426,0c634d1c,DON_Bas_01,Localite_035,DONGA,Commune_A,P2AE_PBA_BT,Travaux BT,PBA 9A200,2ec17c4d,U,68.0,59.0,9.0,0.8676470588235294,0.42,138.0,0.1795652173913043,En Cours,22.50225023,36.36595052,30.29364979,0
HC-427,7c1e0d12,DON_Bas_01,Localite_035,DONGA,Commune_A,P2AE_PBA_BT,Travaux BT,PBA 9A650,215ac167,U,57.0,52.0,5.0,0.912280701754386,0.42,138.0,0.1582608695652173,En Cours,22.50225023,36.36595052,30.29364979,0
HC-428,63bbedc6,DON_Bas_01,Localite_035,DONGA,Commune_A,P2AE_PBA_BT,Travaux BT,PBA 9C650,9c6af0a4,U,13.0,0.0,13.0,0.0,0.42,138.0,0.0,En Cours,22.50225023,36.36595052,30.29364979,0
HC-429,d25e0540,DON_Bas_01,Localite_035,DONGA,Commune_A,P2AE_PBA_HTA,Travaux HTA,PBA 11A1250,058e9b6a,U,1.0,1.0,0.0,1.0,0.3,4.0,0.075,En Cours,22.50225023,36.36595052,30.29364979,0
HC-430,bf7ce2fa,DON_Bas_01,Localite_035,DONGA,Commune_A,P2AE_PBA_HTA,Travaux HTA,PBA 12A800,46cfa5f8,U,1.0,1.0,0.0,1.0,0.3,4.0,0.075,En Cours,22.50225023,36.36595052,30.29364979,0
HC-431,c5134404,DON_Bas_01,Localite_035,DONGA,Commune_A,P2AE_PBA_HTA,Travaux HTA,PBA 13C800,d6344558,U,1.0,0.0,1.0,0.0,0.3,4.0,0.0,En Cours,22.50225023,36.36595052,30.29364979,0
HC-983,P2AE-OBJ-1789af48,DON_Bas_01,Localite_035,DONGA,Commune_A,P2AE_PBA_HTA,Travaux HTA,PBA 11C650,26e8ec03,U,1.0,1.0,0.0,1.0,0.3,4.0,0.075,En Cours,22.50225023,36.36595052,30.29364979,0
HC-438,1cf29a2f,DON_Bas_01,Localite_035,DONGA,Commune_A,P2AE_TFO,Travaux HTA,Transformateur 160 kVA,8ae558c8,U,1.0,0.0,1.0,0.0,0.1667,1.0,0.0,En Cours,22.50225023,36.36595052,30.29364979,0
HC-440,202faf99,DON_Bas_01,Localite_035,DONGA,Commune_A,P2AE_Terre,Travaux BT,Mise à la terre,002f1a3d,U,46.0,0.0,46.0,0.0,0.0667,46.0,0.0,En Cours,22.50225023,36.36595052,30.29364979,0
HC-642,141eb7b8,DON_Oua_04,Localite_043,DONGA,Commune_G,P2AE_Cable_BT,Travaux BT,PRC 50mm²,8e6b4946,m,5190.0,0.0,5190.0,0.0,0.3111,8292.0,0.0,En Cours,5.714857200005714,25.107914531035625,16.613755420044523,0
HC-643,c392ef9d,DON_Oua_04,Localite_043,DONGA,Commune_G,P2AE_Cable_BT,Travaux BT,PRC 70mm²,59dc5a38,m,3102.0,0.0,3102.0,0.0,0.3111,8292.0,0.0,En Cours,5.714857200005714,25.107914531035625,16.613755420044523,0
HC-641,720de8a5,DON_Oua_04,Localite_043,DONGA,Commune_G,P2AE_Cable_HTA,Travaux HTA,ASTER 54mm²,e9e0a228,m,190.0,0.0,190.0,0.0,0.3333,190.0,0.0,En Cours,5.714857200005714,25.107914531035625,16.613755420044523,0
HC-644,93e644c3,DON_Oua_04,Localite_043,DONGA,Commune_G,P2AE_DMT,Travaux HTA,Point Double DMT-CC,a4425df9,U,2.0,0.0,2.0,0.0,0.0833,2.0,0.0,En Cours,5.714857200005714,25.107914531035625,16.613755420044523,0
HC-647,7acb97c0,DON_Oua_04,Localite_043,DONGA,Commune_G,P2AE_EP,Travaux BT,EP,fbeef696,U,80.0,0.0,80.0,0.0,0.1556,80.0,0.0,En Cours,5.714857200005714,25.107914531035625,16.613755420044523,0
HC-650,387eab7e,DON_Oua_04,Localite_043,DONGA,Commune_G,P2AE_Fouille_BT,Travaux BT,Fouille réseau basse tension,e221b25e,U,199.0,46.0,153.0,0.2311557788944723,0.0467,199.0,0.0107949748743718,En Cours,5.714857200005714,25.107914531035625,16.613755420044523,0
HC-649,cafc02a9,DON_Oua_04,Localite_043,DONGA,Commune_G,P2AE_Fouille_HTA,Travaux HTA,Fouille réseau haute tension,f03cfc0b,U,19.0,0.0,19.0,0.0,0.0333,19.0,0.0,En Cours,5.714857200005714,25.107914531035625,16.613755420044523,0
HC-645,fee60c9d,DON_Oua_04,Localite_043,DONGA,Commune_G,P2AE_IACM,Travaux HTA,IACM,21f4f4d7,U,2.0,0.0,2.0,0.0,0.0833,2.0,0.0,En Cours,5.714857200005714,25.107914531035625,16.613755420044523,0
HC-633,0838afd1,DON_Oua_04,Localite_043,DONGA,Commune_G,P2AE_PBA_BT,Travaux BT,PBA 11C650,29ef61f5,U,1.0,0.0,1.0,0.0,0.42,194.0,0.0,En Cours,5.714857200005714,25.107914531035625,16.613755420044523,0
HC-634,ab43aceb,DON_Oua_04,Localite_043,DONGA,Commune_G,P2AE_PBA_BT,Travaux BT,PBA 9A200,2ec17c4d,U,79.0,53.0,26.0,0.6708860759493671,0.42,194.0,0.1147422680412371,En Cours,5.714857200005714,25.107914531035625,16.613755420044523,0
HC-635,b97ddc08,DON_Oua_04,Localite_043,DONGA,Commune_G,P2AE_PBA_BT,Travaux BT,PBA 9A650,215ac167,U,93.0,58.0,35.0,0.6236559139784946,0.42,194.0,0.1255670103092783,En Cours,5.714857200005714,25.107914531035625,16.613755420044523,0
HC-636,9e6ff264,DON_Oua_04,Localite_043,DONGA,Commune_G,P2AE_PBA_BT,Travaux BT,PBA 9C650,9c6af0a4,U,20.0,0.0,20.0,0.0,0.42,194.0,0.0,En Cours,5.714857200005714,25.107914531035625,16.613755420044523,0
HC-637,43273c31,DON_Oua_04,Localite_043,DONGA,Commune_G,P2AE_PBA_BT,Travaux BT,PBA 9C800,526229bb,U,1.0,0.0,1.0,0.0,0.42,194.0,0.0,En Cours,5.714857200005714,25.107914531035625,16.613755420044523,0
HC-638,5296c6436,DON_Oua_04,Localite_043,DONGA,Commune_G,P2AE_PBA_HTA,Travaux HTA,PBA 11A1250,058e9b6a,U,2.0,0.0,2.0,0.0,0.3,21.0,0.0,En Cours,5.714857200005714,25.107914531035625,16.613755420044523,0
HC-639,ca80c5a3,DON_Oua_04,Localite_043,DONGA,Commune_G,P2AE_PBA_HTA,Travaux HTA,PBA 12A800,46cfa5f8,U,10.0,2.0,8.0,0.2,0.3,21.0,0.0285714285714285,En Cours,5.714857200005714,25.107914531035625,16.613755420044523,0
HC-640,d59c6756,DON_Oua_04,Localite_043,DONGA,Commune_G,P2AE_PBA_HTA,Travaux HTA,PBA 13C800,d6344558,U,7.0,0.0,7.0,0.0,0.3,21.0,0.0,En Cours,5.714857200005714,25.107914531035625,16.613755420044523,0
HC-995,P2AE-OBJ-4ad58dee,DON_Oua_04,Localite_043,DONGA,Commune_G,P2AE_PBA_HTA,Travaux HTA,PBA 11C650,26e8ec03,U,2.0,2.0,0.0,1.0,0.3,21.0,0.0285714285714285,En Cours,5.714857200005714,25.107914531035625,16.613755420044523,0
HC-646,44418f90,DON_Oua_04,Localite_043,DONGA,Commune_G,P2AE_TFO,Travaux HTA,Transformateur 160 kVA,8ae558c8,U,2.0,0.0,2.0,0.0,0.1667,2.0,0.0,En Cours,5.714857200005714,25.107914531035625,16.613755420044523,0
HC-648,e905f8ad,DON_Oua_04,Localite_043,DONGA,Commune_G,P2AE_Terre,Travaux BT,Mise à la terre,002f1a3d,U,55.0,0.0,55.0,0.0,0.0667,55.0,0.0,En Cours,5.714857200005714,25.107914531035625,16.613755420044523,0
HC-490,a7e55e21,DON_Bas_04,Localite_044,DONGA,Commune_A,P2AE_Cable_BT,Travaux BT,PRC 50mm²,8e6b4946,m,530.0,0.0,530.0,0.0,0.3111,1813.0,0.0,En Cours,0.0,37.66409073378377,21.167218992386484,0
HC-491,b54c832a,DON_Bas_04,Localite_044,DONGA,Commune_A,P2AE_Cable_BT,Travaux BT,PRC 70mm²,59dc5a38,m,1283.0,0.0,1283.0,0.0,0.3111,1813.0,0.0,En Cours,0.0,37.66409073378377,21.167218992386484,0
HC-488,cc48f485,DON_Bas_04,Localite_044,DONGA,Commune_A,P2AE_Cable_HTA,Travaux HTA,ASTER 54mm²,e9e0a228,m,153.0,0.0,153.0,0.0,0.3333,153.0,0.0,En Cours,0.0,37.66409073378377,21.167218992386484,0
HC-489,3c1fd3c4,DON_Bas_04,Localite_044,DONGA,Commune_A,P2AE_Cable_HTA,Travaux HTA,ASTER 75mm²,630f858d,m,0.0,0.0,0.0,0.0,0.3333,153.0,0.0,En Cours,0.0,37.66409073378377,21.167218992386484,0
HC-492,a3619a4a,DON_Bas_04,Localite_044,DONGA,Commune_A,P2AE_DMT,Travaux HTA,Point Double DMT-CC,a4425df9,U,1.0,0.0,1.0,0.0,0.0833,1.0,0.0,En Cours,0.0,37.66409073378377,21.167218992386484,0
HC-495,22f017ce,DON_Bas_04,Localite_044,DONGA,Commune_A,P2AE_EP,Travaux BT,EP,fbeef696,U,23.0,0.0,23.0,0.0,0.1556,23.0,0.0,En Cours,0.0,37.66409073378377,21.167218992386484,0
HC-498,be38ee6f,DON_Bas_04,Localite_044,DONGA,Commune_A,P2AE_Fouille_BT,Travaux BT,Fouille réseau basse tension,e221b25e,U,14.0,5.0,9.0,0.3571428571428571,0.0467,14.0,0.0166785714285714,En Cours,0.0,37.66409073378377,21.167218992386484,0
HC-497,0988b3d0,DON_Bas_04,Localite_044,DONGA,Commune_A,P2AE_Fouille_HTA,Travaux HTA,Fouille réseau haute tension,f03cfc0b,U,28.0,0.0,28.0,0.0,0.0333,28.0,0.0,En Cours,0.0,37.66409073378377,21.167218992386484,0
HC-493,92e546da,DON_Bas_04,Localite_044,DONGA,Commune_A,P2AE_IACM,Travaux HTA,IACM,21f4f4d7,U,1.0,0.0,1.0,0.0,0.0833,1.0,0.0,En Cours,0.0,37.66409073378377,21.167218992386484,0
HC-481,e8fb0238,DON_Bas_04,Localite_044,DONGA,Commune_A,P2AE_PBA_BT,Travaux BT,PBA 11C650,26e8ec03,U,1.0,0.0,1.0,0.0,0.42,14.0,0.0,En Cours,0.0,37.66409073378377,21.167218992386484,0
HC-482,a2e65035,DON_Bas_04,Localite_044,DONGA,Commune_A,P2AE_PBA_BT,Travaux BT,PBA 9A200,2ec17c4d,U,6.0,5.0,1.0,0.8333333333333334,0.42,14.0,0.15,En Cours,0.0,37.66409073378377,21.167218992386484,0
HC-483,55f911d6,DON_Bas_04,Localite_044,DONGA,Commune_A,P2AE_PBA_BT,Travaux BT,PBA 9A650,215ac167,U,7.0,7.0,0.0,1.0,0.42,14.0,0.21,En Cours,0.0,37.66409073378377,21.167218992386484,0
HC-484,996687d9,DON_Bas_04,Localite_044,DONGA,Commune_A,P2AE_PBA_HTA,Travaux HTA,PBA 11A1250,058e9b6a,U,1.0,0.0,1.0,0.0,0.3,28.0,0.0,En Cours,0.0,37.66409073378377,21.167218992386484,0
HC-485,68da7722,DON_Bas_04,Localite_044,DONGA,Commune_A,P2AE_PBA_HTA,Travaux HTA,PBA 12A1250,e290ece0,U,2.0,0.0,2.0,0.0,0.3,28.0,0.0,En Cours,0.0,37.66409073378377,21.167218992386484,0
HC-486,fe6e1d27,DON_Bas_04,Localite_044,DONGA,Commune_A,P2AE_PBA_HTA,Travaux HTA,PBA 12A800,46cfa5f8,U,24.0,0.0,24.0,0.0,0.3,28.0,0.0,En Cours,0.0,37.66409073378377,21.167218992386484,0
HC-487,9f67c050,DON_Bas_04,Localite_044,DONGA,Commune_A,P2AE_PBA_HTA,Travaux HTA,PBA 13C800,d6344558,U,1.0,0.0,1.0,0.0,0.3,28.0,0.0,En Cours,0.0,37.66409073378377,21.167218992386484,0
HC-494,529a80cd,DON_Bas_04,Localite_044,DONGA,Commune_A,P2AE_TFO,Travaux HTA,Transformateur 160 kVA,8ae558c8,U,0.0,0.0,0.0,0.0,0.1667,0.0,0.0,En Cours,0.0,37.66409073378377,21.167218992386484,0
HC-496,a89b75b5,DON_Bas_04,Localite_044,DONGA,Commune_A,P2AE_Terre,Travaux BT,Mise à la terre,002f1a3d,U,16.0,0.0,16.0,0.0,0.0667,16.0,0.0,En Cours,0.0,37.66409073378377,21.167218992386484,0
HC-660,967d0529,DON_Oua_05,Localite_048,DONGA,Commune_G,P2AE_Cable_BT,Travaux BT,PRC 50mm²,8e6b4946,m,5155.0,0.0,5155.0,0.0,0.3111,9010.0,0.0,Non Démarré,0.0,0.0,0.0,0
HC-661,f69fd041,DON_Oua_05,Localite_048,DONGA,Commune_G,P2AE_Cable_BT,Travaux BT,PRC 70mm²,59dc5a38,m,3855.0,0.0,3855.0,0.0,0.3111,9010.0,0.0,Non Démarré,0.0,0.0,0.0,0
HC-659,828315f2,DON_Oua_05,Localite_048,DONGA,Commune_G,P2AE_Cable_HTA,Travaux HTA,ASTER 54mm²,e9e0a228,m,65.0,0.0,65.0,0.0,0.3333,65.0,0.0,Non Démarré,0.0,0.0,0.0,0
HC-662,7d1c4a9c,DON_Oua_05,Localite_048,DONGA,Commune_G,P2AE_DMT,Travaux HTA,Point Double DMT-CC,a4425df9,U,1.0,0.0,1.0,0.0,0.0833,1.0,0.0,Non Démarré,0.0,0.0,0.0,0
HC-665,f4254fd6,DON_Oua_05,Localite_048,DONGA,Commune_G,P2AE_EP,Travaux BT,EP,fbeef696,U,84.0,0.0,84.0,0.0,0.1556,84.0,0.0,Non Démarré,0.0,0.0,0.0,0
HC-668,f07c5d8d,DON_Oua_05,Localite_048,DONGA,Commune_G,P2AE_Fouille_BT,Travaux BT,Fouille réseau basse tension,e221b25e,U,167.0,0.0,167.0,0.0,0.0467,167.0,0.0,Non Démarré,0.0,0.0,0.0,0
HC-667,06205ca3,DON_Oua_05,Localite_048,DONGA,Commune_G,P2AE_Fouille_HTA,Travaux HTA,Fouille réseau haute tension,f03cfc0b,U,16.0,0.0,16.0,0.0,0.0333,16.0,0.0,Non Démarré,0.0,0.0,0.0,0
HC-663,36716f06,DON_Oua_05,Localite_048,DONGA,Commune_G,P2AE_IACM,Travaux HTA,IACM,21f4f4d7,U,1.0,0.0,1.0,0.0,0.0833,1.0,0.0,Non Démarré,0.0,0.0,0.0,0
HC-651,7c451706,DON_Oua_05,Localite_048,DONGA,Commune_G,P2AE_PBA_BT,Travaux BT,PBA 11C650,26e8ec03,U,3.0,0.0,3.0,0.0,0.42,149.0,0.0,Non Démarré,0.0,0.0,0.0,0
HC-652,62b15656,DON_Oua_05,Localite_048,DONGA,Commune_G,P2AE_PBA_BT,Travaux BT,PBA 9A200,2ec17c4d,U,92.0,0.0,92.0,0.0,0.42,149.0,0.0,Non Démarré,0.0,0.0,0.0,0
HC-653,849fb9ed,DON_Oua_05,Localite_048,DONGA,Commune_G,P2AE_PBA_BT,Travaux BT,PBA 9A650,215ac167,U,44.0,0.0,44.0,0.0,0.42,149.0,0.0,Non Démarré,0.0,0.0,0.0,0
HC-654,4cb67980,DON_Oua_05,Localite_048,DONGA,Commune_G,P2AE_PBA_BT,Travaux BT,PBA 9C650,9c6af0a4,U,9.0,0.0,9.0,0.0,0.42,149.0,0.0,Non Démarré,0.0,0.0,0.0,0
HC-655,8fbbe74d,DON_Oua_05,Localite_048,DONGA,Commune_G,P2AE_PBA_BT,Travaux BT,PBA 9C800,526229bb,U,1.0,0.0,1.0,0.0,0.42,149.0,0.0,Non Démarré,0.0,0.0,0.0,0
HC-656,70899c15,DON_Oua_05,Localite_048,DONGA,Commune_G,P2AE_PBA_HTA,Travaux HTA,PBA 11A1250,058e9b6a,U,1.0,0.0,1.0,0.0,0.3,25.0,0.0,Non Démarré,0.0,0.0,0.0,0
HC-657,180fc13d,DON_Oua_05,Localite_048,DONGA,Commune_G,P2AE_PBA_HTA,Travaux HTA,PBA 12A800,46cfa5f8,U,12.0,0.0,12.0,0.0,0.3,25.0,0.0,Non Démarré,0.0,0.0,0.0,0
HC-658,b6e21ffe,DON_Oua_05,Localite_048,DONGA,Commune_G,P2AE_PBA_HTA,Travaux HTA,PBA 13C800,d6344558,U,3.0,0.0,3.0,0.0,0.3,25.0,0.0,Non Démarré,0.0,0.0,0.0,0
HC-991,P2AE-OBJ-356514d7,DON_Oua_05,Localite_048,DONGA,Commune_G,P2AE_PBA_HTA,Travaux HTA,PBA 13A400,cd39f595,U,9.0,0.0,9.0,0.0,0.3,25.0,0.0,Non Démarré,0.0,0.0,0.0,0
HC-664,248bee2c,DON_Oua_05,Localite_048,DONGA,Commune_G,P2AE_TFO,Travaux HTA,Transformateur 160 kVA,8ae558c8,U,1.0,0.0,1.0,0.0,0.1667,1.0,0.0,Non Démarré,0.0,0.0,0.0,0
HC-666,545c9836,DON_Oua_05,Localite_048,DONGA,Commune_G,P2AE_Terre,Travaux BT,Mise à la terre,002f1a3d,U,34.0,0.0,34.0,0.0,0.0667,34.0,0.0,Non Démarré,0.0,0.0,0.0,0
HC-538,f9200cae,DON_Djo_03,Localite_049,DONGA,Commune_B,P2AE_Cable_BT,Travaux BT,PRC 50mm²,8e6b4946,m,9554.0,0.0,9554.0,0.0,0.3111,11138.0,0.0,En Cours,0.0,42.52915617529156,23.90138577051386,0
HC-539,bf4c0fe0,DON_Djo_03,Localite_049,DONGA,Commune_B,P2AE_Cable_BT,Travaux BT,PRC 70mm²,59dc5a38,m,1584.0,0.0,1584.0,0.0,0.3111,11138.0,0.0,En Cours,0.0,42.52915617529156,23.90138577051386,0
HC-537,4261s1477,DON_Djo_03,Localite_049,DONGA,Commune_B,P2AE_Cable_HTA,Travaux HTA,ASTER 54mm²,e9e0a228,m,280.0,0.0,280.0,0.0,0.3333,280.0,0.0,En Cours,0.0,42.52915617529156,23.90138577051386,0
HC-540,b81966d3,DON_Djo_03,Localite_049,DONGA,Commune_B,P2AE_DMT,Travaux HTA,Point Double DMT-CC,a4425df9,U,3.0,0.0,3.0,0.0,0.0833,3.0,0.0,En Cours,0.0,42.52915617529156,23.90138577051386,0
HC-543,fc76f96e,DON_Djo_03,Localite_049,DONGA,Commune_B,P2AE_EP,Travaux BT,EP,fbeef696,U,83.0,0.0,83.0,0.0,0.1556,83.0,0.0,En Cours,0.0,42.52915617529156,23.90138577051386,0
HC-546,2f2c284a,DON_Djo_03,Localite_049,DONGA,Commune_B,P2AE_Fouille_BT,Travaux BT,Fouille réseau basse tension,e221b25e,U,176.0,164.0,12.0,0.9318181818181818,0.0467,176.0,0.043515909090909,En Cours,0.0,42.52915617529156,23.90138577051386,0
HC-545,cd825439,DON_Djo_03,Localite_049,DONGA,Commune_B,P2AE_Fouille_HTA,Travaux HTA,Fouille réseau haute tension,f03cfc0b,U,56.0,0.0,56.0,0.0,0.0333,56.0,0.0,En Cours,0.0,42.52915617529156,23.90138577051386,0
HC-541,db045fcb,DON_Djo_03,Localite_049,DONGA,Commune_B,P2AE_IACM,Travaux HTA,IACM,21f4f4d7,U,3.0,0.0,3.0,0.0,0.0833,3.0,0.0,En Cours,0.0,42.52915617529156,23.90138577051386,0
HC-530,be074da4,DON_Djo_03,Localite_049,DONGA,Commune_B,P2AE_PBA_BT,Travaux BT,PBA 11C650,26e8ec03,U,5.0,0.0,5.0,0.0,0.42,176.0,0.0,En Cours,0.0,42.52915617529156,23.90138577051386,0
HC-531,59e6746d,DON_Djo_03,Localite_049,DONGA,Commune_B,P2AE_PBA_BT,Travaux BT,PBA 9A200,2ec17c4d,U,106.0,97.0,9.0,0.9150943396226416,0.42,176.0,0.2314772727272727,En Cours,0.0,42.52915617529156,23.90138577051386,0
HC-532,253e392c,DON_Djo_03,Localite_049,DONGA,Commune_B,P2AE_PBA_BT,Travaux BT,PBA 9A650,215ac167,U,52.0,52.0,0.0,1.0,0.42,176.0,0.1240909090909091,En Cours,0.0,42.52915617529156,23.90138577051386,0
HC-533,edaf5851,DON_Djo_03,Localite_049,DONGA,Commune_B,P2AE_PBA_BT,Travaux BT,PBA 9C650,9c6af0a4,U,13.0,11.0,2.0,0.8461538461538461,0.42,176.0,0.02625,En Cours,0.0,42.52915617529156,23.90138577051386,0
HC-534,a1c7078f,DON_Djo_03,Localite_049,DONGA,Commune_B,P2AE_PBA_HTA,Travaux HTA,PBA 11A1250,058e9b6a,U,3.0,0.0,3.0,0.0,0.3,59.0,0.0,En Cours,0.0,42.52915617529156,23.90138577051386,0
HC-535,ad497183,DON_Djo_03,Localite_049,DONGA,Commune_B,P2AE_PBA_HTA,Travaux HTA,PBA 12A800,46cfa5f8,U,44.0,0.0,44.0,0.0,0.3,59.0,0.0,En Cours,0.0,42.52915617529156,23.90138577051386,0
HC-536,91ec65f8,DON_Djo_03,Localite_049,DONGA,Commune_B,P2AE_PBA_HTA,Travaux HTA,PBA 13C800,d6344558,U,9.0,0.0,9.0,0.0,0.3,59.0,0.0,En Cours,0.0,42.52915617529156,23.90138577051386,0
HC-987,P2AE-OBJ-1035b0cb,DON_Djo_03,Localite_049,DONGA,Commune_B,P2AE_PBA_HTA,Travaux HTA,PBA 11C650,26e8ec03,U,3.0,0.0,3.0,0.0,0.3,59.0,0.0,En Cours,0.0,42.52915617529156,23.90138577051386,0
HC-542,f2160114,DON_Djo_03,Localite_049,DONGA,Commune_B,P2AE_TFO,Travaux HTA,Transformateur 160 kVA,8ae558c8,U,2.0,0.0,2.0,0.0,0.1667,2.0,0.0,En Cours,0.0,42.52915617529156,23.90138577051386,0
HC-544,f2e190fa,DON_Djo_03,Localite_049,DONGA,Commune_B,P2AE_Terre,Travaux BT,Mise à la terre,002f1a3d,U,77.0,0.0,77.0,0.0,0.0667,77.0,0.0,En Cours,0.0,42.52915617529156,23.90138577051386,0
